Request cancelled,HANG SENG - PRICE INDEX
1980/1/2,889.13
1980/1/3,862.06
1980/1/4,848.84
1980/1/7,816.18
1980/1/8,848.32
1980/1/9,850.75
1980/1/10,853.21
1980/1/11,846.47
1980/1/14,842.51
1980/1/15,833.86
1980/1/16,842.49
1980/1/17,860.94
1980/1/18,854.87
1980/1/21,873.82
1980/1/22,884.91
1980/1/23,878.56
1980/1/24,901.27
1980/1/25,920.01
1980/1/28,926.08
1980/1/29,936.83
1980/1/30,913.59
1980/1/31,907.5
1980/2/1,893.77
1980/2/4,920.61
1980/2/5,927.4
1980/2/6,914.95
1980/2/7,911.35
1980/2/8,907.78
1980/2/11,909.67
1980/2/12,934.03
1980/2/13,937.24
1980/2/14,961.21
1980/2/15,963.17
1980/2/18,963.17
1980/2/19,963.17
1980/2/20,949.89
1980/2/21,943.44
1980/2/22,929.55
1980/2/25,902.2
1980/2/26,894.99
1980/2/27,876.15
1980/2/28,918.74
1980/2/29,914.91
1980/3/3,891.62
1980/3/4,878.97
1980/3/5,857.51
1980/3/6,865.28
1980/3/7,833.69
1980/3/10,816.6
1980/3/11,832.86
1980/3/12,835.63
1980/3/13,800.96
1980/3/14,767.43
1980/3/17,783.3
1980/3/18,747.76
1980/3/19,738.92
1980/3/20,766.49
1980/3/21,764.68
1980/3/24,765.33
1980/3/25,758.13
1980/3/26,762.96
1980/3/27,766.23
1980/3/28,783.22
1980/3/31,783.22
1980/4/1,784.95
1980/4/2,791.93
1980/4/3,786.98
1980/4/4,786.98
1980/4/7,786.98
1980/4/8,773.82
1980/4/9,775.19
1980/4/10,785.04
1980/4/11,800.2
1980/4/14,806.81
1980/4/15,791.7
1980/4/16,798.27
1980/4/17,814.71
1980/4/18,822.86
1980/4/21,822.86
1980/4/22,840.12
1980/4/23,844.88
1980/4/24,866.37
1980/4/25,854.19
1980/4/28,863.15
1980/4/29,875.85
1980/4/30,867.9
1980/5/1,863.88
1980/5/2,854.22
1980/5/5,858.4
1980/5/6,867.81
1980/5/7,861.56
1980/5/8,878.88
1980/5/9,883.85
1980/5/12,889.62
1980/5/13,902.48
1980/5/14,900.78
1980/5/15,910.84
1980/5/16,900.29
1980/5/19,897.8
1980/5/20,890.42
1980/5/21,890.98
1980/5/22,900.77
1980/5/23,897.07
1980/5/26,898.38
1980/5/27,876.54
1980/5/28,884.96
1980/5/29,883.43
1980/5/30,894.32
1980/6/2,901.67
1980/6/3,899.39
1980/6/4,906.07
1980/6/5,925.49
1980/6/6,931.76
1980/6/9,950.05
1980/6/10,955.94
1980/6/11,951.99
1980/6/12,971.3
1980/6/13,969.16
1980/6/16,981.12
1980/6/17,981.12
1980/6/18,983.24
1980/6/19,967.94
1980/6/20,987.96
1980/6/23,1012.01
1980/6/24,1014.2
1980/6/25,1007.51
1980/6/26,1026.69
1980/6/27,1041.43
1980/6/30,1066.84
1980/7/1,1066.84
1980/7/2,1037.71
1980/7/3,1067.22
1980/7/4,1057.19
1980/7/7,1085.75
1980/7/8,1071.84
1980/7/9,1081.44
1980/7/10,1083.79
1980/7/11,1101.14
1980/7/14,1104.56
1980/7/15,1097.04
1980/7/16,1059.89
1980/7/17,1077.74
1980/7/18,1090.84
1980/7/21,1106.37
1980/7/22,1106.37
1980/7/23,1128.07
1980/7/24,1130.37
1980/7/25,1147.1
1980/7/28,1156.62
1980/7/29,1158.12
1980/7/30,1168.74
1980/7/31,1166.55
1980/8/1,1144.27
1980/8/4,1144.2
1980/8/5,1120.38
1980/8/6,1142.92
1980/8/7,1140.26
1980/8/8,1129.49
1980/8/11,1135.76
1980/8/12,1136.41
1980/8/13,1162.8
1980/8/14,1172.84
1980/8/15,1177.37
1980/8/18,1180.96
1980/8/19,1168.16
1980/8/20,1168.42
1980/8/21,1195.04
1980/8/22,1213.32
1980/8/25,1213.32
1980/8/26,1226.03
1980/8/27,1218.53
1980/8/28,1201.16
1980/8/29,1221.12
1980/9/1,1239.85
1980/9/2,1224.56
1980/9/3,1237.15
1980/9/4,1216.62
1980/9/5,1212.71
1980/9/8,1174.5
1980/9/9,1169.72
1980/9/10,1211.13
1980/9/11,1212.37
1980/9/12,1220.35
1980/9/15,1230.73
1980/9/16,1222.93
1980/9/17,1244.83
1980/9/18,1253.76
1980/9/19,1282.88
1980/9/22,1313.78
1980/9/23,1308.12
1980/9/24,1308.12
1980/9/25,1283.76
1980/9/26,1261.76
1980/9/29,1227.22
1980/9/30,1213.68
1980/10/1,1240.6
1980/10/2,1243.87
1980/10/3,1256.16
1980/10/6,1296.15
1980/10/7,1318.47
1980/10/8,1318.46
1980/10/9,1340.46
1980/10/10,1357.18
1980/10/13,1368.82
1980/10/14,1364.83
1980/10/15,1404
1980/10/16,1430.04
1980/10/17,1430.04
1980/10/20,1439.35
1980/10/21,1394.43
1980/10/22,1451.82
1980/10/23,1434.52
1980/10/24,1462.11
1980/10/27,1479.36
1980/10/28,1471.93
1980/10/29,1451.38
1980/10/30,1436.5
1980/10/31,1498.86
1980/11/3,1557.49
1980/11/4,1556.44
1980/11/5,1587.09
1980/11/6,1582.85
1980/11/7,1545.77
1980/11/10,1542.53
1980/11/11,1586.39
1980/11/12,1628.13
1980/11/13,1654.57
1980/11/14,1639.25
1980/11/17,1611.98
1980/11/18,1587.83
1980/11/19,1614.61
1980/11/20,1576.28
1980/11/21,1569.18
1980/11/24,1481.51
1980/11/25,1494.41
1980/11/26,1523.69
1980/11/27,1466.09
1980/11/28,1445.51
1980/12/1,1441.82
1980/12/2,1361.39
1980/12/3,1308.01
1980/12/4,1373.76
1980/12/5,1382.51
1980/12/8,1398.51
1980/12/9,1386.08
1980/12/10,1340.28
1980/12/11,1262.2
1980/12/12,1222.16
1980/12/15,1307.38
1980/12/16,1265.3
1980/12/17,1253.66
1980/12/18,1250.76
1980/12/19,1291.93
1980/12/22,1359.37
1980/12/23,1446.18
1980/12/24,1462.72
1980/12/25,1462.72
1980/12/26,1462.72
1980/12/29,1445.08
1980/12/30,1486.74
1980/12/31,1473.59
1981/1/1,1473.59
1981/1/2,1524.86
1981/1/5,1599.91
1981/1/6,1604.68
1981/1/7,1610.56
1981/1/8,1570.04
1981/1/9,1605.63
1981/1/12,1630.72
1981/1/13,1596.27
1981/1/14,1589.83
1981/1/15,1612.08
1981/1/16,1619.47
1981/1/19,1591.14
1981/1/20,1591.66
1981/1/21,1546.06
1981/1/22,1532.27
1981/1/23,1531.42
1981/1/26,1540.85
1981/1/27,1580.19
1981/1/28,1593.4
1981/1/29,1584.43
1981/1/30,1588.08
1981/2/2,1608.7
1981/2/3,1641
1981/2/4,1650.62
1981/2/5,1650.62
1981/2/6,1650.62
1981/2/9,1635.14
1981/2/10,1622.15
1981/2/11,1604.05
1981/2/12,1575.95
1981/2/13,1573.67
1981/2/16,1537.46
1981/2/17,1526.51
1981/2/18,1550.29
1981/2/19,1547.42
1981/2/20,1502.08
1981/2/23,1492.21
1981/2/24,1519.24
1981/2/25,1532.2
1981/2/26,1500.19
1981/2/27,1487.88
1981/3/2,1451.04
1981/3/3,1420.03
1981/3/4,1459.85
1981/3/5,1392.43
1981/3/6,1390.68
1981/3/9,1347.35
1981/3/10,1371.42
1981/3/11,1295.44
1981/3/12,1347.48
1981/3/13,1323.26
1981/3/16,1344.37
1981/3/17,1375.32
1981/3/18,1390.85
1981/3/19,1439.76
1981/3/20,1426.87
1981/3/23,1467.88
1981/3/24,1446.71
1981/3/25,1468.3
1981/3/26,1450.51
1981/3/27,1441.66
1981/3/30,1377.79
1981/3/31,1369.65
1981/4/1,1387.76
1981/4/2,1408.85
1981/4/3,1409.06
1981/4/6,1409.06
1981/4/7,1380.08
1981/4/8,1347.11
1981/4/9,1325.05
1981/4/10,1356.06
1981/4/13,1350.85
1981/4/14,1332.81
1981/4/15,1338.89
1981/4/16,1360.84
1981/4/17,1360.8
1981/4/20,1360.8
1981/4/21,1352.94
1981/4/22,1344.94
1981/4/23,1374.86
1981/4/24,1428.31
1981/4/27,1428.31
1981/4/28,1442.08
1981/4/29,1441.42
1981/4/30,1424.26
1981/5/1,1439.23
1981/5/4,1428.56
1981/5/5,1413.47
1981/5/6,1420.34
1981/5/7,1413.49
1981/5/8,1431.11
1981/5/11,1450.91
1981/5/12,1460.49
1981/5/13,1482.62
1981/5/14,1532.05
1981/5/15,1548.21
1981/5/18,1562.23
1981/5/19,1554.37
1981/5/20,1585.1
1981/5/21,1606.63
1981/5/22,1596.62
1981/5/25,1588.9
1981/5/26,1633.35
1981/5/27,1636.27
1981/5/28,1624.34
1981/5/29,1667.34
1981/6/1,1718.01
1981/6/2,1731.11
1981/6/3,1711.87
1981/6/4,1681.17
1981/6/5,1715.81
1981/6/8,1697.5
1981/6/9,1718.07
1981/6/10,1734.25
1981/6/11,1754.53
1981/6/12,1780.55
1981/6/15,1752.35
1981/6/16,1761.15
1981/6/17,1728.57
1981/6/18,1743.11
1981/6/19,1705.48
1981/6/22,1677.36
1981/6/23,1706.95
1981/6/24,1708.9
1981/6/25,1683.09
1981/6/26,1707.57
1981/6/29,1739.94
1981/6/30,1734.36
1981/7/1,1734.36
1981/7/2,1727.78
1981/7/3,1745.72
1981/7/6,1745.72
1981/7/7,1745.72
1981/7/8,1741.04
1981/7/9,1747.2
1981/7/10,1777.13
1981/7/13,1781.07
1981/7/14,1779.37
1981/7/15,1780.69
1981/7/16,1781.62
1981/7/17,1810.2
1981/7/20,1777.92
1981/7/21,1732.38
1981/7/22,1732.94
1981/7/23,1698.73
1981/7/24,1688.56
1981/7/27,1664.81
1981/7/28,1660.52
1981/7/29,1660.52
1981/7/30,1699.39
1981/7/31,1719.84
1981/8/3,1719.84
1981/8/4,1681.65
1981/8/5,1689.67
1981/8/6,1722.46
1981/8/7,1718.15
1981/8/10,1683.82
1981/8/11,1644.94
1981/8/12,1668.15
1981/8/13,1679.32
1981/8/14,1694.75
1981/8/17,1689.27
1981/8/18,1706.54
1981/8/19,1728.71
1981/8/20,1705.73
1981/8/21,1715.84
1981/8/24,1717.27
1981/8/25,1705.16
1981/8/26,1689.78
1981/8/27,1674.47
1981/8/28,1672.84
1981/8/31,1672.84
1981/9/1,1647.65
1981/9/2,1611.57
1981/9/3,1587.63
1981/9/4,1597.54
1981/9/7,1564.12
1981/9/8,1518.9
1981/9/9,1519.49
1981/9/10,1515.88
1981/9/11,1533.85
1981/9/14,1533.8
1981/9/15,1554.92
1981/9/16,1563.09
1981/9/17,1502.79
1981/9/18,1493.15
1981/9/21,1431.68
1981/9/22,1404.71
1981/9/23,1331.01
1981/9/24,1322.69
1981/9/25,1351.01
1981/9/28,1245.26
1981/9/29,1218.2
1981/9/30,1280.13
1981/10/1,1259.16
1981/10/2,1233.26
1981/10/5,1113.77
1981/10/6,1113.77
1981/10/7,1179.83
1981/10/8,1266.52
1981/10/9,1302.42
1981/10/12,1335.21
1981/10/13,1312.97
1981/10/14,1289.24
1981/10/15,1265.72
1981/10/16,1249.47
1981/10/19,1230.87
1981/10/20,1227.72
1981/10/21,1252.81
1981/10/22,1236.12
1981/10/23,1227.24
1981/10/26,1223.06
1981/10/27,1231.54
1981/10/28,1270.28
1981/10/29,1281.71
1981/10/30,1281.71
1981/11/2,1370.9
1981/11/3,1377.51
1981/11/4,1380.16
1981/11/5,1420.05
1981/11/6,1395.92
1981/11/9,1384.29
1981/11/10,1435.47
1981/11/11,1436.44
1981/11/12,1413.43
1981/11/13,1433.82
1981/11/16,1443.06
1981/11/17,1386.31
1981/11/18,1397.8
1981/11/19,1395.39
1981/11/20,1401.75
1981/11/23,1416.18
1981/11/24,1398.08
1981/11/25,1428.68
1981/11/26,1439.95
1981/11/27,1451.07
1981/11/30,1450.22
1981/12/1,1431.1
1981/12/2,1420.19
1981/12/3,1399.82
1981/12/4,1409.92
1981/12/7,1423.82
1981/12/8,1414.71
1981/12/9,1403.86
1981/12/10,1412.99
1981/12/11,1413.19
1981/12/14,1376.39
1981/12/15,1381.18
1981/12/16,1376.15
1981/12/17,1342.98
1981/12/18,1334.75
1981/12/21,1370.13
1981/12/22,1370.13
1981/12/23,1361.48
1981/12/24,1375.59
1981/12/25,1375.59
1981/12/28,1406.11
1981/12/29,1412.78
1981/12/30,1415.31
1981/12/31,1405.82
1982/1/1,1405.82
1982/1/4,1376.65
1982/1/5,1386.78
1982/1/6,1385.72
1982/1/7,1409.4
1982/1/8,1415.79
1982/1/11,1436.57
1982/1/12,1445.32
1982/1/13,1423.57
1982/1/14,1396.82
1982/1/15,1410.46
1982/1/18,1386.04
1982/1/19,1398.57
1982/1/20,1397.08
1982/1/21,1380.46
1982/1/22,1405.23
1982/1/25,1405.23
1982/1/26,1405.23
1982/1/27,1405.23
1982/1/28,1398.3
1982/1/29,1417.42
1982/2/1,1416.02
1982/2/2,1390.15
1982/2/3,1384.15
1982/2/4,1368.38
1982/2/5,1365.7
1982/2/8,1322.39
1982/2/9,1292.47
1982/2/10,1286.4
1982/2/11,1256.57
1982/2/12,1270.04
1982/2/15,1248.35
1982/2/16,1230.62
1982/2/17,1233.46
1982/2/18,1257.94
1982/2/19,1280.92
1982/2/22,1277.01
1982/2/23,1255.33
1982/2/24,1267.12
1982/2/25,1265
1982/2/26,1271.6
1982/3/1,1237.61
1982/3/2,1231.77
1982/3/3,1196.69
1982/3/4,1140.58
1982/3/5,1158.92
1982/3/8,1125.36
1982/3/9,1129.83
1982/3/10,1152.69
1982/3/11,1179.78
1982/3/12,1196.9
1982/3/15,1161.93
1982/3/16,1185.13
1982/3/17,1191.76
1982/3/18,1188.29
1982/3/19,1207.21
1982/3/22,1223.19
1982/3/23,1221.18
1982/3/24,1223.38
1982/3/25,1210.18
1982/3/26,1188.18
1982/3/29,1174.72
1982/3/30,1167.16
1982/3/31,1165.96
1982/4/1,1174.3
1982/4/2,1196.27
1982/4/5,1196.27
1982/4/6,1200.12
1982/4/7,1187.22
1982/4/8,1206.86
1982/4/9,1206.86
1982/4/12,1206.86
1982/4/13,1210.45
1982/4/14,1203.81
1982/4/15,1201.26
1982/4/16,1182.48
1982/4/19,1180.65
1982/4/20,1193.77
1982/4/21,1235.84
1982/4/22,1220.13
1982/4/23,1235.84
1982/4/26,1279.27
1982/4/27,1306.08
1982/4/28,1299.65
1982/4/29,1303.09
1982/4/30,1323.36
1982/5/3,1320.2
1982/5/4,1319.36
1982/5/5,1316.2
1982/5/6,1351.09
1982/5/7,1368.97
1982/5/10,1377.55
1982/5/11,1381.26
1982/5/12,1387.35
1982/5/13,1383.85
1982/5/14,1367.53
1982/5/17,1361.5
1982/5/18,1334.05
1982/5/19,1360.1
1982/5/20,1358.37
1982/5/21,1359.51
1982/5/24,1353.93
1982/5/25,1383.32
1982/5/26,1413.47
1982/5/27,1395.29
1982/5/28,1392.81
1982/5/31,1407.58
1982/6/1,1404.27
1982/6/2,1377.62
1982/6/3,1371.3
1982/6/4,1361.36
1982/6/7,1337.48
1982/6/8,1346.64
1982/6/9,1327.77
1982/6/10,1306.21
1982/6/11,1336.98
1982/6/14,1321.1
1982/6/15,1306.27
1982/6/16,1311.76
1982/6/17,1319.08
1982/6/18,1305.38
1982/6/21,1266.61
1982/6/22,1274.1
1982/6/23,1274.55
1982/6/24,1279.62
1982/6/25,1268.75
1982/6/28,1268.75
1982/6/29,1269.39
1982/6/30,1278.56
1982/7/1,1278.56
1982/7/2,1274.29
1982/7/5,1266.71
1982/7/6,1268.38
1982/7/7,1271.58
1982/7/8,1252.24
1982/7/9,1251.86
1982/7/12,1293.98
1982/7/13,1294.85
1982/7/14,1299.42
1982/7/15,1313.37
1982/7/16,1300.98
1982/7/19,1295.75
1982/7/20,1300.95
1982/7/21,1307.74
1982/7/22,1299.52
1982/7/23,1283.56
1982/7/26,1271.12
1982/7/27,1254.47
1982/7/28,1233.13
1982/7/29,1185.86
1982/7/30,1182.75
1982/8/2,1182.75
1982/8/3,1147.28
1982/8/4,1146.51
1982/8/5,1142.02
1982/8/6,1169.62
1982/8/9,1089.87
1982/8/10,1074.14
1982/8/11,1066.67
1982/8/12,966.36
1982/8/13,994.34
1982/8/16,937.28
1982/8/17,978.66
1982/8/18,1041.03
1982/8/19,1035.55
1982/8/20,1034.68
1982/8/23,1067.65
1982/8/24,1034.88
1982/8/25,1012
1982/8/26,1005.92
1982/8/27,1048.63
1982/8/30,1048.63
1982/8/31,1035.33
1982/9/1,1039.03
1982/9/2,1048.03
1982/9/3,1076.26
1982/9/6,1084.82
1982/9/7,1056.29
1982/9/8,1077.94
1982/9/9,1105.44
1982/9/10,1080.58
1982/9/13,1080.37
1982/9/14,1092.69
1982/9/15,1090.26
1982/9/16,1090.1
1982/9/17,1088.28
1982/9/20,1117.78
1982/9/21,1113.54
1982/9/22,1121.85
1982/9/23,1096.12
1982/9/24,1096.36
1982/9/27,1012.62
1982/9/28,988.66
1982/9/29,986.36
1982/9/30,927.18
1982/10/1,862.06
1982/10/4,816.23
1982/10/5,881.96
1982/10/6,865.88
1982/10/7,888.11
1982/10/8,883.86
1982/10/11,864.34
1982/10/12,857.74
1982/10/13,867.25
1982/10/14,894.56
1982/10/15,880.46
1982/10/18,878.89
1982/10/19,886.65
1982/10/20,873.7
1982/10/21,833.16
1982/10/22,832.68
1982/10/25,832.68
1982/10/26,753.76
1982/10/27,774.91
1982/10/28,803.6
1982/10/29,771.9
1982/11/1,771.85
1982/11/2,822.54
1982/11/3,864.55
1982/11/4,851.92
1982/11/5,859.92
1982/11/8,851.65
1982/11/9,843.77
1982/11/10,857.79
1982/11/11,857.79
1982/11/12,860.07
1982/11/15,824.04
1982/11/16,831.8
1982/11/17,810.79
1982/11/18,787.87
1982/11/19,820.05
1982/11/22,801.7
1982/11/23,792.57
1982/11/24,789.92
1982/11/25,773.33
1982/11/26,747.93
1982/11/29,732.32
1982/11/30,704.03
1982/12/1,710.34
1982/12/2,676.3
1982/12/3,698.62
1982/12/6,743.96
1982/12/7,752.21
1982/12/8,751.93
1982/12/9,771.34
1982/12/10,754.4
1982/12/13,777.04
1982/12/14,803.84
1982/12/15,802.89
1982/12/16,772.86
1982/12/17,757.73
1982/12/20,754.12
1982/12/21,753.16
1982/12/22,748.26
1982/12/23,758.14
1982/12/24,764.65
1982/12/27,764.65
1982/12/28,780.9
1982/12/29,776.22
1982/12/30,783.18
1982/12/31,783.82
1983/1/3,765.96
1983/1/4,761.61
1983/1/5,769.97
1983/1/6,772.5
1983/1/7,798.86
1983/1/10,845.15
1983/1/11,851.08
1983/1/12,859.89
1983/1/13,870.32
1983/1/14,866.34
1983/1/17,874.49
1983/1/18,889.91
1983/1/19,906.54
1983/1/20,908.56
1983/1/21,871.99
1983/1/24,879.6
1983/1/25,888.45
1983/1/26,880.74
1983/1/27,884.72
1983/1/28,899.82
1983/1/31,887.04
1983/2/1,895.53
1983/2/2,894.81
1983/2/3,888.08
1983/2/4,895.45
1983/2/7,891.01
1983/2/8,896.84
1983/2/9,906.64
1983/2/10,915.51
1983/2/11,931.4
1983/2/14,931.4
1983/2/15,931.4
1983/2/16,944.32
1983/2/17,974.22
1983/2/18,990.35
1983/2/21,983.82
1983/2/22,990.52
1983/2/23,992.81
1983/2/24,1030.95
1983/2/25,1066.3
1983/2/28,1021.55
1983/3/1,1033.59
1983/3/2,1028.12
1983/3/3,1002.74
1983/3/4,985.54
1983/3/7,1013.85
1983/3/8,1014.84
1983/3/9,1003.5
1983/3/10,1023.81
1983/3/11,1032.8
1983/3/14,1032.37
1983/3/15,1024.51
1983/3/16,1024.07
1983/3/17,1007.26
1983/3/18,991.32
1983/3/21,955.11
1983/3/22,981.45
1983/3/23,978.98
1983/3/24,997.85
1983/3/25,983.33
1983/3/28,975.9
1983/3/29,979.56
1983/3/30,982.54
1983/3/31,996.01
1983/4/1,996.01
1983/4/4,996.01
1983/4/5,996.01
1983/4/6,998.48
1983/4/7,1014.16
1983/4/8,1034.17
1983/4/11,1041.86
1983/4/12,1052.4
1983/4/13,1056.44
1983/4/14,1067.36
1983/4/15,1067.14
1983/4/18,1040.97
1983/4/19,1043.18
1983/4/20,1010.37
1983/4/21,1001.48
1983/4/22,1006.53
1983/4/25,1041.07
1983/4/26,1028.29
1983/4/27,1033.76
1983/4/28,1012.61
1983/4/29,1019.43
1983/5/2,994.43
1983/5/3,1003.15
1983/5/4,986.64
1983/5/5,987.29
1983/5/6,986.71
1983/5/9,967.62
1983/5/10,945.32
1983/5/11,943.02
1983/5/12,952.98
1983/5/13,949.56
1983/5/16,942.8
1983/5/17,930.7
1983/5/18,933.46
1983/5/19,928.22
1983/5/20,942.05
1983/5/23,902.71
1983/5/24,877.68
1983/5/25,887.86
1983/5/26,908.45
1983/5/27,913.9
1983/5/30,903.18
1983/5/31,918.59
1983/6/1,923.15
1983/6/2,919.34
1983/6/3,915.6
1983/6/6,902.89
1983/6/7,881.67
1983/6/8,867.04
1983/6/9,863.1
1983/6/10,886.52
1983/6/13,886.52
1983/6/14,908.39
1983/6/15,908.39
1983/6/16,954.87
1983/6/17,966.89
1983/6/20,967.79
1983/6/21,958.62
1983/6/22,957.62
1983/6/23,936.84
1983/6/24,951.22
1983/6/27,956.64
1983/6/28,943.63
1983/6/29,941.1
1983/6/30,964.35
1983/7/1,983.72
1983/7/4,1035.97
1983/7/5,1021.9
1983/7/6,1016.49
1983/7/7,1033.39
1983/7/8,1036.42
1983/7/11,1008.45
1983/7/12,1027.11
1983/7/13,1026.55
1983/7/14,1064.73
1983/7/15,1077.5
1983/7/18,1071.51
1983/7/19,1088.38
1983/7/20,1095.22
1983/7/21,1102.64
1983/7/22,1086.9
1983/7/25,1081.77
1983/7/26,1097.96
1983/7/27,1090.65
1983/7/28,1074.29
1983/7/29,1072.02
1983/8/1,1052.84
1983/8/2,1056.95
1983/8/3,1059.11
1983/8/4,1022.98
1983/8/5,1028.25
1983/8/8,1028
1983/8/9,1020.53
1983/8/10,1029.74
1983/8/11,1040.58
1983/8/12,1037.46
1983/8/15,1047.24
1983/8/16,1037.72
1983/8/17,1025.13
1983/8/18,1000.9
1983/8/19,996.28
1983/8/22,1000.23
1983/8/23,993.14
1983/8/24,982.18
1983/8/25,981.91
1983/8/26,981.8
1983/8/29,981.8
1983/8/30,971.08
1983/8/31,965.94
1983/9/1,955.24
1983/9/2,950.54
1983/9/5,928.14
1983/9/6,921.33
1983/9/7,938.87
1983/9/8,922.75
1983/9/9,924.8
1983/9/12,910.92
1983/9/13,906.26
1983/9/14,889.09
1983/9/15,898.66
1983/9/16,916.11
1983/9/19,842.25
1983/9/20,836.59
1983/9/21,849.06
1983/9/22,849.06
1983/9/23,785.48
1983/9/26,810.02
1983/9/27,800.7
1983/9/28,777
1983/9/29,767.35
1983/9/30,758.33
1983/10/3,715.01
1983/10/4,690.06
1983/10/5,717.68
1983/10/6,700.92
1983/10/7,734.05
1983/10/10,753.96
1983/10/11,735.36
1983/10/12,736.68
1983/10/13,738.51
1983/10/14,738.51
1983/10/17,771.55
1983/10/18,790.04
1983/10/19,794.34
1983/10/20,790.11
1983/10/21,784.92
1983/10/24,767.79
1983/10/25,772.92
1983/10/26,797.85
1983/10/27,815.28
1983/10/28,826.13
1983/10/31,865.22
1983/11/1,846.74
1983/11/2,866.9
1983/11/3,866.71
1983/11/4,889.49
1983/11/7,896.53
1983/11/8,873.05
1983/11/9,866.76
1983/11/10,837.27
1983/11/11,844.94
1983/11/14,856.01
1983/11/15,855.72
1983/11/16,864.58
1983/11/17,882.29
1983/11/18,866.49
1983/11/21,837.18
1983/11/22,835.97
1983/11/23,833.97
1983/11/24,823.75
1983/11/25,830.12
1983/11/28,841.43
1983/11/29,857.25
1983/11/30,852.9
1983/12/1,848.78
1983/12/2,855.74
1983/12/5,863.2
1983/12/6,881.58
1983/12/7,874.36
1983/12/8,873.86
1983/12/9,858.39
1983/12/12,856.74
1983/12/13,862.81
1983/12/14,874.76
1983/12/15,869.88
1983/12/16,860.77
1983/12/19,857.25
1983/12/20,858.53
1983/12/21,857.56
1983/12/22,863.56
1983/12/23,867.3
1983/12/26,867.3
1983/12/27,867.3
1983/12/28,874.15
1983/12/29,877.15
1983/12/30,874.94
1984/1/2,874.94
1984/1/3,871.06
1984/1/4,877.26
1984/1/5,880.99
1984/1/6,909.56
1984/1/9,937.46
1984/1/10,943.34
1984/1/11,964.47
1984/1/12,978.58
1984/1/13,975.47
1984/1/16,975.17
1984/1/17,989.72
1984/1/18,1018.07
1984/1/19,1021.4
1984/1/20,1034
1984/1/23,1055.81
1984/1/24,1035.28
1984/1/25,1041.88
1984/1/26,1047.57
1984/1/27,1055.37
1984/1/30,1097.63
1984/1/31,1102.38
1984/2/1,1108.54
1984/2/2,1108.54
1984/2/3,1108.54
1984/2/6,1134.12
1984/2/7,1085.4
1984/2/8,1078.79
1984/2/9,1090.08
1984/2/10,1050.77
1984/2/13,1062.36
1984/2/14,1088.34
1984/2/15,1090.65
1984/2/16,1084.06
1984/2/17,1094.87
1984/2/20,1072.81
1984/2/21,1066.91
1984/2/22,1047.22
1984/2/23,1067.29
1984/2/24,1048.76
1984/2/27,1022.85
1984/2/28,1041.56
1984/2/29,1059.29
1984/3/1,1061.4
1984/3/2,1079.63
1984/3/5,1102.05
1984/3/6,1091.68
1984/3/7,1091.44
1984/3/8,1077.55
1984/3/9,1094.4
1984/3/12,1087.74
1984/3/13,1086.24
1984/3/14,1099.26
1984/3/15,1111.06
1984/3/16,1130.69
1984/3/19,1170.35
1984/3/20,1169.12
1984/3/21,1157.29
1984/3/22,1156.07
1984/3/23,1161.65
1984/3/26,1156.95
1984/3/27,1131.25
1984/3/28,1118.85
1984/3/29,1057.09
1984/3/30,1014.38
1984/4/2,1023.96
1984/4/3,1033.19
1984/4/4,1033.19
1984/4/5,1083.67
1984/4/6,1064.32
1984/4/9,1070.27
1984/4/10,1096.12
1984/4/11,1088.9
1984/4/12,1091.41
1984/4/13,1075.7
1984/4/16,1075.48
1984/4/17,1088.12
1984/4/18,1090.2
1984/4/19,1115.85
1984/4/20,1115.85
1984/4/23,1115.85
1984/4/24,1070.02
1984/4/25,1082.72
1984/4/26,1070.7
1984/4/27,1054.3
1984/4/30,1037.06
1984/5/1,1034.73
1984/5/2,1032.64
1984/5/3,1004.61
1984/5/4,1004.79
1984/5/7,953.7
1984/5/8,969.65
1984/5/9,939.71
1984/5/10,921.31
1984/5/11,928.32
1984/5/14,908.72
1984/5/15,924.07
1984/5/16,949.32
1984/5/17,933.72
1984/5/18,895.73
1984/5/21,893.01
1984/5/22,923.77
1984/5/23,912.15
1984/5/24,923
1984/5/25,902.79
1984/5/28,919.31
1984/5/29,923.03
1984/5/30,928.6
1984/5/31,915.3
1984/6/1,917.5
1984/6/4,917.5
1984/6/5,932.44
1984/6/6,932.12
1984/6/7,962.14
1984/6/8,964.21
1984/6/11,966.12
1984/6/12,958.9
1984/6/13,961.22
1984/6/14,953.15
1984/6/15,932.37
1984/6/18,932.37
1984/6/19,927.39
1984/6/20,931.05
1984/6/21,929.12
1984/6/22,937.38
1984/6/25,936.37
1984/6/26,927.92
1984/6/27,924.97
1984/6/28,903.83
1984/6/29,901.07
1984/7/2,868.63
1984/7/3,861.83
1984/7/4,850.33
1984/7/5,828.97
1984/7/6,822.86
1984/7/9,773.6
1984/7/10,805.31
1984/7/11,763.61
1984/7/12,763.78
1984/7/13,746.02
1984/7/16,791.16
1984/7/17,793.69
1984/7/18,791.99
1984/7/19,797.65
1984/7/20,801.1
1984/7/23,747.02
1984/7/24,754.75
1984/7/25,758.48
1984/7/26,763.07
1984/7/27,785.99
1984/7/30,802.68
1984/7/31,800.15
1984/8/1,826.74
1984/8/2,893.69
1984/8/3,894.6
1984/8/6,903.47
1984/8/7,885.49
1984/8/8,894.13
1984/8/9,901.16
1984/8/10,925.7
1984/8/13,926.39
1984/8/14,904.81
1984/8/15,918.83
1984/8/16,906.19
1984/8/17,908.34
1984/8/20,896.9
1984/8/21,907.49
1984/8/22,907.99
1984/8/23,891.12
1984/8/24,893.69
1984/8/27,893.69
1984/8/28,898.91
1984/8/29,897.59
1984/8/30,922.77
1984/8/31,926.78
1984/9/3,939.42
1984/9/4,947.02
1984/9/5,946.87
1984/9/6,935.93
1984/9/7,940.55
1984/9/10,946.06
1984/9/11,946.06
1984/9/12,932.4
1984/9/13,911.78
1984/9/14,945.44
1984/9/17,963.52
1984/9/18,974.92
1984/9/19,983.79
1984/9/20,1002.13
1984/9/21,1000.08
1984/9/24,990.82
1984/9/25,1010.23
1984/9/26,999.79
1984/9/27,1014.98
1984/9/28,1002.5
1984/10/1,989.19
1984/10/2,985.1
1984/10/3,985.1
1984/10/4,989.47
1984/10/5,974.17
1984/10/8,963.5
1984/10/9,982.38
1984/10/10,983.13
1984/10/11,979.78
1984/10/12,983.14
1984/10/15,999.09
1984/10/16,1020.01
1984/10/17,1017.43
1984/10/18,1028.11
1984/10/19,1031.8
1984/10/22,1053.05
1984/10/23,1045.16
1984/10/24,1054.31
1984/10/25,1054.71
1984/10/26,1056.84
1984/10/29,1039.3
1984/10/30,1019.21
1984/10/31,1015.13
1984/11/1,1029.26
1984/11/2,1035.23
1984/11/5,1027.48
1984/11/6,1037.67
1984/11/7,1046.03
1984/11/8,1052.65
1984/11/9,1047.32
1984/11/12,1044.45
1984/11/13,1066.13
1984/11/14,1077.93
1984/11/15,1074.84
1984/11/16,1071.79
1984/11/19,1067.61
1984/11/20,1072.52
1984/11/21,1084.35
1984/11/22,1087.81
1984/11/23,1096.04
1984/11/26,1113.96
1984/11/27,1112.73
1984/11/28,1118.63
1984/11/29,1136.11
1984/11/30,1128.1
1984/12/3,1122.26
1984/12/4,1125.4
1984/12/5,1136.08
1984/12/6,1120.74
1984/12/7,1122.12
1984/12/10,1115.01
1984/12/11,1118.38
1984/12/12,1117.23
1984/12/13,1126.49
1984/12/14,1142.09
1984/12/17,1166.42
1984/12/18,1166.13
1984/12/19,1173.31
1984/12/20,1184.42
1984/12/21,1198.59
1984/12/24,1206.83
1984/12/25,1206.83
1984/12/26,1206.83
1984/12/27,1176.93
1984/12/28,1185.67
1984/12/31,1200.38
1985/1/1,1200.38
1985/1/2,1220.74
1985/1/3,1235.98
1985/1/4,1262.3
1985/1/7,1281.87
1985/1/8,1283.01
1985/1/9,1269.95
1985/1/10,1318.55
1985/1/11,1352.69
1985/1/14,1358.06
1985/1/15,1331
1985/1/16,1358.81
1985/1/17,1388.42
1985/1/18,1360.33
1985/1/21,1350
1985/1/22,1373.62
1985/1/23,1357.84
1985/1/24,1384.87
1985/1/25,1373.91
1985/1/28,1374.89
1985/1/29,1338.87
1985/1/30,1335.04
1985/1/31,1365.02
1985/2/1,1356.26
1985/2/4,1363.22
1985/2/5,1352.47
1985/2/6,1333.31
1985/2/7,1312.43
1985/2/8,1347.88
1985/2/11,1357.94
1985/2/12,1357.22
1985/2/13,1336.32
1985/2/14,1354.39
1985/2/15,1405.93
1985/2/18,1427.18
1985/2/19,1435.17
1985/2/20,1435.17
1985/2/21,1435.17
1985/2/22,1435.17
1985/2/25,1389.16
1985/2/26,1402.86
1985/2/27,1387.62
1985/2/28,1375.25
1985/3/1,1401.15
1985/3/4,1399.46
1985/3/5,1367.94
1985/3/6,1383.28
1985/3/7,1389.14
1985/3/8,1395.27
1985/3/11,1380.11
1985/3/12,1371.51
1985/3/13,1335.82
1985/3/14,1356.35
1985/3/15,1333.76
1985/3/18,1310.47
1985/3/19,1300.97
1985/3/20,1312.56
1985/3/21,1347.73
1985/3/22,1360.69
1985/3/25,1362.23
1985/3/26,1344.13
1985/3/27,1350.65
1985/3/28,1352.9
1985/3/29,1382.04
1985/4/1,1389.13
1985/4/2,1430.36
1985/4/3,1450.35
1985/4/4,1471.25
1985/4/5,1471.25
1985/4/8,1471.25
1985/4/9,1480.22
1985/4/10,1470.61
1985/4/11,1483.39
1985/4/12,1492.18
1985/4/15,1505.44
1985/4/16,1521.3
1985/4/17,1505.97
1985/4/18,1500.09
1985/4/19,1474.21
1985/4/22,1487.4
1985/4/23,1511.63
1985/4/24,1517.3
1985/4/25,1510.77
1985/4/26,1506.49
1985/4/29,1497.37
1985/4/30,1520.56
1985/5/1,1516.73
1985/5/2,1516.21
1985/5/3,1550.8
1985/5/6,1596.43
1985/5/7,1593.26
1985/5/8,1621.45
1985/5/9,1610.09
1985/5/10,1613.36
1985/5/13,1628.29
1985/5/14,1615
1985/5/15,1612.61
1985/5/16,1635.88
1985/5/17,1647.88
1985/5/20,1638.47
1985/5/21,1612.22
1985/5/22,1599.64
1985/5/23,1617.3
1985/5/24,1596.84
1985/5/27,1557.78
1985/5/28,1570.84
1985/5/29,1597.71
1985/5/30,1621.66
1985/5/31,1613.87
1985/6/3,1641.25
1985/6/4,1643.35
1985/6/5,1627.82
1985/6/6,1629.5
1985/6/7,1542.55
1985/6/10,1571.87
1985/6/11,1492.13
1985/6/12,1502.94
1985/6/13,1482.91
1985/6/14,1441.97
1985/6/17,1441.94
1985/6/18,1427.08
1985/6/19,1510.28
1985/6/20,1542.15
1985/6/21,1561.13
1985/6/24,1561.13
1985/6/25,1575.15
1985/6/26,1565.19
1985/6/27,1581.7
1985/6/28,1570.61
1985/7/1,1570.6
1985/7/2,1591.33
1985/7/3,1598.16
1985/7/4,1574.37
1985/7/5,1570.3
1985/7/8,1566.68
1985/7/9,1565.04
1985/7/10,1573.41
1985/7/11,1597.81
1985/7/12,1615.78
1985/7/15,1640.49
1985/7/16,1632.99
1985/7/17,1647.9
1985/7/18,1672.04
1985/7/19,1678.87
1985/7/22,1689.85
1985/7/23,1673.85
1985/7/24,1665.63
1985/7/25,1692.06
1985/7/26,1683.58
1985/7/29,1683.85
1985/7/30,1686.24
1985/7/31,1680.62
1985/8/1,1678.95
1985/8/2,1665.59
1985/8/5,1671.9
1985/8/6,1700.93
1985/8/7,1698.66
1985/8/8,1673.55
1985/8/9,1676.51
1985/8/12,1699.43
1985/8/13,1687.09
1985/8/14,1691.73
1985/8/15,1684.55
1985/8/16,1700.37
1985/8/19,1711.51
1985/8/20,1692.74
1985/8/21,1650.78
1985/8/22,1671.87
1985/8/23,1669.98
1985/8/26,1669.98
1985/8/27,1667.3
1985/8/28,1668.85
1985/8/29,1652.19
1985/8/30,1656.1
1985/9/2,1616.17
1985/9/3,1586.22
1985/9/4,1578.54
1985/9/5,1596.68
1985/9/6,1579.06
1985/9/9,1550.83
1985/9/10,1546.31
1985/9/11,1571.95
1985/9/12,1596.42
1985/9/13,1605.84
1985/9/16,1600.23
1985/9/17,1569.4
1985/9/18,1563.62
1985/9/19,1563.27
1985/9/20,1549.46
1985/9/23,1535.45
1985/9/24,1553.24
1985/9/25,1547.68
1985/9/26,1511.87
1985/9/27,1511.8
1985/9/30,1511.8
1985/10/1,1520.99
1985/10/2,1553.13
1985/10/3,1581.07
1985/10/4,1587.44
1985/10/7,1617.76
1985/10/8,1606.53
1985/10/9,1587.99
1985/10/10,1589.13
1985/10/11,1583.55
1985/10/14,1594.35
1985/10/15,1602.89
1985/10/16,1618.37
1985/10/17,1624.79
1985/10/18,1639.89
1985/10/21,1666.06
1985/10/22,1666.06
1985/10/23,1666.71
1985/10/24,1670.51
1985/10/25,1671.73
1985/10/28,1651.25
1985/10/29,1654.03
1985/10/30,1654.68
1985/10/31,1665.39
1985/11/1,1680.65
1985/11/4,1702.19
1985/11/5,1692.71
1985/11/6,1700.76
1985/11/7,1721.93
1985/11/8,1722.38
1985/11/11,1722.4
1985/11/12,1730.15
1985/11/13,1747.18
1985/11/14,1745.14
1985/11/15,1736.07
1985/11/18,1744.2
1985/11/19,1754.68
1985/11/20,1757.29
1985/11/21,1762.51
1985/11/22,1712.82
1985/11/25,1736.49
1985/11/26,1738.35
1985/11/27,1706.38
1985/11/28,1685.5
1985/11/29,1716.95
1985/12/2,1694.57
1985/12/3,1664.06
1985/12/4,1700.96
1985/12/5,1693.91
1985/12/6,1721.89
1985/12/9,1724.27
1985/12/10,1728.29
1985/12/11,1723.05
1985/12/12,1740.4
1985/12/13,1735.58
1985/12/16,1728.21
1985/12/17,1720.45
1985/12/18,1726.94
1985/12/19,1726.05
1985/12/20,1720.16
1985/12/23,1704.29
1985/12/24,1717.54
1985/12/25,1717.54
1985/12/26,1717.54
1985/12/27,1730.37
1985/12/30,1752.62
1985/12/31,1752.45
1986/1/1,1752.45
1986/1/2,1774.38
1986/1/3,1791.23
1986/1/6,1796.59
1986/1/7,1815.53
1986/1/8,1826.84
1986/1/9,1798.51
1986/1/10,1807.94
1986/1/13,1799.61
1986/1/14,1782.23
1986/1/15,1783.66
1986/1/16,1797.22
1986/1/17,1806.86
1986/1/20,1775.82
1986/1/21,1776.19
1986/1/22,1737.94
1986/1/23,1762.29
1986/1/24,1745.8
1986/1/27,1744.11
1986/1/28,1754.38
1986/1/29,1736.35
1986/1/30,1720.21
1986/1/31,1695.78
1986/2/3,1702.38
1986/2/4,1728.81
1986/2/5,1723.08
1986/2/6,1719.67
1986/2/7,1734.04
1986/2/10,1734.04
1986/2/11,1734.04
1986/2/12,1743.03
1986/2/13,1746.4
1986/2/14,1777.54
1986/2/17,1783.08
1986/2/18,1771.41
1986/2/19,1751.67
1986/2/20,1733.17
1986/2/21,1747.06
1986/2/24,1742.37
1986/2/25,1746.05
1986/2/26,1746.3
1986/2/27,1720.51
1986/2/28,1695.3
1986/3/3,1685.06
1986/3/4,1695.77
1986/3/5,1664.33
1986/3/6,1668.51
1986/3/7,1682.65
1986/3/10,1667.07
1986/3/11,1639.15
1986/3/12,1590.39
1986/3/13,1612.67
1986/3/14,1607.63
1986/3/17,1566.49
1986/3/18,1561.72
1986/3/19,1559.94
1986/3/20,1605.7
1986/3/21,1611.73
1986/3/24,1635.29
1986/3/25,1626.71
1986/3/26,1618.8
1986/3/27,1625.94
1986/3/28,1625.94
1986/3/31,1625.94
1986/4/1,1625.94
1986/4/2,1603.27
1986/4/3,1625.2
1986/4/4,1643.8
1986/4/7,1691.6
1986/4/8,1727.93
1986/4/9,1752.34
1986/4/10,1758.57
1986/4/11,1784.21
1986/4/14,1785.45
1986/4/15,1763.73
1986/4/16,1791.19
1986/4/17,1812
1986/4/18,1790.4
1986/4/21,1788.38
1986/4/22,1792.9
1986/4/23,1783.19
1986/4/24,1824.51
1986/4/25,1834.62
1986/4/28,1848.65
1986/4/29,1826.29
1986/4/30,1836.99
1986/5/1,1848.65
1986/5/2,1843.14
1986/5/5,1842.44
1986/5/6,1858.16
1986/5/7,1865.65
1986/5/8,1864.21
1986/5/9,1852.21
1986/5/12,1832.5
1986/5/13,1803.73
1986/5/14,1820.68
1986/5/15,1794.17
1986/5/16,1787.08
1986/5/19,1765.02
1986/5/20,1777.27
1986/5/21,1794.94
1986/5/22,1820.98
1986/5/23,1815.92
1986/5/26,1811.87
1986/5/27,1816.3
1986/5/28,1777.47
1986/5/29,1772.76
1986/5/30,1787.96
1986/6/2,1781.94
1986/6/3,1757.91
1986/6/4,1756.67
1986/6/5,1748.56
1986/6/6,1747.09
1986/6/9,1748.24
1986/6/10,1751.36
1986/6/11,1751.36
1986/6/12,1752.79
1986/6/13,1765.65
1986/6/16,1765.65
1986/6/17,1789.34
1986/6/18,1789.78
1986/6/19,1778.29
1986/6/20,1781.04
1986/6/23,1777.15
1986/6/24,1763.9
1986/6/25,1759.72
1986/6/26,1750.38
1986/6/27,1750.98
1986/6/30,1739.11
1986/7/1,1733.51
1986/7/2,1760.21
1986/7/3,1757.58
1986/7/4,1756.76
1986/7/7,1761.52
1986/7/8,1752.24
1986/7/9,1747.61
1986/7/10,1718.3
1986/7/11,1721.69
1986/7/14,1739.93
1986/7/15,1764.13
1986/7/16,1763.38
1986/7/17,1759.71
1986/7/18,1759.6
1986/7/21,1777.73
1986/7/22,1791.53
1986/7/23,1816.96
1986/7/24,1836
1986/7/25,1843.57
1986/7/28,1847.29
1986/7/29,1860.01
1986/7/30,1847.94
1986/7/31,1855.46
1986/8/1,1874.11
1986/8/4,1906.28
1986/8/5,1889.04
1986/8/6,1887.83
1986/8/7,1920.18
1986/8/8,1931.29
1986/8/11,1927.04
1986/8/12,1905
1986/8/13,1908.02
1986/8/14,1925.16
1986/8/15,1935.76
1986/8/18,1950.12
1986/8/19,1935.69
1986/8/20,1941.28
1986/8/21,1941.36
1986/8/22,1946.03
1986/8/25,1946.03
1986/8/26,1917
1986/8/27,1932.99
1986/8/28,1934.2
1986/8/29,1913
1986/9/1,1903.02
1986/9/2,1930.61
1986/9/3,1944.99
1986/9/4,1946.7
1986/9/5,1968.53
1986/9/8,1969.98
1986/9/9,1966.02
1986/9/10,1976.16
1986/9/11,1997.92
1986/9/12,1966.33
1986/9/15,1942.34
1986/9/16,1927.97
1986/9/17,1921.99
1986/9/18,1925.82
1986/9/19,1925.82
1986/9/22,1953.6
1986/9/23,1992.6
1986/9/24,2008.3
1986/9/25,2011.7
1986/9/26,2034.36
1986/9/29,2064.3
1986/9/30,2068.44
1986/10/1,2090.24
1986/10/2,2120.14
1986/10/3,2134.8
1986/10/6,2084.93
1986/10/7,2162.76
1986/10/8,2204.41
1986/10/9,2271.15
1986/10/10,2279.52
1986/10/13,2279.52
1986/10/14,2249.22
1986/10/15,2289.65
1986/10/16,2277.77
1986/10/17,2234.89
1986/10/20,2227.76
1986/10/21,2238.29
1986/10/22,2238.29
1986/10/23,2254.79
1986/10/24,2286.07
1986/10/27,2343.66
1986/10/28,2355.93
1986/10/29,2345.24
1986/10/30,2312.81
1986/10/31,2315.63
1986/11/3,2258.78
1986/11/4,2265.82
1986/11/5,2203.71
1986/11/6,2230.65
1986/11/7,2218.38
1986/11/10,2206.76
1986/11/11,2207.25
1986/11/12,2239.71
1986/11/13,2261.45
1986/11/14,2244.03
1986/11/17,2242.89
1986/11/18,2249.97
1986/11/19,2243.34
1986/11/20,2245.95
1986/11/21,2273.98
1986/11/24,2343.59
1986/11/25,2361.12
1986/11/26,2377.71
1986/11/27,2354.33
1986/11/28,2418.75
1986/12/1,2452.15
1986/12/2,2458.2
1986/12/3,2460
1986/12/4,2430.52
1986/12/5,2400.72
1986/12/8,2431.29
1986/12/9,2440.35
1986/12/10,2442.59
1986/12/11,2467.13
1986/12/12,2463.23
1986/12/15,2449.43
1986/12/16,2440.68
1986/12/17,2411.08
1986/12/18,2422.22
1986/12/19,2463.81
1986/12/22,2503.77
1986/12/23,2501.94
1986/12/24,2523.92
1986/12/25,2523.92
1986/12/26,2523.92
1986/12/29,2552.45
1986/12/30,2559.36
1986/12/31,2568.3
1987/1/1,2568.3
1987/1/2,2540.06
1987/1/5,2552.4
1987/1/6,2583.87
1987/1/7,2607.11
1987/1/8,2603.33
1987/1/9,2561.73
1987/1/12,2614.87
1987/1/13,2590.83
1987/1/14,2578.23
1987/1/15,2559.12
1987/1/16,2542.57
1987/1/19,2460.46
1987/1/20,2449.88
1987/1/21,2533.9
1987/1/22,2536.94
1987/1/23,2499.43
1987/1/26,2484.35
1987/1/27,2524.01
1987/1/28,2553.25
1987/1/29,2553.25
1987/1/30,2553.25
1987/2/2,2585.22
1987/2/3,2606.38
1987/2/4,2636.63
1987/2/5,2652.14
1987/2/6,2673.57
1987/2/9,2713.67
1987/2/10,2694.85
1987/2/11,2739.47
1987/2/12,2754.72
1987/2/13,2740.49
1987/2/16,2766.06
1987/2/17,2792.08
1987/2/18,2801.48
1987/2/19,2775.82
1987/2/20,2827.4
1987/2/23,2879.01
1987/2/24,2848.19
1987/2/25,2873.58
1987/2/26,2843.6
1987/2/27,2877.87
1987/3/2,2894.26
1987/3/3,2939.05
1987/3/4,2890.93
1987/3/5,2798.44
1987/3/6,2798.64
1987/3/9,2820.38
1987/3/10,2731.05
1987/3/11,2760.9
1987/3/12,2750.14
1987/3/13,2721.17
1987/3/16,2669.57
1987/3/17,2629.28
1987/3/18,2724.01
1987/3/19,2721.28
1987/3/20,2780.55
1987/3/23,2813.4
1987/3/24,2828.07
1987/3/25,2831.5
1987/3/26,2783.12
1987/3/27,2798.74
1987/3/30,2774.88
1987/3/31,2713.81
1987/4/1,2695.91
1987/4/2,2709.41
1987/4/3,2679.99
1987/4/6,2679.99
1987/4/7,2664.7
1987/4/8,2729.55
1987/4/9,2785.47
1987/4/10,2766.41
1987/4/13,2708.94
1987/4/14,2668.35
1987/4/15,2693.62
1987/4/16,2721.12
1987/4/17,2721.12
1987/4/20,2721.12
1987/4/21,2713.36
1987/4/22,2716.89
1987/4/23,2719.89
1987/4/24,2707.61
1987/4/27,2636.47
1987/4/28,2617.08
1987/4/29,2589.54
1987/4/30,2659.85
1987/5/1,2685.37
1987/5/4,2685.75
1987/5/5,2713.83
1987/5/6,2792.89
1987/5/7,2785.56
1987/5/8,2805.06
1987/5/11,2846.93
1987/5/12,2853.42
1987/5/13,2833.53
1987/5/14,2853.92
1987/5/15,2872.19
1987/5/18,2875.45
1987/5/19,2881.47
1987/5/20,2878.1
1987/5/21,2870.91
1987/5/22,2897.62
1987/5/25,2926.1
1987/5/26,2935.88
1987/5/27,2941.17
1987/5/28,2949.06
1987/5/29,2919.7
1987/6/1,2919.7
1987/6/2,2934.19
1987/6/3,2985.1
1987/6/4,3023.6
1987/6/5,3064.33
1987/6/8,3068.06
1987/6/9,3108.57
1987/6/10,3097.33
1987/6/11,3087.52
1987/6/12,3129.88
1987/6/15,3129.88
1987/6/16,3170.88
1987/6/17,3178.62
1987/6/18,3133.74
1987/6/19,3165.64
1987/6/22,3131.19
1987/6/23,3110.41
1987/6/24,3178.98
1987/6/25,3136.31
1987/6/26,3138.68
1987/6/29,3151.98
1987/6/30,3178.19
1987/7/1,3163.99
1987/7/2,3229.15
1987/7/3,3208.84
1987/7/6,3220.68
1987/7/7,3236.41
1987/7/8,3251.38
1987/7/9,3225.97
1987/7/10,3207.21
1987/7/13,3216.11
1987/7/14,3253.42
1987/7/15,3262.3
1987/7/16,3305.82
1987/7/17,3342.13
1987/7/20,3386.09
1987/7/21,3353.78
1987/7/22,3380.41
1987/7/23,3366.82
1987/7/24,3343.6
1987/7/27,3346.87
1987/7/28,3337.46
1987/7/29,3389.73
1987/7/30,3419.28
1987/7/31,3479.24
1987/8/3,3514.25
1987/8/4,3531.88
1987/8/5,3517.13
1987/8/6,3497.95
1987/8/7,3536.19
1987/8/10,3543.76
1987/8/11,3546.52
1987/8/12,3557.43
1987/8/13,3514.27
1987/8/14,3512.15
1987/8/17,3510.66
1987/8/18,3504.87
1987/8/19,3450.64
1987/8/20,3408.01
1987/8/21,3446.59
1987/8/24,3391.26
1987/8/25,3447.3
1987/8/26,3526.26
1987/8/27,3583.33
1987/8/28,3611.74
1987/8/31,3611.74
1987/9/1,3644.28
1987/9/2,3635.86
1987/9/3,3653.95
1987/9/4,3654.48
1987/9/7,3646.33
1987/9/8,3601.54
1987/9/9,3577.64
1987/9/10,3600.96
1987/9/11,3660.5
1987/9/14,3649.84
1987/9/15,3646.92
1987/9/16,3604.64
1987/9/17,3571.36
1987/9/18,3649.96
1987/9/21,3667.95
1987/9/22,3695.53
1987/9/23,3763.11
1987/9/24,3768.42
1987/9/25,3840.11
1987/9/28,3884.65
1987/9/29,3859.48
1987/9/30,3943.64
1987/10/1,3949.73
1987/10/2,3932.04
1987/10/5,3944.24
1987/10/6,3906.44
1987/10/7,3936.13
1987/10/8,3936.13
1987/10/9,3882.42
1987/10/12,3900.17
1987/10/13,3841.28
1987/10/14,3844.48
1987/10/15,3828.64
1987/10/16,3783.2
1987/10/19,3362.39
1987/10/20,3362.39
1987/10/21,3362.39
1987/10/22,3362.39
1987/10/23,3362.39
1987/10/26,2241.69
1987/10/27,2395.72
1987/10/28,2370.16
1987/10/29,2204.52
1987/10/30,2240.13
1987/11/2,2203.23
1987/11/3,2180.74
1987/11/4,2077.11
1987/11/5,1960.9
1987/11/6,2113.67
1987/11/9,2139.31
1987/11/10,2043.24
1987/11/11,2046.18
1987/11/12,2150.87
1987/11/13,2226.74
1987/11/16,2310.86
1987/11/17,2290.37
1987/11/18,2285.15
1987/11/19,2257.6
1987/11/20,2214.7
1987/11/23,2141.71
1987/11/24,2134.84
1987/11/25,2184.41
1987/11/26,2179.58
1987/11/27,2194.18
1987/11/30,2138.39
1987/12/1,2108.55
1987/12/2,2100.83
1987/12/3,2057.43
1987/12/4,1994.22
1987/12/7,1894.94
1987/12/8,1986.12
1987/12/9,1984.98
1987/12/10,2027.67
1987/12/11,1989.58
1987/12/14,2040.62
1987/12/15,2080.62
1987/12/16,2145.71
1987/12/17,2142.23
1987/12/18,2180.46
1987/12/21,2278.13
1987/12/22,2276.41
1987/12/23,2325.55
1987/12/24,2379.07
1987/12/25,2379.07
1987/12/28,2286.75
1987/12/29,2301.27
1987/12/30,2291.98
1987/12/31,2302.75
1988/1/1,2302.75
1988/1/4,2286.29
1988/1/5,2403.22
1988/1/6,2463.02
1988/1/7,2452.52
1988/1/8,2460.67
1988/1/11,2400.8
1988/1/12,2442.41
1988/1/13,2383.79
1988/1/14,2411.52
1988/1/15,2429.77
1988/1/18,2512.19
1988/1/19,2488.15
1988/1/20,2484.29
1988/1/21,2412.32
1988/1/22,2422.38
1988/1/25,2407.29
1988/1/26,2426.05
1988/1/27,2412.62
1988/1/28,2412.72
1988/1/29,2409.66
1988/2/1,2358.27
1988/2/2,2298.5
1988/2/3,2354.46
1988/2/4,2295.31
1988/2/5,2292.59
1988/2/8,2223.56
1988/2/9,2223.04
1988/2/10,2233.47
1988/2/11,2256.48
1988/2/12,2287.23
1988/2/15,2301.75
1988/2/16,2328.04
1988/2/17,2328.04
1988/2/18,2328.04
1988/2/19,2328.04
1988/2/22,2347.17
1988/2/23,2329.35
1988/2/24,2336
1988/2/25,2355.88
1988/2/26,2383.92
1988/2/29,2418.08
1988/3/1,2454.71
1988/3/2,2462.13
1988/3/3,2468.48
1988/3/4,2472.38
1988/3/7,2470.4
1988/3/8,2493.33
1988/3/9,2551.76
1988/3/10,2591.34
1988/3/11,2595.45
1988/3/14,2584.68
1988/3/15,2578.92
1988/3/16,2555.04
1988/3/17,2581.33
1988/3/18,2607.6
1988/3/21,2602.8
1988/3/22,2594.8
1988/3/23,2561.91
1988/3/24,2546.4
1988/3/25,2501.93
1988/3/28,2466.78
1988/3/29,2521.61
1988/3/30,2528.92
1988/3/31,2543.97
1988/4/1,2543.97
1988/4/4,2543.97
1988/4/5,2543.97
1988/4/6,2556.56
1988/4/7,2623.08
1988/4/8,2619.87
1988/4/11,2651.01
1988/4/12,2635.94
1988/4/13,2671.24
1988/4/14,2684.13
1988/4/15,2598.95
1988/4/18,2551.96
1988/4/19,2593.93
1988/4/20,2578.44
1988/4/21,2552.71
1988/4/22,2591.35
1988/4/25,2623.75
1988/4/26,2585.97
1988/4/27,2592.02
1988/4/28,2588.14
1988/4/29,2602.87
1988/5/2,2589.89
1988/5/3,2602.6
1988/5/4,2641.13
1988/5/5,2577.92
1988/5/6,2571.74
1988/5/9,2584.03
1988/5/10,2563.02
1988/5/11,2534.36
1988/5/12,2508.88
1988/5/13,2532.63
1988/5/16,2538.02
1988/5/17,2533.57
1988/5/18,2533.26
1988/5/19,2506.76
1988/5/20,2491.24
1988/5/23,2490.23
1988/5/24,2516.18
1988/5/25,2528
1988/5/26,2520.49
1988/5/27,2513.7
1988/5/30,2488.99
1988/5/31,2496.68
1988/6/1,2516.24
1988/6/2,2546.67
1988/6/3,2568.35
1988/6/6,2590.39
1988/6/7,2587.03
1988/6/8,2608.98
1988/6/9,2640.83
1988/6/10,2647.42
1988/6/13,2647.42
1988/6/14,2672.7
1988/6/15,2699.58
1988/6/16,2693.5
1988/6/17,2718.02
1988/6/20,2719.06
1988/6/21,2683.65
1988/6/22,2703.74
1988/6/23,2712.24
1988/6/24,2707.56
1988/6/27,2689.66
1988/6/28,2661.46
1988/6/29,2648.22
1988/6/30,2671.49
1988/7/1,2684.64
1988/7/4,2687.62
1988/7/5,2681.91
1988/7/6,2737.51
1988/7/7,2759.63
1988/7/8,2752.9
1988/7/11,2759.59
1988/7/12,2772.53
1988/7/13,2744.85
1988/7/14,2752.96
1988/7/15,2740.7
1988/7/18,2711.37
1988/7/19,2677.8
1988/7/20,2697.54
1988/7/21,2687.37
1988/7/22,2661.77
1988/7/25,2647.41
1988/7/26,2655.62
1988/7/27,2665.23
1988/7/28,2663.45
1988/7/29,2678.92
1988/8/1,2703.42
1988/8/2,2701.09
1988/8/3,2692.63
1988/8/4,2677.37
1988/8/5,2671.17
1988/8/8,2659.1
1988/8/9,2634.04
1988/8/10,2579.38
1988/8/11,2595.28
1988/8/12,2600.93
1988/8/15,2600.63
1988/8/16,2589.36
1988/8/17,2594.66
1988/8/18,2571.41
1988/8/19,2579.75
1988/8/22,2564.14
1988/8/23,2532.13
1988/8/24,2520.29
1988/8/25,2520.86
1988/8/26,2464.83
1988/8/29,2464.83
1988/8/30,2439.55
1988/8/31,2443.8
1988/9/1,2433.32
1988/9/2,2449.89
1988/9/5,2508.19
1988/9/6,2502.09
1988/9/7,2525.14
1988/9/8,2508.53
1988/9/9,2496.56
1988/9/12,2468.94
1988/9/13,2473.59
1988/9/14,2481.57
1988/9/15,2474.08
1988/9/16,2458.82
1988/9/19,2447.58
1988/9/20,2423.23
1988/9/21,2432
1988/9/22,2455.84
1988/9/23,2454.38
1988/9/26,2454.38
1988/9/27,2466.27
1988/9/28,2449.75
1988/9/29,2439.39
1988/9/30,2441.05
1988/10/3,2429.07
1988/10/4,2415.76
1988/10/5,2417.42
1988/10/6,2427.04
1988/10/7,2478.87
1988/10/10,2566.42
1988/10/11,2571.61
1988/10/12,2551.86
1988/10/13,2561.76
1988/10/14,2593
1988/10/17,2593.56
1988/10/18,2590.41
1988/10/19,2590.41
1988/10/20,2584.04
1988/10/21,2581.69
1988/10/24,2562.46
1988/10/25,2584.53
1988/10/26,2610.62
1988/10/27,2617.25
1988/10/28,2614.47
1988/10/31,2627.41
1988/11/1,2615.43
1988/11/2,2607.82
1988/11/3,2584.49
1988/11/4,2584.51
1988/11/7,2567.02
1988/11/8,2587.02
1988/11/9,2582.98
1988/11/10,2577.01
1988/11/11,2583.74
1988/11/14,2537.99
1988/11/15,2568.58
1988/11/16,2566.88
1988/11/17,2568.79
1988/11/18,2581.16
1988/11/21,2581.87
1988/11/22,2598.79
1988/11/23,2633.65
1988/11/24,2666.02
1988/11/25,2656.08
1988/11/28,2625.08
1988/11/29,2632.68
1988/11/30,2659.3
1988/12/1,2668.03
1988/12/2,2667.26
1988/12/5,2671.21
1988/12/6,2676.59
1988/12/7,2690.28
1988/12/8,2680.2
1988/12/9,2671.36
1988/12/12,2665.94
1988/12/13,2651.92
1988/12/14,2642.08
1988/12/15,2627.22
1988/12/16,2629.16
1988/12/19,2611.84
1988/12/20,2607.97
1988/12/21,2633.09
1988/12/22,2642.73
1988/12/23,2656.59
1988/12/26,2656.59
1988/12/27,2656.59
1988/12/28,2696.44
1988/12/29,2692.4
1988/12/30,2687.44
1989/1/2,2687.44
1989/1/3,2706.69
1989/1/4,2736.83
1989/1/5,2758.54
1989/1/6,2766.65
1989/1/9,2792.27
1989/1/10,2832.38
1989/1/11,2872.52
1989/1/12,2879.33
1989/1/13,2843.98
1989/1/16,2856.67
1989/1/17,2896.65
1989/1/18,2913.05
1989/1/19,2909.66
1989/1/20,2897.91
1989/1/23,2897.53
1989/1/24,2901.03
1989/1/25,2900.74
1989/1/26,2910.57
1989/1/27,2956.95
1989/1/30,3036.45
1989/1/31,3072.86
1989/2/1,3060.91
1989/2/2,3059.54
1989/2/3,3105.96
1989/2/6,3105.96
1989/2/7,3105.96
1989/2/8,3105.96
1989/2/9,3209.96
1989/2/10,3184.16
1989/2/13,3153.73
1989/2/14,3099.97
1989/2/15,3100.87
1989/2/16,3081.14
1989/2/17,3106.25
1989/2/20,3159.84
1989/2/21,3150.64
1989/2/22,3161.56
1989/2/23,3125.2
1989/2/24,3114.23
1989/2/27,3064.18
1989/2/28,3012.68
1989/3/1,3037.07
1989/3/2,3010.48
1989/3/3,3056.58
1989/3/6,3058.95
1989/3/7,3080.68
1989/3/8,3058.65
1989/3/9,3062.79
1989/3/10,3046.81
1989/3/13,3029.89
1989/3/14,3034.79
1989/3/15,3095.91
1989/3/16,3150.85
1989/3/17,3136.94
1989/3/20,3046.73
1989/3/21,3056.43
1989/3/22,3037.05
1989/3/23,3049.62
1989/3/24,3049.62
1989/3/27,3049.62
1989/3/28,3033.03
1989/3/29,3032.98
1989/3/30,2980.76
1989/3/31,3004.98
1989/4/3,2987.21
1989/4/4,2991.96
1989/4/5,2991.96
1989/4/6,3015.51
1989/4/7,3024.09
1989/4/10,3021.43
1989/4/11,3026
1989/4/12,3060.16
1989/4/13,3079.15
1989/4/14,3082.71
1989/4/17,3133.98
1989/4/18,3135.43
1989/4/19,3164.09
1989/4/20,3139.68
1989/4/21,3109.23
1989/4/24,3095.99
1989/4/25,3118.73
1989/4/26,3118.67
1989/4/27,3077.26
1989/4/28,3116.03
1989/5/1,3123.87
1989/5/2,3156.37
1989/5/3,3155.22
1989/5/4,3221.12
1989/5/5,3262.86
1989/5/8,3268.54
1989/5/9,3262.25
1989/5/10,3280.98
1989/5/11,3285.1
1989/5/12,3278.43
1989/5/15,3309.64
1989/5/16,3289.5
1989/5/17,3246.41
1989/5/18,3277.66
1989/5/19,3145.63
1989/5/22,2806.57
1989/5/23,3067.65
1989/5/24,3008.73
1989/5/25,2752.51
1989/5/26,2765.67
1989/5/29,2845.01
1989/5/30,2805.46
1989/5/31,2743.87
1989/6/1,2689.98
1989/6/2,2675.38
1989/6/5,2093.61
1989/6/6,2149.71
1989/6/7,2224.66
1989/6/8,2224.66
1989/6/9,2268.38
1989/6/12,2440.21
1989/6/13,2355.19
1989/6/14,2380.48
1989/6/15,2340.02
1989/6/16,2342.41
1989/6/19,2342.41
1989/6/20,2337.71
1989/6/21,2272.5
1989/6/22,2231.82
1989/6/23,2219
1989/6/26,2266.57
1989/6/27,2232.65
1989/6/28,2245.05
1989/6/29,2275.32
1989/6/30,2273.91
1989/7/3,2270.81
1989/7/4,2316.74
1989/7/5,2350.67
1989/7/6,2369.53
1989/7/7,2375.94
1989/7/10,2439.2
1989/7/11,2485.85
1989/7/12,2477.51
1989/7/13,2498.21
1989/7/14,2516.11
1989/7/17,2502.64
1989/7/18,2505.48
1989/7/19,2547.1
1989/7/20,2543.08
1989/7/21,2495.74
1989/7/24,2482.54
1989/7/25,2517.02
1989/7/26,2489.03
1989/7/27,2493.71
1989/7/28,2526.75
1989/7/31,2571.08
1989/8/1,2578.96
1989/8/2,2582.83
1989/8/3,2634.58
1989/8/4,2579.07
1989/8/7,2563.77
1989/8/8,2607.94
1989/8/9,2627.31
1989/8/10,2608.68
1989/8/11,2613.39
1989/8/14,2640.39
1989/8/15,2638.19
1989/8/16,2635.9
1989/8/17,2616.98
1989/8/18,2573.16
1989/8/21,2528.75
1989/8/22,2543.56
1989/8/23,2521.39
1989/8/24,2499.08
1989/8/25,2516.78
1989/8/28,2516.78
1989/8/29,2487.94
1989/8/30,2505.4
1989/8/31,2508.57
1989/9/1,2508.91
1989/9/4,2550.25
1989/9/5,2572.41
1989/9/6,2577.62
1989/9/7,2583.16
1989/9/8,2620.63
1989/9/11,2614.6
1989/9/12,2610.15
1989/9/13,2592.14
1989/9/14,2612.82
1989/9/15,2612.82
1989/9/18,2648.21
1989/9/19,2628.3
1989/9/20,2631.2
1989/9/21,2665.75
1989/9/22,2706.36
1989/9/25,2738.7
1989/9/26,2725.41
1989/9/27,2712.57
1989/9/28,2755.32
1989/9/29,2758.25
1989/10/2,2746.7
1989/10/3,2786.65
1989/10/4,2794.39
1989/10/5,2803.17
1989/10/6,2826.21
1989/10/9,2826.21
1989/10/10,2844.04
1989/10/11,2807.78
1989/10/12,2793.45
1989/10/13,2782.3
1989/10/16,2601.7
1989/10/17,2695.9
1989/10/18,2628.55
1989/10/19,2663.37
1989/10/20,2703.95
1989/10/23,2732.17
1989/10/24,2731.97
1989/10/25,2706.6
1989/10/26,2691.18
1989/10/27,2667.99
1989/10/30,2680.3
1989/10/31,2725.29
1989/11/1,2721.68
1989/11/2,2711.86
1989/11/3,2739.79
1989/11/6,2756.12
1989/11/7,2738.09
1989/11/8,2731.07
1989/11/9,2781.44
1989/11/10,2776.86
1989/11/13,2766.33
1989/11/14,2779.58
1989/11/15,2793.4
1989/11/16,2789.51
1989/11/17,2804.29
1989/11/20,2820.28
1989/11/21,2817.19
1989/11/22,2812.02
1989/11/23,2800.79
1989/11/24,2808.53
1989/11/27,2777.1
1989/11/28,2760.08
1989/11/29,2751.48
1989/11/30,2748.35
1989/12/1,2756.9
1989/12/4,2767.46
1989/12/5,2764.44
1989/12/6,2756.39
1989/12/7,2770
1989/12/8,2754.11
1989/12/11,2763.33
1989/12/12,2809.58
1989/12/13,2851.84
1989/12/14,2876.75
1989/12/15,2896.57
1989/12/18,2900.21
1989/12/19,2879.42
1989/12/20,2868.49
1989/12/21,2867.69
1989/12/22,2921.02
1989/12/25,2921.02
1989/12/26,2921.02
1989/12/27,2929.25
1989/12/28,2895.43
1989/12/29,2836.57
1990/1/1,2836.57
1990/1/2,2838.07
1990/1/3,2858.72
1990/1/4,2867.95
1990/1/5,2839.94
1990/1/8,2816.24
1990/1/9,2822.16
1990/1/10,2868
1990/1/11,2855.52
1990/1/12,2835.94
1990/1/15,2786.69
1990/1/16,2751.79
1990/1/17,2754.84
1990/1/18,2771.67
1990/1/19,2776.29
1990/1/22,2771.65
1990/1/23,2762.45
1990/1/24,2756.39
1990/1/25,2768.86
1990/1/26,2768.86
1990/1/29,2768.86
1990/1/30,2760.8
1990/1/31,2751.6
1990/2/1,2738.24
1990/2/2,2736.55
1990/2/5,2756.67
1990/2/6,2792.89
1990/2/7,2844.89
1990/2/8,2903.77
1990/2/9,2893.9
1990/2/12,2894.66
1990/2/13,2863.55
1990/2/14,2870.43
1990/2/15,2910.04
1990/2/16,2939.25
1990/2/19,2968
1990/2/20,2980.9
1990/2/21,2862.27
1990/2/22,2927.92
1990/2/23,2894.31
1990/2/26,2872.63
1990/2/27,2932.62
1990/2/28,2951.98
1990/3/1,2933.13
1990/3/2,2937.93
1990/3/5,2938.68
1990/3/6,2933.23
1990/3/7,2926.45
1990/3/8,2915.73
1990/3/9,2912.67
1990/3/12,2892.98
1990/3/13,2887.62
1990/3/14,2881.23
1990/3/15,2892.81
1990/3/16,2886.46
1990/3/19,2871.39
1990/3/20,2880.03
1990/3/21,2926.92
1990/3/22,2948.67
1990/3/23,2974.16
1990/3/26,3014.02
1990/3/27,3010.85
1990/3/28,2990.7
1990/3/29,3000.52
1990/3/30,2997.98
1990/4/2,2934.7
1990/4/3,2962.45
1990/4/4,2960.88
1990/4/5,2960.88
1990/4/6,2956.12
1990/4/9,2954.74
1990/4/10,2942.33
1990/4/11,2959.98
1990/4/12,2995.69
1990/4/13,2995.69
1990/4/16,2995.69
1990/4/17,3020.44
1990/4/18,3052.35
1990/4/19,3067.67
1990/4/20,3067.3
1990/4/23,3056.86
1990/4/24,3015.84
1990/4/25,3018.58
1990/4/26,3009.34
1990/4/27,2986.33
1990/4/30,2950.09
1990/5/1,2945.18
1990/5/2,2957.76
1990/5/3,2954.61
1990/5/4,2946.97
1990/5/7,2958.91
1990/5/8,2953.58
1990/5/9,2942.27
1990/5/10,2985.42
1990/5/11,2960.46
1990/5/14,2976.44
1990/5/15,2965.09
1990/5/16,2948.89
1990/5/17,2917.63
1990/5/18,2925.89
1990/5/21,2930.83
1990/5/22,2970.87
1990/5/23,3028.31
1990/5/24,3048.01
1990/5/25,3059.5
1990/5/28,3059.5
1990/5/29,3048.55
1990/5/30,3083.35
1990/5/31,3132.32
1990/6/1,3159.17
1990/6/4,3153.22
1990/6/5,3159.06
1990/6/6,3172.49
1990/6/7,3145.3
1990/6/8,3174.33
1990/6/11,3154.99
1990/6/12,3203
1990/6/13,3185.14
1990/6/14,3191.55
1990/6/15,3201.52
1990/6/18,3201.52
1990/6/19,3229.02
1990/6/20,3234.39
1990/6/21,3246.21
1990/6/22,3250.44
1990/6/25,3276.44
1990/6/26,3292.35
1990/6/27,3284.47
1990/6/28,3273.28
1990/6/29,3278.24
1990/7/2,3319.47
1990/7/3,3356.55
1990/7/4,3363.49
1990/7/5,3356.44
1990/7/6,3357.61
1990/7/9,3385.15
1990/7/10,3408.16
1990/7/11,3440.93
1990/7/12,3468.59
1990/7/13,3507.16
1990/7/16,3488.85
1990/7/17,3463.94
1990/7/18,3528.29
1990/7/19,3523.58
1990/7/20,3540.43
1990/7/23,3559.89
1990/7/24,3495.87
1990/7/25,3520.54
1990/7/26,3483.59
1990/7/27,3485.8
1990/7/30,3445.41
1990/7/31,3438.49
1990/8/1,3468.64
1990/8/2,3415.18
1990/8/3,3356.95
1990/8/6,3107.98
1990/8/7,3098.69
1990/8/8,3145.57
1990/8/9,3091.12
1990/8/10,3078.97
1990/8/13,3040.28
1990/8/14,3067.53
1990/8/15,3178.27
1990/8/16,3183.29
1990/8/17,3122.64
1990/8/20,3052.84
1990/8/21,3040
1990/8/22,2954.93
1990/8/23,2871.41
1990/8/24,2918.01
1990/8/27,2918.01
1990/8/28,3078.94
1990/8/29,3015.95
1990/8/30,3064.19
1990/8/31,3087.5
1990/9/3,3066.81
1990/9/4,3054.16
1990/9/5,3039.69
1990/9/6,3032.85
1990/9/7,3047.91
1990/9/10,3087.74
1990/9/11,3083.57
1990/9/12,3105.04
1990/9/13,3093.97
1990/9/14,3062.04
1990/9/17,3019.87
1990/9/18,2996.66
1990/9/19,2980.95
1990/9/20,2984.54
1990/9/21,2931.86
1990/9/24,2861.77
1990/9/25,2807.5
1990/9/26,2778.74
1990/9/27,2767.95
1990/9/28,2760.82
1990/10/1,2791.26
1990/10/2,2905.48
1990/10/3,2862.55
1990/10/4,2862.55
1990/10/5,2850.45
1990/10/8,2925.48
1990/10/9,2913.52
1990/10/10,2872.41
1990/10/11,2884.41
1990/10/12,2915.26
1990/10/15,2916.38
1990/10/16,2949.57
1990/10/17,2958.54
1990/10/18,2950.52
1990/10/19,2991.95
1990/10/22,3015.56
1990/10/23,3081.23
1990/10/24,3042.08
1990/10/25,3050.88
1990/10/26,3050.88
1990/10/29,3063.53
1990/10/30,3011.65
1990/10/31,2990.96
1990/11/1,2968.74
1990/11/2,2978.92
1990/11/5,2967.24
1990/11/6,2966.71
1990/11/7,2955.19
1990/11/8,2932.44
1990/11/9,2932.92
1990/11/12,2949.56
1990/11/13,2998.97
1990/11/14,3006.82
1990/11/15,2990.47
1990/11/16,3008.66
1990/11/19,3042.58
1990/11/20,3031.92
1990/11/21,3013.66
1990/11/22,3023.08
1990/11/23,3016.06
1990/11/26,2995.52
1990/11/27,2998.94
1990/11/28,2986.39
1990/11/29,2978.35
1990/11/30,2965.06
1990/12/3,3020.17
1990/12/4,3020.84
1990/12/5,3066.23
1990/12/6,3126.79
1990/12/7,3163.69
1990/12/10,3149.13
1990/12/11,3144.62
1990/12/12,3160.79
1990/12/13,3150.12
1990/12/14,3125.69
1990/12/17,3051.92
1990/12/18,3066.65
1990/12/19,3083.44
1990/12/20,3078.21
1990/12/21,3079.67
1990/12/24,3060.95
1990/12/25,3060.95
1990/12/26,3060.95
1990/12/27,3066.71
1990/12/28,3053.73
1990/12/31,3024.55
1991/1/1,3024.55
1991/1/2,3031.34
1991/1/3,3004.88
1991/1/4,3046.61
1991/1/7,3026.52
1991/1/8,3009.42
1991/1/9,3027.6
1991/1/10,3035.53
1991/1/11,3058.37
1991/1/14,3037.62
1991/1/15,3000.82
1991/1/16,2984.01
1991/1/17,3087.83
1991/1/18,3072.17
1991/1/21,3066.98
1991/1/22,3062.08
1991/1/23,3090.4
1991/1/24,3140.5
1991/1/25,3206.36
1991/1/28,3198.29
1991/1/29,3192.9
1991/1/30,3200.89
1991/1/31,3243.3
1991/2/1,3223.49
1991/2/4,3250.43
1991/2/5,3345.41
1991/2/6,3365.46
1991/2/7,3333.98
1991/2/8,3359.09
1991/2/11,3394.08
1991/2/12,3395
1991/2/13,3412.66
1991/2/14,3412.66
1991/2/15,3412.66
1991/2/18,3473.42
1991/2/19,3467.84
1991/2/20,3492.16
1991/2/21,3477.61
1991/2/22,3475.34
1991/2/25,3520.45
1991/2/26,3532.43
1991/2/27,3512.79
1991/2/28,3552.14
1991/3/1,3552.37
1991/3/4,3564.34
1991/3/5,3600.49
1991/3/6,3647.33
1991/3/7,3658.24
1991/3/8,3653.19
1991/3/11,3669.03
1991/3/12,3658.07
1991/3/13,3634.48
1991/3/14,3627.91
1991/3/15,3722.39
1991/3/18,3724.35
1991/3/19,3751.4
1991/3/20,3683.41
1991/3/21,3661.16
1991/3/22,3716.15
1991/3/25,3718.55
1991/3/26,3683.9
1991/3/27,3691.82
1991/3/28,3745.97
1991/3/29,3745.97
1991/4/1,3745.97
1991/4/2,3789.99
1991/4/3,3869.7
1991/4/4,3849.15
1991/4/5,3849.15
1991/4/8,3812.01
1991/4/9,3757.3
1991/4/10,3777.62
1991/4/11,3703.93
1991/4/12,3742
1991/4/15,3714.37
1991/4/16,3717.46
1991/4/17,3687.01
1991/4/18,3699.26
1991/4/19,3667.4
1991/4/22,3582.49
1991/4/23,3569.64
1991/4/24,3605.29
1991/4/25,3594.38
1991/4/26,3625.8
1991/4/29,3624.72
1991/4/30,3588.36
1991/5/1,3631.23
1991/5/2,3726.14
1991/5/3,3737.88
1991/5/6,3704.43
1991/5/7,3741.51
1991/5/8,3747.8
1991/5/9,3744.46
1991/5/10,3750.2
1991/5/13,3767.63
1991/5/14,3785.14
1991/5/15,3789.69
1991/5/16,3859.66
1991/5/17,3882.84
1991/5/20,3917.09
1991/5/21,3829.88
1991/5/22,3826.62
1991/5/23,3778.79
1991/5/24,3703.98
1991/5/27,3575.52
1991/5/28,3594.78
1991/5/29,3625.39
1991/5/30,3679.72
1991/5/31,3707.01
1991/6/3,3688.14
1991/6/4,3667.62
1991/6/5,3690.01
1991/6/6,3678.19
1991/6/7,3637.77
1991/6/10,3621.19
1991/6/11,3631.48
1991/6/12,3627.9
1991/6/13,3632.55
1991/6/14,3639.15
1991/6/17,3639.15
1991/6/18,3639.15
1991/6/19,3626.13
1991/6/20,3593.38
1991/6/21,3565.14
1991/6/24,3569.54
1991/6/25,3604.26
1991/6/26,3634.64
1991/6/27,3629.79
1991/6/28,3668.64
1991/7/1,3738.85
1991/7/2,3772.91
1991/7/3,3796.57
1991/7/4,3850.71
1991/7/5,3892.71
1991/7/8,3880.73
1991/7/9,3904.19
1991/7/10,3901.23
1991/7/11,3892.12
1991/7/12,3915.17
1991/7/15,3945.12
1991/7/16,3997.67
1991/7/17,3962.46
1991/7/18,3976.83
1991/7/19,4009.35
1991/7/22,3988.35
1991/7/23,4009.82
1991/7/24,4028.77
1991/7/25,4012.62
1991/7/26,4031.29
1991/7/29,4016.29
1991/7/30,3991.83
1991/7/31,4009.58
1991/8/1,4030.01
1991/8/2,4059.4
1991/8/5,4063.01
1991/8/6,4021.27
1991/8/7,4061.31
1991/8/8,4046.56
1991/8/9,4024.01
1991/8/12,4070.14
1991/8/13,4052.7
1991/8/14,4079.01
1991/8/15,4073.34
1991/8/16,4063.28
1991/8/19,3722.75
1991/8/20,3848.44
1991/8/21,3863.68
1991/8/22,4045.57
1991/8/23,4021.02
1991/8/26,4021.02
1991/8/27,3981.96
1991/8/28,3968.14
1991/8/29,3960.23
1991/8/30,3998.26
1991/9/2,4023.54
1991/9/3,4025.07
1991/9/4,4006.45
1991/9/5,3990.16
1991/9/6,3970.91
1991/9/9,3940.54
1991/9/10,3959.27
1991/9/11,3966.93
1991/9/12,3970.1
1991/9/13,3974.12
1991/9/16,3953.53
1991/9/17,3938.71
1991/9/18,3900.48
1991/9/19,3863.68
1991/9/20,3910.34
1991/9/23,3910.34
1991/9/24,3904.19
1991/9/25,3901.95
1991/9/26,3927.98
1991/9/27,3938.72
1991/9/30,3956.69
1991/10/1,4023.87
1991/10/2,4062.07
1991/10/3,4093.41
1991/10/4,4067.69
1991/10/7,4060.37
1991/10/8,4066.85
1991/10/9,4076.38
1991/10/10,4056.22
1991/10/11,4017.98
1991/10/14,4022.21
1991/10/15,4033.75
1991/10/16,4033.75
1991/10/17,4018.43
1991/10/18,4015.91
1991/10/21,3998.74
1991/10/22,3981.66
1991/10/23,4021.38
1991/10/24,3989.34
1991/10/25,3971.9
1991/10/28,3988.6
1991/10/29,4000.05
1991/10/30,4020.04
1991/10/31,4038.74
1991/11/1,4037.82
1991/11/4,4083.04
1991/11/5,4146.54
1991/11/6,4173.57
1991/11/7,4184.74
1991/11/8,4236.64
1991/11/11,4230.91
1991/11/12,4253.02
1991/11/13,4240.28
1991/11/14,4211.32
1991/11/15,4271.34
1991/11/18,4198.21
1991/11/19,4261.23
1991/11/20,4200.94
1991/11/21,4234.57
1991/11/22,4243.07
1991/11/25,4220.74
1991/11/26,4202.1
1991/11/27,4179.3
1991/11/28,4145.61
1991/11/29,4149.8
1991/12/2,4094.42
1991/12/3,4124.38
1991/12/4,4161.59
1991/12/5,4157.15
1991/12/6,4190.04
1991/12/9,4203.2
1991/12/10,4128.32
1991/12/11,4097.23
1991/12/12,4096
1991/12/13,4155.48
1991/12/16,4171.66
1991/12/17,4185.03
1991/12/18,4177.67
1991/12/19,4182.81
1991/12/20,4142.61
1991/12/23,4146.12
1991/12/24,4192.76
1991/12/25,4192.76
1991/12/26,4192.76
1991/12/27,4236.2
1991/12/30,4275.2
1991/12/31,4297.33
1992/1/1,4297.33
1992/1/2,4301.78
1992/1/3,4307.13
1992/1/6,4306.97
1992/1/7,4347.93
1992/1/8,4337.67
1992/1/9,4334.54
1992/1/10,4348.92
1992/1/13,4325.91
1992/1/14,4367.61
1992/1/15,4382.66
1992/1/16,4412.14
1992/1/17,4454.89
1992/1/20,4510.47
1992/1/21,4522.21
1992/1/22,4550.72
1992/1/23,4625.84
1992/1/24,4600.08
1992/1/27,4554.73
1992/1/28,4586.33
1992/1/29,4571.13
1992/1/30,4571.47
1992/1/31,4601.78
1992/2/3,4672.09
1992/2/4,4672.09
1992/2/5,4672.09
1992/2/6,4672.09
1992/2/7,4711.37
1992/2/10,4733.56
1992/2/11,4674.52
1992/2/12,4732.43
1992/2/13,4763.5
1992/2/14,4772.32
1992/2/17,4719.19
1992/2/18,4747.1
1992/2/19,4725.7
1992/2/20,4716
1992/2/21,4736.47
1992/2/24,4715.62
1992/2/25,4760.2
1992/2/26,4794.71
1992/2/27,4895.13
1992/2/28,4929.06
1992/3/2,4952.19
1992/3/3,4911.13
1992/3/4,4954.5
1992/3/5,4964.29
1992/3/6,4908.9
1992/3/9,4848.63
1992/3/10,4918.95
1992/3/11,5005.96
1992/3/12,5042.81
1992/3/13,5071.19
1992/3/16,5059.86
1992/3/17,5045.39
1992/3/18,5036.07
1992/3/19,4990.59
1992/3/20,5015.81
1992/3/23,5061.14
1992/3/24,5052.32
1992/3/25,5052.23
1992/3/26,5037.71
1992/3/27,5007.58
1992/3/30,4978.27
1992/3/31,4938.3
1992/4/1,4909.96
1992/4/2,4924.27
1992/4/3,4916.7
1992/4/6,4896.9
1992/4/7,4926.43
1992/4/8,4827.58
1992/4/9,4729.39
1992/4/10,4921.11
1992/4/13,4889.14
1992/4/14,4883.53
1992/4/15,4986.11
1992/4/16,5082.69
1992/4/17,5082.69
1992/4/20,5082.69
1992/4/21,5093.09
1992/4/22,5189.03
1992/4/23,5287.78
1992/4/24,5330.17
1992/4/27,5371.77
1992/4/28,5423.39
1992/4/29,5362.41
1992/4/30,5369.57
1992/5/1,5484.21
1992/5/4,5613.78
1992/5/5,5631.21
1992/5/6,5581.2
1992/5/7,5629.58
1992/5/8,5608.19
1992/5/11,5632.34
1992/5/12,5705.93
1992/5/13,5757.95
1992/5/14,5746.45
1992/5/15,5704.5
1992/5/18,5637.09
1992/5/19,5642.24
1992/5/20,5753.76
1992/5/21,5865.61
1992/5/22,5859.68
1992/5/25,5993.11
1992/5/26,6052.08
1992/5/27,6082.7
1992/5/28,5988.13
1992/5/29,6080.15
1992/6/1,6056
1992/6/2,6059.39
1992/6/3,6037.37
1992/6/4,6035.8
1992/6/5,6035.8
1992/6/8,5978.75
1992/6/9,5940.19
1992/6/10,5917.5
1992/6/11,5826.54
1992/6/12,5819.07
1992/6/15,5819.07
1992/6/16,5846.75
1992/6/17,5846.06
1992/6/18,5796.1
1992/6/19,5787.6
1992/6/22,5819.94
1992/6/23,5897.86
1992/6/24,5965.21
1992/6/25,6078.69
1992/6/26,6113.1
1992/6/29,6057.9
1992/6/30,6103.92
1992/7/1,6134.75
1992/7/2,6073.74
1992/7/3,6061.85
1992/7/6,6024.77
1992/7/7,5911.92
1992/7/8,5981.91
1992/7/9,5925.52
1992/7/10,5981.36
1992/7/13,6085.85
1992/7/14,6097.19
1992/7/15,6125.46
1992/7/16,6162.53
1992/7/17,6128.06
1992/7/20,5986.49
1992/7/21,6010.44
1992/7/22,6010.44
1992/7/23,5917.16
1992/7/24,5772.76
1992/7/27,5664.39
1992/7/28,5782.63
1992/7/29,5857.29
1992/7/30,5829.83
1992/7/31,5881.13
1992/8/3,5910.73
1992/8/4,5859.78
1992/8/5,5841.24
1992/8/6,5865.27
1992/8/7,5850.93
1992/8/10,5867.94
1992/8/11,5886.75
1992/8/12,5879.19
1992/8/13,5857.11
1992/8/14,5822.59
1992/8/17,5667.85
1992/8/18,5675.16
1992/8/19,5620.44
1992/8/20,5481.61
1992/8/21,5509.39
1992/8/24,5390.93
1992/8/25,5291.49
1992/8/26,5478.81
1992/8/27,5460.72
1992/8/28,5628.6
1992/8/31,5628.6
1992/9/1,5711.57
1992/9/2,5734.45
1992/9/3,5722.46
1992/9/4,5707.51
1992/9/7,5664.41
1992/9/8,5700.59
1992/9/9,5726.99
1992/9/10,5631.55
1992/9/11,5537.29
1992/9/14,5607.15
1992/9/15,5653.84
1992/9/16,5633.13
1992/9/17,5637.9
1992/9/18,5689.32
1992/9/21,5741.53
1992/9/22,5740.18
1992/9/23,5712.64
1992/9/24,5658.73
1992/9/25,5686.16
1992/9/28,5597.2
1992/9/29,5581.92
1992/9/30,5505.44
1992/10/1,5528.84
1992/10/2,5595.44
1992/10/5,5595.44
1992/10/6,5553.12
1992/10/7,5589.03
1992/10/8,5555.53
1992/10/9,5596.71
1992/10/12,5725.57
1992/10/13,5756.1
1992/10/14,5806.77
1992/10/15,5913.64
1992/10/16,5985.33
1992/10/19,6089.91
1992/10/20,6088.51
1992/10/21,6200.85
1992/10/22,6329.12
1992/10/23,6262.54
1992/10/26,6062.47
1992/10/27,6218.01
1992/10/28,6126.98
1992/10/29,6117.5
1992/10/30,6190.69
1992/11/2,6231.17
1992/11/3,6197.44
1992/11/4,6325.37
1992/11/5,6347.77
1992/11/6,6315.01
1992/11/9,6267.91
1992/11/10,6273.08
1992/11/11,6422.03
1992/11/12,6447.11
1992/11/13,6366.56
1992/11/16,6294.83
1992/11/17,6088.52
1992/11/18,5848.33
1992/11/19,5855.41
1992/11/20,5878.18
1992/11/23,5894.97
1992/11/24,5972.52
1992/11/25,5918.54
1992/11/26,5913.18
1992/11/27,5986.67
1992/11/30,5810.63
1992/12/1,5501.71
1992/12/2,5411.65
1992/12/3,4978.21
1992/12/4,5268.1
1992/12/7,5191.75
1992/12/8,5202.36
1992/12/9,5339.25
1992/12/10,5273.79
1992/12/11,5253.18
1992/12/14,5267.73
1992/12/15,5315.81
1992/12/16,5415.96
1992/12/17,5329.46
1992/12/18,5192.66
1992/12/21,5242.48
1992/12/22,5297.74
1992/12/23,5317.99
1992/12/24,5442.01
1992/12/25,5442.01
1992/12/28,5531.65
1992/12/29,5444.13
1992/12/30,5467.89
1992/12/31,5512.39
1993/1/1,5512.39
1993/1/4,5437.8
1993/1/5,5548.03
1993/1/6,5586.67
1993/1/7,5547.32
1993/1/8,5529.56
1993/1/11,5673.1
1993/1/12,5671.26
1993/1/13,5778.74
1993/1/14,5890.16
1993/1/15,5871.8
1993/1/18,5882.02
1993/1/19,5897.9
1993/1/20,5877.02
1993/1/21,5914.39
1993/1/22,5914.39
1993/1/25,5914.39
1993/1/26,5923.73
1993/1/27,5939.89
1993/1/28,5804.5
1993/1/29,5751.4
1993/2/1,5697.78
1993/2/2,5662.53
1993/2/3,5710.8
1993/2/4,5778.01
1993/2/5,5747.21
1993/2/8,5786.65
1993/2/9,5789.52
1993/2/10,5835.55
1993/2/11,5857
1993/2/12,5858.15
1993/2/15,6049.44
1993/2/16,6065.62
1993/2/17,6087.46
1993/2/18,6186.94
1993/2/19,6170.09
1993/2/22,6231.88
1993/2/23,6149.19
1993/2/24,6177.69
1993/2/25,6203.88
1993/2/26,6351.99
1993/3/1,6398.82
1993/3/2,6344.23
1993/3/3,6436.64
1993/3/4,6467.8
1993/3/5,6502.81
1993/3/8,6482.16
1993/3/9,6508
1993/3/10,6488.46
1993/3/11,6371.84
1993/3/12,6170.4
1993/3/15,5854.61
1993/3/16,5980.04
1993/3/17,5958.33
1993/3/18,6051.26
1993/3/19,6088.34
1993/3/22,6060.04
1993/3/23,6117.95
1993/3/24,6212.19
1993/3/25,6246.97
1993/3/26,6341.25
1993/3/29,6322.9
1993/3/30,6406.49
1993/3/31,6388.86
1993/4/1,6408.88
1993/4/2,6404.44
1993/4/5,6404.44
1993/4/6,6340.83
1993/4/7,6281.7
1993/4/8,6285.67
1993/4/9,6285.67
1993/4/12,6285.67
1993/4/13,6418.21
1993/4/14,6789.74
1993/4/15,6732.04
1993/4/16,6697.15
1993/4/19,6680.15
1993/4/20,6638.54
1993/4/21,6768.39
1993/4/22,6759.24
1993/4/23,6750.94
1993/4/26,6845.75
1993/4/27,6836.88
1993/4/28,6894.9
1993/4/29,6884.05
1993/4/30,6830.51
1993/5/3,6790.11
1993/5/4,6827.29
1993/5/5,6829.33
1993/5/6,6795.52
1993/5/7,6798.34
1993/5/10,6739.23
1993/5/11,6841.97
1993/5/12,7002.6
1993/5/13,7108.76
1993/5/14,7005.29
1993/5/17,7124.12
1993/5/18,7149.3
1993/5/19,7093.88
1993/5/20,7118.96
1993/5/21,7169.96
1993/5/24,7276.39
1993/5/25,7368.18
1993/5/26,7349.72
1993/5/27,7447.24
1993/5/28,7397.91
1993/5/31,7372.19
1993/6/1,7375.81
1993/6/2,7322.23
1993/6/3,7155.29
1993/6/4,7157.49
1993/6/7,7124.73
1993/6/8,7259.74
1993/6/9,7339.08
1993/6/10,7260.58
1993/6/11,7266.74
1993/6/14,7266.74
1993/6/15,7283.46
1993/6/16,7304.83
1993/6/17,7189.1
1993/6/18,7200.75
1993/6/21,7003.58
1993/6/22,7046.73
1993/6/23,7062.64
1993/6/24,7062.64
1993/6/25,7014.08
1993/6/28,7148.1
1993/6/29,7107.47
1993/6/30,7099.28
1993/7/1,7205.38
1993/7/2,7217.93
1993/7/5,7205.41
1993/7/6,7168.34
1993/7/7,7141.11
1993/7/8,7122.39
1993/7/9,7070.61
1993/7/12,6952.59
1993/7/13,6956.1
1993/7/14,6955.5
1993/7/15,6978.54
1993/7/16,6925.22
1993/7/19,6813.72
1993/7/20,6846.81
1993/7/21,6839.98
1993/7/22,6760.02
1993/7/23,6750.33
1993/7/26,6858.08
1993/7/27,6865.97
1993/7/28,6903.21
1993/7/29,6899.93
1993/7/30,6988.96
1993/8/2,7029.03
1993/8/3,7211.83
1993/8/4,7164.2
1993/8/5,7307.54
1993/8/6,7396.77
1993/8/9,7382.22
1993/8/10,7329.81
1993/8/11,7357.63
1993/8/12,7339.55
1993/8/13,7392.25
1993/8/16,7489.49
1993/8/17,7528.79
1993/8/18,7560.97
1993/8/19,7605.26
1993/8/20,7545.36
1993/8/23,7388.42
1993/8/24,7327.68
1993/8/25,7265.58
1993/8/26,7449.08
1993/8/27,7422.98
1993/8/30,7422.98
1993/8/31,7549.73
1993/9/1,7542.19
1993/9/2,7493.45
1993/9/3,7512.13
1993/9/6,7519.66
1993/9/7,7546.71
1993/9/8,7607.13
1993/9/9,7586.76
1993/9/10,7593.45
1993/9/13,7475.97
1993/9/14,7473.85
1993/9/15,7488.77
1993/9/16,7418.11
1993/9/17,7418.11
1993/9/20,7390.6
1993/9/21,7495.31
1993/9/22,7478.9
1993/9/23,7581
1993/9/24,7525.05
1993/9/27,7452.09
1993/9/28,7470.5
1993/9/29,7551.1
1993/9/30,7676.22
1993/10/1,7676.22
1993/10/4,7744.32
1993/10/5,7869.48
1993/10/6,8041.57
1993/10/7,8066.79
1993/10/8,8005.56
1993/10/11,8192.18
1993/10/12,8253.45
1993/10/13,8292.96
1993/10/14,8412.4
1993/10/15,8763.98
1993/10/18,9031.13
1993/10/19,8861.41
1993/10/20,8902.8
1993/10/21,8882.68
1993/10/22,8719.32
1993/10/25,8767.5
1993/10/26,8790.9
1993/10/27,8903.2
1993/10/28,9010.27
1993/10/29,9329.09
1993/11/1,9629.19
1993/11/2,9642.91
1993/11/3,9352.11
1993/11/4,9204.88
1993/11/5,8996.93
1993/11/8,9177.95
1993/11/9,9088.47
1993/11/10,9325.44
1993/11/11,9674.83
1993/11/12,9701.25
1993/11/15,9733.34
1993/11/16,9683.65
1993/11/17,9506.98
1993/11/18,9335.43
1993/11/19,9263.94
1993/11/22,9170.64
1993/11/23,9036.02
1993/11/24,9238.06
1993/11/25,9286.31
1993/11/26,9274.42
1993/11/29,9012.77
1993/11/30,9125.21
1993/12/1,9254.03
1993/12/2,9238.2
1993/12/3,9294.35
1993/12/6,9609.69
1993/12/7,9736.57
1993/12/8,9750.23
1993/12/9,9990.26
1993/12/10,10228.11
1993/12/13,10248.59
1993/12/14,10021.48
1993/12/15,9945.26
1993/12/16,10339.66
1993/12/17,10568.86
1993/12/20,10814.78
1993/12/21,10524.28
1993/12/22,10707.96
1993/12/23,10881.2
1993/12/24,11039.84
1993/12/27,11039.84
1993/12/28,11570.22
1993/12/29,11449.77
1993/12/30,11877.47
1993/12/31,11888.39
1994/1/3,12086.49
1994/1/4,12201.09
1994/1/5,12167.93
1994/1/6,11374.5
1994/1/7,11001.48
1994/1/10,11366.94
1994/1/11,11155.81
1994/1/12,10712.73
1994/1/13,10176.51
1994/1/14,10774.25
1994/1/17,10792.92
1994/1/18,11017.69
1994/1/19,11363.77
1994/1/20,11264.84
1994/1/21,11459.37
1994/1/24,11600.09
1994/1/25,11490.94
1994/1/26,11239.57
1994/1/27,11470.42
1994/1/28,11377.83
1994/1/31,11487.02
1994/2/1,11826.89
1994/2/2,11785.83
1994/2/3,11851.13
1994/2/4,12157.57
1994/2/7,11414.27
1994/2/8,11454.16
1994/2/9,11504.03
1994/2/10,11504.03
1994/2/11,11504.03
1994/2/14,10988.81
1994/2/15,11012.33
1994/2/16,10634.14
1994/2/17,10786.58
1994/2/18,10825.88
1994/2/21,10456.45
1994/2/22,10674.01
1994/2/23,10763.23
1994/2/24,10432.02
1994/2/25,10100.25
1994/2/28,10410.23
1994/3/1,10148.36
1994/3/2,9877.43
1994/3/3,9802.03
1994/3/4,9918.19
1994/3/7,10061.55
1994/3/8,10294.58
1994/3/9,10224.38
1994/3/10,10129.05
1994/3/11,9905.66
1994/3/14,9980.07
1994/3/15,9863.56
1994/3/16,9720.61
1994/3/17,9513.13
1994/3/18,9132.31
1994/3/21,8667.03
1994/3/22,9012.17
1994/3/23,9465.53
1994/3/24,9320.75
1994/3/25,9234.21
1994/3/28,9197.03
1994/3/29,9480.14
1994/3/30,9232.21
1994/3/31,9029.91
1994/4/1,9029.91
1994/4/4,9029.91
1994/4/5,9029.91
1994/4/6,9234.31
1994/4/7,9285.92
1994/4/8,9298.22
1994/4/11,9476.77
1994/4/12,9738.09
1994/4/13,9753.76
1994/4/14,9600.63
1994/4/15,9536.06
1994/4/18,9506.84
1994/4/19,9303.91
1994/4/20,9221.01
1994/4/21,8934.59
1994/4/22,9156.85
1994/4/25,9136.11
1994/4/26,9328.64
1994/4/27,9113.25
1994/4/28,9163.09
1994/4/29,8966.07
1994/5/2,8799.7
1994/5/3,8679.13
1994/5/4,8369.44
1994/5/5,8412.88
1994/5/6,8620.27
1994/5/9,8421.7
1994/5/10,8540.09
1994/5/11,8906.16
1994/5/12,8878.86
1994/5/13,9134.72
1994/5/16,9253.41
1994/5/17,9044.7
1994/5/18,9476.64
1994/5/19,9354.98
1994/5/20,9631.63
1994/5/23,9589.78
1994/5/24,9490.11
1994/5/25,9521.37
1994/5/26,9481.71
1994/5/27,9470.13
1994/5/30,9523.63
1994/5/31,9553.56
1994/6/1,9512.07
1994/6/2,9222.34
1994/6/3,9234.27
1994/6/6,9383.03
1994/6/7,9247.88
1994/6/8,9291.18
1994/6/9,9190.64
1994/6/10,9111.16
1994/6/13,9111.16
1994/6/14,9111.16
1994/6/15,9149.52
1994/6/16,9022.92
1994/6/17,9113.96
1994/6/20,8998.18
1994/6/21,8857.78
1994/6/22,8876.84
1994/6/23,8966.79
1994/6/24,8881
1994/6/27,8647.48
1994/6/28,8673.49
1994/6/29,8640.31
1994/6/30,8758.41
1994/7/1,8634.37
1994/7/4,8628.28
1994/7/5,8623.19
1994/7/6,8454.92
1994/7/7,8490.86
1994/7/8,8432.96
1994/7/11,8394.94
1994/7/12,8591.45
1994/7/13,8828.91
1994/7/14,8808.28
1994/7/15,9117.02
1994/7/18,9193.83
1994/7/19,9145.01
1994/7/20,9188.82
1994/7/21,9117.66
1994/7/22,9152.99
1994/7/25,9174.62
1994/7/26,9194.36
1994/7/27,9402.18
1994/7/28,9402.66
1994/7/29,9482.81
1994/8/1,9683.68
1994/8/2,9695.03
1994/8/3,9585.89
1994/8/4,9642.85
1994/8/5,9602.21
1994/8/8,9537.87
1994/8/9,9446.43
1994/8/10,9618.08
1994/8/11,9524.54
1994/8/12,9464.56
1994/8/15,9486.13
1994/8/16,9366.62
1994/8/17,9537.98
1994/8/18,9518.89
1994/8/19,9404.44
1994/8/22,9457.33
1994/8/23,9234.06
1994/8/24,9238.69
1994/8/25,9336.11
1994/8/26,9399.08
1994/8/29,9399.08
1994/8/30,9686.56
1994/8/31,9929.39
1994/9/1,9890.9
1994/9/2,9901.56
1994/9/5,9962.04
1994/9/6,10035.97
1994/9/7,10165.87
1994/9/8,10150.98
1994/9/9,10145.02
1994/9/12,9890.37
1994/9/13,9937.01
1994/9/14,9846.4
1994/9/15,9862.64
1994/9/16,9968.52
1994/9/19,9801.43
1994/9/20,9824.75
1994/9/21,9824.75
1994/9/22,9668.14
1994/9/23,9632.47
1994/9/26,9643.63
1994/9/27,9610.24
1994/9/28,9693.49
1994/9/29,9700.21
1994/9/30,9521.24
1994/10/3,9492.49
1994/10/4,9504.12
1994/10/5,9298.36
1994/10/6,9276.25
1994/10/7,9284.88
1994/10/10,9248.4
1994/10/11,9362.32
1994/10/12,9532.35
1994/10/13,9532.35
1994/10/14,9550.93
1994/10/17,9455.94
1994/10/18,9418.57
1994/10/19,9320.06
1994/10/20,9388.78
1994/10/21,9338.59
1994/10/24,9364.29
1994/10/25,9246.5
1994/10/26,9252.44
1994/10/27,9304.58
1994/10/28,9379.47
1994/10/31,9646.25
1994/11/1,9573.4
1994/11/2,9451.76
1994/11/3,9491.96
1994/11/4,9530.4
1994/11/7,9434.31
1994/11/8,9416.09
1994/11/9,9405.48
1994/11/10,9390.76
1994/11/11,9367.85
1994/11/14,9378.92
1994/11/15,9565.66
1994/11/16,9592.24
1994/11/17,9518.28
1994/11/18,9427.44
1994/11/21,9303.24
1994/11/22,8948.43
1994/11/23,8576.03
1994/11/24,8647.86
1994/11/25,8658.83
1994/11/28,8662.37
1994/11/29,8658.26
1994/11/30,8466.26
1994/12/1,8430.8
1994/12/2,8221.57
1994/12/5,8302.53
1994/12/6,8332.65
1994/12/7,8268.5
1994/12/8,8068.31
1994/12/9,7789.07
1994/12/12,7707.78
1994/12/13,7849.75
1994/12/14,7997.35
1994/12/15,8259.56
1994/12/16,8166.39
1994/12/19,8178.34
1994/12/20,8267.33
1994/12/21,8331.56
1994/12/22,8412.66
1994/12/23,8311.88
1994/12/26,8311.88
1994/12/27,8311.88
1994/12/28,8268.22
1994/12/29,8196.02
1994/12/30,8191.04
1995/1/2,8191.04
1995/1/3,7844.14
1995/1/4,7887.01
1995/1/5,7918.38
1995/1/6,7683.25
1995/1/9,7528.88
1995/1/10,7541.72
1995/1/11,7392.75
1995/1/12,7418.05
1995/1/13,7252.34
1995/1/16,7504.24
1995/1/17,7606.51
1995/1/18,7630.2
1995/1/19,7422
1995/1/20,7278.1
1995/1/23,6967.93
1995/1/24,7022.9
1995/1/25,7240.72
1995/1/26,7310.53
1995/1/27,7297.12
1995/1/30,7342.65
1995/1/31,7342.65
1995/2/1,7342.65
1995/2/2,7342.65
1995/2/3,7478.92
1995/2/6,7897.8
1995/2/7,8004.01
1995/2/8,7934.83
1995/2/9,8054.88
1995/2/10,8012.82
1995/2/13,7974.82
1995/2/14,7862.67
1995/2/15,8103.14
1995/2/16,8133.34
1995/2/17,8043.01
1995/2/20,7906.74
1995/2/21,8082.29
1995/2/22,7909.27
1995/2/23,7976.41
1995/2/24,8218.95
1995/2/27,8126.65
1995/2/28,8327.52
1995/3/1,8296.96
1995/3/2,8253.33
1995/3/3,8185.15
1995/3/6,8093.91
1995/3/7,8138.66
1995/3/8,7929.99
1995/3/9,8076.79
1995/3/10,7949.39
1995/3/13,8111.27
1995/3/14,8094.58
1995/3/15,8365.21
1995/3/16,8347.75
1995/3/17,8534.71
1995/3/20,8594.43
1995/3/21,8580.31
1995/3/22,8509.11
1995/3/23,8467.67
1995/3/24,8484.66
1995/3/27,8687.54
1995/3/28,8827.93
1995/3/29,8732.75
1995/3/30,8676.17
1995/3/31,8587.72
1995/4/3,8400.44
1995/4/4,8491.93
1995/4/5,8491.93
1995/4/6,8418.18
1995/4/7,8470.28
1995/4/10,8469.78
1995/4/11,8514.6
1995/4/12,8509.69
1995/4/13,8661.99
1995/4/14,8661.99
1995/4/17,8661.99
1995/4/18,8644.97
1995/4/19,8581.86
1995/4/20,8631.37
1995/4/21,8645.39
1995/4/24,8625.55
1995/4/25,8505.6
1995/4/26,8285.69
1995/4/27,8312.29
1995/4/28,8361.03
1995/5/1,8226.04
1995/5/2,8212.11
1995/5/3,8299.67
1995/5/4,8319.75
1995/5/5,8332.17
1995/5/8,8488.36
1995/5/9,8574.08
1995/5/10,8796.88
1995/5/11,9025.66
1995/5/12,9217.83
1995/5/15,9189.79
1995/5/16,9162.32
1995/5/17,9170.24
1995/5/18,9115.72
1995/5/19,9013.32
1995/5/22,9058.74
1995/5/23,9302.86
1995/5/24,9258.18
1995/5/25,9390.6
1995/5/26,9329.18
1995/5/29,9316.17
1995/5/30,9245.3
1995/5/31,9407.38
1995/6/1,9559.74
1995/6/2,9559.74
1995/6/5,9570.37
1995/6/6,9497.83
1995/6/7,9382.58
1995/6/8,9292.78
1995/6/9,9267.62
1995/6/12,9121.45
1995/6/13,9103.17
1995/6/14,9364.77
1995/6/15,9262
1995/6/16,9313.95
1995/6/19,9313.95
1995/6/20,9278.69
1995/6/21,9243.65
1995/6/22,9158.95
1995/6/23,9224.36
1995/6/26,9201.25
1995/6/27,9199.54
1995/6/28,9151.37
1995/6/29,9200.13
1995/6/30,9206.54
1995/7/3,9138.21
1995/7/4,9182.47
1995/7/5,9407.27
1995/7/6,9376.87
1995/7/7,9632.25
1995/7/10,9727.54
1995/7/11,9669.97
1995/7/12,9639.62
1995/7/13,9742.44
1995/7/14,9727.96
1995/7/17,9633.98
1995/7/18,9616.98
1995/7/19,9418.91
1995/7/20,9423.2
1995/7/21,9410.23
1995/7/24,9288.04
1995/7/25,9359.1
1995/7/26,9354.95
1995/7/27,9361.33
1995/7/28,9451.69
1995/7/31,9453.42
1995/8/1,9385.27
1995/8/2,9410.14
1995/8/3,9379.72
1995/8/4,9362.83
1995/8/7,9318.4
1995/8/8,9303.82
1995/8/9,9301.65
1995/8/10,9142.55
1995/8/11,9006.93
1995/8/14,8924.27
1995/8/15,8931.31
1995/8/16,8985.05
1995/8/17,8896.66
1995/8/18,8895.82
1995/8/21,8900.48
1995/8/22,8947.19
1995/8/23,9132.64
1995/8/24,9058.34
1995/8/25,9080.39
1995/8/28,9080.39
1995/8/29,9152.89
1995/8/30,9197.21
1995/8/31,9179.86
1995/9/1,9196.47
1995/9/4,9252.95
1995/9/5,9222.91
1995/9/6,9194.68
1995/9/7,9278.99
1995/9/8,9393.21
1995/9/11,9438.95
1995/9/12,9434.81
1995/9/13,9581.36
1995/9/14,9680.1
1995/9/15,9797.4
1995/9/18,9770.05
1995/9/19,9646.14
1995/9/20,9630.96
1995/9/21,9536.27
1995/9/22,9541.87
1995/9/25,9497.88
1995/9/26,9583.34
1995/9/27,9650.6
1995/9/28,9600.56
1995/9/29,9646.34
1995/10/2,9724.98
1995/10/3,9805.46
1995/10/4,9939.95
1995/10/5,9888.04
1995/10/6,9873.9
1995/10/9,9863.44
1995/10/10,9730.92
1995/10/11,9635.06
1995/10/12,9685.14
1995/10/13,9883.78
1995/10/16,10009.28
1995/10/17,10032.93
1995/10/18,9973.7
1995/10/19,9981.61
1995/10/20,9895.24
1995/10/23,9880.53
1995/10/24,9775.66
1995/10/25,9841.06
1995/10/26,9774.48
1995/10/27,9680.75
1995/10/30,9672.39
1995/10/31,9782.39
1995/11/1,9782.39
1995/11/2,9749.36
1995/11/3,9855.8
1995/11/6,9736.1
1995/11/7,9732.41
1995/11/8,9562.45
1995/11/9,9497.83
1995/11/10,9411.85
1995/11/13,9385.22
1995/11/14,9407.37
1995/11/15,9431.38
1995/11/16,9367.65
1995/11/17,9287.9
1995/11/20,9373.91
1995/11/21,9452.09
1995/11/22,9501.61
1995/11/23,9505.67
1995/11/24,9488.75
1995/11/27,9523.87
1995/11/28,9623.79
1995/11/29,9617.32
1995/11/30,9813.34
1995/12/1,9862.55
1995/12/4,9940.63
1995/12/5,9975.37
1995/12/6,9898.89
1995/12/7,9863.98
1995/12/8,9863.61
1995/12/11,9835.17
1995/12/12,9927.79
1995/12/13,9920.88
1995/12/14,9912.84
1995/12/15,9858.65
1995/12/18,9806.58
1995/12/19,9705.86
1995/12/20,9877.86
1995/12/21,9907.61
1995/12/22,9932.2
1995/12/25,9932.2
1995/12/26,9932.2
1995/12/27,9985.23
1995/12/28,9998.17
1995/12/29,10073.39
1996/1/1,10073.39
1996/1/2,10204.87
1996/1/3,10397.44
1996/1/4,10573.9
1996/1/5,10529.9
1996/1/8,10466.67
1996/1/9,10427.2
1996/1/10,10304.63
1996/1/11,10429.82
1996/1/12,10540.01
1996/1/15,10634.5
1996/1/16,10671.15
1996/1/17,10593.82
1996/1/18,10536.49
1996/1/19,10764.09
1996/1/22,10955.33
1996/1/23,10957.22
1996/1/24,10960.21
1996/1/25,11103.08
1996/1/26,11111.87
1996/1/29,11058.97
1996/1/30,11201.46
1996/1/31,11359.7
1996/2/1,11362.8
1996/2/2,11469.4
1996/2/5,11484.12
1996/2/6,11391.38
1996/2/7,11388.59
1996/2/8,11331.77
1996/2/9,11310.28
1996/2/12,11256.59
1996/2/13,11200.19
1996/2/14,11364.46
1996/2/15,11471.81
1996/2/16,11594.99
1996/2/19,11594.99
1996/2/20,11594.99
1996/2/21,11594.99
1996/2/22,11338.45
1996/2/23,11390.41
1996/2/26,11210.42
1996/2/27,11197.02
1996/2/28,11264.65
1996/2/29,11125.68
1996/3/1,11194.94
1996/3/4,11254.05
1996/3/5,11454.08
1996/3/6,11378.73
1996/3/7,11194.48
1996/3/8,11217.79
1996/3/11,10397.45
1996/3/12,10602.45
1996/3/13,10249.48
1996/3/14,10451.75
1996/3/15,10557.58
1996/3/18,10601.28
1996/3/19,10880.5
1996/3/20,10836.53
1996/3/21,11027.96
1996/3/22,11026.73
1996/3/25,11111.76
1996/3/26,10984.47
1996/3/27,11066.57
1996/3/28,11030.58
1996/3/29,10957.2
1996/4/1,10926.84
1996/4/2,11144.64
1996/4/3,11139.88
1996/4/4,11139.88
1996/4/5,11139.88
1996/4/8,11139.88
1996/4/9,11107.37
1996/4/10,11077.55
1996/4/11,10892.57
1996/4/12,10849.8
1996/4/15,10949.57
1996/4/16,11032.98
1996/4/17,10962.69
1996/4/18,10909.29
1996/4/19,10818.49
1996/4/22,10909.98
1996/4/23,10889.05
1996/4/24,10898.69
1996/4/25,10753.38
1996/4/26,10732.79
1996/4/29,10835.75
1996/4/30,10964.53
1996/5/1,10907.01
1996/5/2,10929.9
1996/5/3,10734.24
1996/5/6,10697.54
1996/5/7,10702.17
1996/5/8,10617.32
1996/5/9,10573
1996/5/10,10597.73
1996/5/13,10746
1996/5/14,10817.88
1996/5/15,10863.83
1996/5/16,10833.41
1996/5/17,10816.85
1996/5/20,10987.59
1996/5/21,11088.77
1996/5/22,11082.79
1996/5/23,11030.84
1996/5/24,11019.16
1996/5/27,11081.69
1996/5/28,11107.02
1996/5/29,11200.56
1996/5/30,11157.07
1996/5/31,11264.73
1996/6/3,11059.81
1996/6/4,11086.91
1996/6/5,11092.51
1996/6/6,11225.83
1996/6/7,11196.55
1996/6/10,11143.24
1996/6/11,10993.55
1996/6/12,10958.67
1996/6/13,10866.02
1996/6/14,10864.99
1996/6/17,10864.99
1996/6/18,10952.78
1996/6/19,10904.47
1996/6/20,10904.47
1996/6/21,10855.29
1996/6/24,10959.72
1996/6/25,10982.77
1996/6/26,11059.92
1996/6/27,11002.45
1996/6/28,11020.9
1996/7/1,11002.61
1996/7/2,11084.43
1996/7/3,11063.28
1996/7/4,11181.82
1996/7/5,11177.13
1996/7/8,10890.05
1996/7/9,10929.63
1996/7/10,10911.76
1996/7/11,10921.35
1996/7/12,10802.68
1996/7/15,10800.13
1996/7/16,10627.98
1996/7/17,10609.1
1996/7/18,10711.24
1996/7/19,10845.3
1996/7/22,10798.29
1996/7/23,10865.31
1996/7/24,10699.86
1996/7/25,10706.97
1996/7/26,10705.57
1996/7/29,10651.8
1996/7/30,10585.86
1996/7/31,10681.42
1996/8/1,10789.87
1996/8/2,10961.97
1996/8/5,11071.43
1996/8/6,11134.6
1996/8/7,11127.54
1996/8/8,11164.36
1996/8/9,11104.03
1996/8/12,11181.88
1996/8/13,11165.67
1996/8/14,11166.77
1996/8/15,11158.39
1996/8/16,11175.98
1996/8/19,11213.48
1996/8/20,11312.51
1996/8/21,11436.5
1996/8/22,11478.77
1996/8/23,11424.64
1996/8/26,11424.64
1996/8/27,11338.93
1996/8/28,11379.49
1996/8/29,11328.21
1996/8/30,11159.02
1996/9/2,11106.57
1996/9/3,10957.18
1996/9/4,11076.95
1996/9/5,11040.51
1996/9/6,11025.59
1996/9/9,11212.6
1996/9/10,11223.62
1996/9/11,11236.36
1996/9/12,11251.72
1996/9/13,11369.04
1996/9/16,11567.9
1996/9/17,11621.61
1996/9/18,11594.03
1996/9/19,11586.68
1996/9/20,11592.36
1996/9/23,11622.13
1996/9/24,11546.7
1996/9/25,11603.53
1996/9/26,11636.13
1996/9/27,11759.39
1996/9/30,11902.43
1996/10/1,11921.22
1996/10/2,11951.88
1996/10/3,12014.56
1996/10/4,11905.51
1996/10/7,12133.07
1996/10/8,12106.76
1996/10/9,12250.57
1996/10/10,12242.47
1996/10/11,12218.4
1996/10/14,12330.35
1996/10/15,12490.7
1996/10/16,12396.18
1996/10/17,12436.8
1996/10/18,12510.05
1996/10/21,12510.05
1996/10/22,12444.66
1996/10/23,12492.37
1996/10/24,12473.56
1996/10/25,12388.38
1996/10/28,12262.77
1996/10/29,12192.17
1996/10/30,12405.47
1996/10/31,12477.56
1996/11/1,12529.27
1996/11/4,12559.4
1996/11/5,12502.7
1996/11/6,12775.47
1996/11/7,12735.26
1996/11/8,12751.16
1996/11/11,12771.86
1996/11/12,12806.31
1996/11/13,12943.69
1996/11/14,13004.8
1996/11/15,12889.37
1996/11/18,13042.8
1996/11/19,13056.93
1996/11/20,13167.16
1996/11/21,13099.56
1996/11/22,13116.79
1996/11/25,13239.39
1996/11/26,13485.33
1996/11/27,13530.95
1996/11/28,13310.76
1996/11/29,13393.93
1996/12/2,13517.56
1996/12/3,13456.26
1996/12/4,13434.24
1996/12/5,13491.56
1996/12/6,13102.73
1996/12/9,13144.23
1996/12/10,13342.46
1996/12/11,13189.6
1996/12/12,13053.28
1996/12/13,12784.07
1996/12/16,12937.48
1996/12/17,12815.37
1996/12/18,12766.02
1996/12/19,12846.56
1996/12/20,13131.41
1996/12/23,13331.48
1996/12/24,13341.61
1996/12/25,13341.61
1996/12/26,13341.61
1996/12/27,13404.14
1996/12/30,13480.75
1996/12/31,13451.45
1997/1/1,13451.45
1997/1/2,13203.44
1997/1/3,13222.79
1997/1/6,13443.93
1997/1/7,13420.16
1997/1/8,13454.93
1997/1/9,13198.11
1997/1/10,13191.5
1997/1/13,13289.21
1997/1/14,13293.87
1997/1/15,13766.65
1997/1/16,13830.68
1997/1/17,13856.4
1997/1/20,13868.24
1997/1/21,13732.79
1997/1/22,13692.79
1997/1/23,13610.33
1997/1/24,13379.55
1997/1/27,13294.9
1997/1/28,13403.29
1997/1/29,13285.43
1997/1/30,13288.4
1997/1/31,13321.79
1997/2/3,13451.07
1997/2/4,13548.43
1997/2/5,13660.5
1997/2/6,13660.5
1997/2/7,13660.5
1997/2/10,13643.54
1997/2/11,13454.21
1997/2/12,13462.61
1997/2/13,13239.95
1997/2/14,13113.26
1997/2/17,13144.62
1997/2/18,13102.94
1997/2/19,13106.32
1997/2/20,13411.33
1997/2/21,13444.85
1997/2/24,13375.69
1997/2/25,13520.26
1997/2/26,13541.83
1997/2/27,13546.6
1997/2/28,13398.72
1997/3/3,13507.28
1997/3/4,13450.08
1997/3/5,13410.76
1997/3/6,13416.36
1997/3/7,13337.35
1997/3/10,13268.76
1997/3/11,13252.2
1997/3/12,13119.13
1997/3/13,12917.09
1997/3/14,12736.53
1997/3/17,12838.53
1997/3/18,12748.91
1997/3/19,12651.42
1997/3/20,12472.33
1997/3/21,12489.3
1997/3/24,12749.14
1997/3/25,12832.53
1997/3/26,12776.39
1997/3/27,12534.32
1997/3/28,12534.32
1997/3/31,12534.32
1997/4/1,12074.19
1997/4/2,12136.32
1997/4/3,12055.17
1997/4/4,12204.59
1997/4/7,12287.84
1997/4/8,12398.57
1997/4/9,12426.68
1997/4/10,12358.7
1997/4/11,12516.6
1997/4/14,12295.97
1997/4/15,12342.02
1997/4/16,12581.31
1997/4/17,12516.23
1997/4/18,12541.18
1997/4/21,12626.04
1997/4/22,12580.85
1997/4/23,12707.04
1997/4/24,12726.83
1997/4/25,12645.76
1997/4/28,12610.17
1997/4/29,12600.42
1997/4/30,12903.3
1997/5/1,13020.78
1997/5/2,13081.7
1997/5/5,13399.34
1997/5/6,13579.34
1997/5/7,13605.91
1997/5/8,13740.3
1997/5/9,13930.8
1997/5/12,13987.8
1997/5/13,13906.46
1997/5/14,14153.58
1997/5/15,14041.9
1997/5/16,14062.37
1997/5/19,14108.82
1997/5/20,14236.2
1997/5/21,14235.52
1997/5/22,14212
1997/5/23,14331.68
1997/5/26,14574.64
1997/5/27,14540.16
1997/5/28,14556.48
1997/5/29,14416.57
1997/5/30,14757.81
1997/6/2,14990.9
1997/6/3,14760.17
1997/6/4,14831.58
1997/6/5,14795.52
1997/6/6,14655.13
1997/6/9,14655.13
1997/6/10,14439.71
1997/6/11,14421.52
1997/6/12,13924.34
1997/6/13,14112.55
1997/6/16,14394.6
1997/6/17,14307.15
1997/6/18,14203.89
1997/6/19,14506.49
1997/6/20,15154.36
1997/6/23,15021.23
1997/6/24,14890.96
1997/6/25,15065.02
1997/6/26,15128.02
1997/6/27,15196.79
1997/6/30,15196.79
1997/7/1,15196.79
1997/7/2,15196.79
1997/7/3,15055.74
1997/7/4,14822.97
1997/7/7,14858.58
1997/7/8,14792.17
1997/7/9,14703.73
1997/7/10,14839.23
1997/7/11,15225.29
1997/7/14,15370.94
1997/7/15,15487.24
1997/7/16,15446.02
1997/7/17,15706.29
1997/7/18,15570.4
1997/7/21,15536.3
1997/7/22,15446.78
1997/7/23,15738.81
1997/7/24,15709.23
1997/7/25,15658.12
1997/7/28,15666.59
1997/7/29,15772.06
1997/7/30,15983.18
1997/7/31,16365.71
1997/8/1,16379.22
1997/8/4,16259.59
1997/8/5,16371.52
1997/8/6,16541.6
1997/8/7,16673.27
1997/8/8,16647.54
1997/8/11,16460.47
1997/8/12,16383.41
1997/8/13,16482.93
1997/8/14,16497.71
1997/8/15,16096.88
1997/8/18,16096.88
1997/8/19,15477.26
1997/8/20,15855.67
1997/8/21,15654.03
1997/8/22,15429.75
1997/8/25,15598.88
1997/8/26,15547.22
1997/8/27,15533.95
1997/8/28,14876.1
1997/8/29,14135.25
1997/9/1,13425.65
1997/9/2,13735.33
1997/9/3,14713.99
1997/9/4,14199.17
1997/9/5,14563.55
1997/9/8,14806.49
1997/9/9,14996.66
1997/9/10,14805.44
1997/9/11,14308.3
1997/9/12,14470.46
1997/9/15,14630.65
1997/9/16,14411.19
1997/9/17,14411.19
1997/9/18,14419.45
1997/9/19,14384.13
1997/9/22,14108.08
1997/9/23,14094.38
1997/9/24,14205.44
1997/9/25,14636.59
1997/9/26,14710.87
1997/9/29,14864.37
1997/9/30,15049.3
1997/10/1,15049.3
1997/10/2,15049.3
1997/10/3,15128.02
1997/10/6,14776.78
1997/10/7,14810.76
1997/10/8,14838.52
1997/10/9,14273.12
1997/10/10,14273.12
1997/10/13,14072.9
1997/10/14,13836.56
1997/10/15,13384.24
1997/10/16,13567.26
1997/10/17,13601.01
1997/10/20,12970.88
1997/10/21,12403.1
1997/10/22,11637.77
1997/10/23,10426.3
1997/10/24,11144.34
1997/10/27,10498.2
1997/10/28,9059.89
1997/10/29,10765.3
1997/10/30,10362.86
1997/10/31,10623.78
1997/11/3,11255.11
1997/11/4,10780.78
1997/11/5,10681.75
1997/11/6,10412.56
1997/11/7,10104.5
1997/11/10,9992.84
1997/11/11,10004.13
1997/11/12,9607.91
1997/11/13,9720.78
1997/11/14,9957.33
1997/11/17,10419.75
1997/11/18,10245.18
1997/11/19,10154.36
1997/11/20,10050.68
1997/11/21,10548.2
1997/11/24,10586.36
1997/11/25,10325.56
1997/11/26,10590.11
1997/11/27,10583.1
1997/11/28,10526.92
1997/12/1,10750.88
1997/12/2,11216.35
1997/12/3,11207.58
1997/12/4,11474.94
1997/12/5,11527.6
1997/12/8,11722.94
1997/12/9,11490.66
1997/12/10,11022.41
1997/12/11,10420.22
1997/12/12,10614.66
1997/12/15,10435.15
1997/12/16,10346.38
1997/12/17,10692.7
1997/12/18,10754.11
1997/12/19,10405.81
1997/12/22,10172.47
1997/12/23,10368.1
1997/12/24,10342.44
1997/12/25,10342.44
1997/12/26,10342.44
1997/12/29,10502.99
1997/12/30,10755.21
1997/12/31,10722.76
1998/1/1,10722.76
1998/1/2,10680.57
1998/1/5,10303.54
1998/1/6,10135.51
1998/1/7,9538.61
1998/1/8,9254.53
1998/1/9,8894.64
1998/1/12,8121.06
1998/1/13,8720
1998/1/14,9226.55
1998/1/15,8578.98
1998/1/16,8900.04
1998/1/19,9400.42
1998/1/20,9433.7
1998/1/21,9246.8
1998/1/22,8883.73
1998/1/23,8920.2
1998/1/26,8973.86
1998/1/27,9252.36
1998/1/28,9252.36
1998/1/29,9252.36
1998/1/30,9252.36
1998/2/2,10578.6
1998/2/3,10525.51
1998/2/4,10302.61
1998/2/5,10442.13
1998/2/6,10485.86
1998/2/9,10873.15
1998/2/10,10859.67
1998/2/11,10793.41
1998/2/12,10620.03
1998/2/13,10274.6
1998/2/16,10124.03
1998/2/17,10232.03
1998/2/18,10670.95
1998/2/19,10581.27
1998/2/20,10599.79
1998/2/23,10685.21
1998/2/24,10683.34
1998/2/25,10886.74
1998/2/26,11224.78
1998/2/27,11480.69
1998/3/2,11318.84
1998/3/3,11425.46
1998/3/4,11350.81
1998/3/5,10803.68
1998/3/6,10919.53
1998/3/9,10994.09
1998/3/10,10898.57
1998/3/11,11118.85
1998/3/12,10902.47
1998/3/13,11057.03
1998/3/16,11181.54
1998/3/17,11255.54
1998/3/18,11121.65
1998/3/19,11445.04
1998/3/20,11564.23
1998/3/23,11594.33
1998/3/24,11645.43
1998/3/25,11810.63
1998/3/26,11757.88
1998/3/27,11735.5
1998/3/30,11503.76
1998/3/31,11518.68
1998/4/1,11331.42
1998/4/2,11189.71
1998/4/3,11052.68
1998/4/6,11052.68
1998/4/7,11049.43
1998/4/8,11314.46
1998/4/9,11342.02
1998/4/10,11342.02
1998/4/13,11342.02
1998/4/14,11420.34
1998/4/15,11371.06
1998/4/16,11187.78
1998/4/17,11001.32
1998/4/20,11151.63
1998/4/21,10968.26
1998/4/22,10977.47
1998/4/23,10918.94
1998/4/24,10879.93
1998/4/27,10593.71
1998/4/28,10678.61
1998/4/29,10471.15
1998/4/30,10383.68
1998/5/1,10563.68
1998/5/4,10439.42
1998/5/5,10153.66
1998/5/6,10109.14
1998/5/7,9971.93
1998/5/8,10060.38
1998/5/11,10096.37
1998/5/12,9841.51
1998/5/13,9469.29
1998/5/14,9591.95
1998/5/15,9538.39
1998/5/18,9411.97
1998/5/19,9449.11
1998/5/20,9549.18
1998/5/21,9670.45
1998/5/22,9555.98
1998/5/25,9544.53
1998/5/26,9482.21
1998/5/27,8983.43
1998/5/28,8877.94
1998/5/29,8934.56
1998/6/1,8612.01
1998/6/2,8598.17
1998/6/3,8819.22
1998/6/4,8558.43
1998/6/5,8569.47
1998/6/8,8586.63
1998/6/9,8391.46
1998/6/10,7979.37
1998/6/11,7886.07
1998/6/12,7915.44
1998/6/15,7462.5
1998/6/16,7526.45
1998/6/17,8004.35
1998/6/18,8515.97
1998/6/19,8591.91
1998/6/22,8204.21
1998/6/23,8219.67
1998/6/24,8296.77
1998/6/25,8665.83
1998/6/26,8607.86
1998/6/29,8460.71
1998/6/30,8543.1
1998/7/1,8543.1
1998/7/2,8866.16
1998/7/3,8639.31
1998/7/6,8484.12
1998/7/7,8444.18
1998/7/8,8629.18
1998/7/9,8433.78
1998/7/10,8205.77
1998/7/13,8099.2
1998/7/14,8178.93
1998/7/15,8456.22
1998/7/16,8586.57
1998/7/17,8628.93
1998/7/20,8493.25
1998/7/21,8564.55
1998/7/22,8420.72
1998/7/23,8176.25
1998/7/24,8257.46
1998/7/27,7984.43
1998/7/28,7926.1
1998/7/29,7808.83
1998/7/30,7906.16
1998/7/31,7936.2
1998/8/3,7552.77
1998/8/4,7580.8
1998/8/5,7466.43
1998/8/6,7254.36
1998/8/7,7018.41
1998/8/10,7034.62
1998/8/11,6779.95
1998/8/12,6859.48
1998/8/13,6660.42
1998/8/14,7224.69
1998/8/17,7224.69
1998/8/18,7210.92
1998/8/19,7622.58
1998/8/20,7742.53
1998/8/21,7527.61
1998/8/24,7845.48
1998/8/25,7890.09
1998/8/26,7834.4
1998/8/27,7922.97
1998/8/28,7829.74
1998/8/31,7275.04
1998/9/1,7062.47
1998/9/2,7355.67
1998/9/3,7318.59
1998/9/4,7488.47
1998/9/7,8076.76
1998/9/8,8189.25
1998/9/9,7905.45
1998/9/10,7849.96
1998/9/11,7578.48
1998/9/14,7661.86
1998/9/15,7733.47
1998/9/16,7860.68
1998/9/17,7576.57
1998/9/18,7445.96
1998/9/21,7170.23
1998/9/22,7373.51
1998/9/23,7504.39
1998/9/24,7834.61
1998/9/25,7701.61
1998/9/28,7946.04
1998/9/29,7837.61
1998/9/30,7883.46
1998/10/1,7883.46
1998/10/2,7883.46
1998/10/5,7564.54
1998/10/6,7564.54
1998/10/7,7744.72
1998/10/8,7939.51
1998/10/9,8506.79
1998/10/12,8990.27
1998/10/13,9008.83
1998/10/14,8840.01
1998/10/15,8970.42
1998/10/16,9777.01
1998/10/19,9599.05
1998/10/20,9642.75
1998/10/21,9662.12
1998/10/22,9658.58
1998/10/23,9817.75
1998/10/26,9778.91
1998/10/27,9927.05
1998/10/28,9927.05
1998/10/29,9931.46
1998/10/30,10154.94
1998/11/2,10170.08
1998/11/3,10358.52
1998/11/4,10508.25
1998/11/5,10221.98
1998/11/6,10139.75
1998/11/9,9851.93
1998/11/10,9721.33
1998/11/11,10137.32
1998/11/12,9948.18
1998/11/13,9997.99
1998/11/16,10298.09
1998/11/17,10148.69
1998/11/18,10213.42
1998/11/19,10313.3
1998/11/20,10233.36
1998/11/23,10514.53
1998/11/24,10851.71
1998/11/25,10720.99
1998/11/26,10778.92
1998/11/27,10742.11
1998/11/30,10402.32
1998/12/1,9975.85
1998/12/2,10055.78
1998/12/3,10046.15
1998/12/4,9963.14
1998/12/7,10428.82
1998/12/8,10351.08
1998/12/9,10361.29
1998/12/10,10315.44
1998/12/11,9952
1998/12/14,9825.21
1998/12/15,9952.84
1998/12/16,9939.39
1998/12/17,10083.31
1998/12/18,10226.23
1998/12/21,10396.01
1998/12/22,10322.56
1998/12/23,10158.75
1998/12/24,10292.2
1998/12/25,10292.2
1998/12/28,10170.14
1998/12/29,10225.97
1998/12/30,10121.44
1998/12/31,10048.58
1999/1/1,10048.58
1999/1/4,9809.17
1999/1/5,9891.06
1999/1/6,10233.8
1999/1/7,10693.57
1999/1/8,10722.7
1999/1/11,10634.27
1999/1/12,10711.56
1999/1/13,10273.77
1999/1/14,10183.13
1999/1/15,10147.4
1999/1/18,10402.54
1999/1/19,10290.11
1999/1/20,10314.91
1999/1/21,10048.57
1999/1/22,9738.52
1999/1/25,9499.5
1999/1/26,9509.83
1999/1/27,9719.66
1999/1/28,9360.96
1999/1/29,9506.9
1999/2/1,9599.55
1999/2/2,9502.72
1999/2/3,9419.85
1999/2/4,9438.65
1999/2/5,9190.2
1999/2/8,9139.6
1999/2/9,9244.49
1999/2/10,9076.33
1999/2/11,9146.8
1999/2/12,9425.42
1999/2/15,9402.39
1999/2/16,9402.39
1999/2/17,9402.39
1999/2/18,9402.39
1999/2/19,9254.12
1999/2/22,9229.34
1999/2/23,9433.99
1999/2/24,9677.57
1999/2/25,9658.07
1999/2/26,9858.49
1999/3/1,10020.46
1999/3/2,9913.58
1999/3/3,9922.4
1999/3/4,9912.76
1999/3/5,10241.12
1999/3/8,10263.99
1999/3/9,10532.95
1999/3/10,10749.01
1999/3/11,10662.81
1999/3/12,10801.76
1999/3/15,10836.86
1999/3/16,10911.25
1999/3/17,10940.07
1999/3/18,10659.32
1999/3/19,11082.92
1999/3/22,11107.24
1999/3/23,11041.01
1999/3/24,10711.34
1999/3/25,10826.13
1999/3/26,10803.31
1999/3/29,10688.47
1999/3/30,10940.21
1999/3/31,10942.2
1999/4/1,11072.98
1999/4/2,11072.98
1999/4/5,11072.98
1999/4/6,11072.98
1999/4/7,11614.87
1999/4/8,11727.84
1999/4/9,11914.1
1999/4/12,11744.74
1999/4/13,11899.69
1999/4/14,11834.13
1999/4/15,11962.23
1999/4/16,12490.3
1999/4/19,12766.44
1999/4/20,12409.78
1999/4/21,12543.76
1999/4/22,12933.54
1999/4/23,12905.3
1999/4/26,13127.02
1999/4/27,13364.79
1999/4/28,13133.39
1999/4/29,13179.7
1999/4/30,13333.2
1999/5/3,13337.07
1999/5/4,13559.69
1999/5/5,13586.21
1999/5/6,13570.24
1999/5/7,12997.43
1999/5/10,13163.2
1999/5/11,12874.37
1999/5/12,13012.97
1999/5/13,13053.67
1999/5/14,12855.52
1999/5/17,12588.6
1999/5/18,12627.1
1999/5/19,12403.14
1999/5/20,12375.42
1999/5/21,12272.14
1999/5/24,12436.86
1999/5/25,12346.91
1999/5/26,12409.16
1999/5/27,12308.53
1999/5/28,12059.25
1999/5/31,12147.12
1999/6/1,12363.56
1999/6/2,12458.64
1999/6/3,12471.61
1999/6/4,12415.54
1999/6/7,12837.39
1999/6/8,12864.86
1999/6/9,12874.42
1999/6/10,12839.21
1999/6/11,12992.76
1999/6/14,13007.57
1999/6/15,12935.41
1999/6/16,13155.12
1999/6/17,13408.27
1999/6/18,13408.27
1999/6/21,13994.23
1999/6/22,14004.88
1999/6/23,13976.04
1999/6/24,13780.12
1999/6/25,13784.51
1999/6/28,13840.29
1999/6/29,13765.49
1999/6/30,13532.14
1999/7/1,13532.14
1999/7/2,14184.58
1999/7/5,14506.74
1999/7/6,14372.61
1999/7/7,14257.44
1999/7/8,14226.3
1999/7/9,14222.57
1999/7/12,14061.84
1999/7/13,13980.93
1999/7/14,13575.57
1999/7/15,13758.89
1999/7/16,13545.24
1999/7/19,13447.13
1999/7/20,13600.4
1999/7/21,13419.66
1999/7/22,13369.06
1999/7/23,13093.7
1999/7/26,12866.52
1999/7/27,13075.09
1999/7/28,13140.42
1999/7/29,13117.84
1999/7/30,13186.86
1999/8/2,13435.43
1999/8/3,13473.84
1999/8/4,13591.02
1999/8/5,13254.34
1999/8/6,13167.06
1999/8/9,12945.47
1999/8/10,12596.71
1999/8/11,12437.8
1999/8/12,12779.75
1999/8/13,12608.18
1999/8/16,12894.78
1999/8/17,12783.16
1999/8/18,12993.1
1999/8/19,13403.59
1999/8/20,13566.74
1999/8/23,13573.66
1999/8/24,13633.87
1999/8/25,13479.13
1999/8/26,13608.38
1999/8/27,13383.13
1999/8/30,13688.66
1999/8/31,13482.77
1999/9/1,13544.19
1999/9/2,13367.56
1999/9/3,13178.31
1999/9/6,13385.16
1999/9/7,13396.09
1999/9/8,13356.63
1999/9/9,13854.88
1999/9/10,13855.93
1999/9/13,13860.85
1999/9/14,13804.03
1999/9/15,13430.6
1999/9/16,13430.6
1999/9/17,13484.84
1999/9/20,13472.37
1999/9/21,13420.46
1999/9/22,13187.62
1999/9/23,13214.44
1999/9/24,13032.07
1999/9/27,12760.46
1999/9/28,12844.93
1999/9/29,12834.89
1999/9/30,12733.24
1999/10/1,12733.24
1999/10/4,12875.86
1999/10/5,12998.89
1999/10/6,13017.98
1999/10/7,13113.2
1999/10/8,13112.42
1999/10/11,12992.72
1999/10/12,12759.35
1999/10/13,12475.87
1999/10/14,12486.82
1999/10/15,12299.08
1999/10/18,12299.08
1999/10/19,12134.13
1999/10/20,12498.56
1999/10/21,12523
1999/10/22,12863.08
1999/10/25,13034.18
1999/10/26,12797.38
1999/10/27,12709.07
1999/10/28,12758.88
1999/10/29,13256.95
1999/11/1,13322.11
1999/11/2,13335.84
1999/11/3,13257.33
1999/11/4,13651.51
1999/11/5,13610.27
1999/11/8,13521.11
1999/11/9,13669.7
1999/11/10,13975.54
1999/11/11,14105.71
1999/11/12,14189.67
1999/11/15,14562.22
1999/11/16,14689.46
1999/11/17,14704.48
1999/11/18,14721.74
1999/11/19,15073.1
1999/11/22,15285.03
1999/11/23,15393.2
1999/11/24,15307.28
1999/11/25,14998.77
1999/11/26,15274.53
1999/11/29,15461.11
1999/11/30,15377.19
1999/12/1,15422.52
1999/12/2,15603.04
1999/12/3,15840.41
1999/12/6,16168.62
1999/12/7,16073.09
1999/12/8,15989.38
1999/12/9,16370.95
1999/12/10,16380.21
1999/12/13,16442.11
1999/12/14,16282.7
1999/12/15,15825.31
1999/12/16,15571.36
1999/12/17,15986.35
1999/12/20,16212.39
1999/12/21,16248.74
1999/12/22,16192.4
1999/12/23,16296.08
1999/12/24,16833.28
1999/12/27,16833.28
1999/12/28,16928.29
1999/12/29,16660.82
1999/12/30,16962.1
1999/12/31,16962.1
