Name,IDX COMPOSITE - PRICE INDEX
1990/1/3,398.773
1990/1/4,399.611
1990/1/5,406.49
1990/1/8,419.76
1990/1/9,443.39
1990/1/10,449.839
1990/1/11,456.074
1990/1/12,460.532
1990/1/15,461.68
1990/1/16,458.972
1990/1/17,455.205
1990/1/18,452.168
1990/1/19,451.308
1990/1/22,449.642
1990/1/23,448.111
1990/1/24,443.539
1990/1/25,443.559
1990/1/26,445.627
1990/1/29,441.252
1990/1/30,439.738
1990/1/31,441.805
1990/2/1,444.576
1990/2/2,446.112
1990/2/5,449.317
1990/2/6,452.113
1990/2/7,454.238
1990/2/8,459.414
1990/2/9,458.84
1990/2/12,457.85
1990/2/13,459.565
1990/2/14,459.764
1990/2/15,464.516
1990/2/16,468.015
1990/2/19,473.237
1990/2/20,479.391
1990/2/21,488.357
1990/2/22,490.593
1990/2/23,490.593
1990/2/26,492.825
1990/2/27,498.28
1990/2/28,504.267
1990/3/1,519.761
1990/3/2,527.365
1990/3/5,587.911
1990/3/6,584.323
1990/3/7,584.904
1990/3/8,577.634
1990/3/9,585.89
1990/3/12,592.949
1990/3/13,587.176
1990/3/14,581.718
1990/3/15,580.763
1990/3/16,581.634
1990/3/19,583.166
1990/3/20,588.233
1990/3/21,592.077
1990/3/22,588.802
1990/3/23,591.849
1990/3/26,596.732
1990/3/27,596.732
1990/3/28,601.882
1990/3/29,605.862
1990/3/30,609.017
1990/4/2,611.136
1990/4/3,614.161
1990/4/4,681.944
1990/4/5,654.511
1990/4/6,641.269
1990/4/9,633.482
1990/4/10,632.086
1990/4/11,634.693
1990/4/12,639.614
1990/4/13,639.614
1990/4/16,640.014
1990/4/17,641.873
1990/4/18,640.528
1990/4/19,643.906
1990/4/20,641.686
1990/4/23,643.91
1990/4/24,638.798
1990/4/25,638.79
1990/4/26,638.79
1990/4/27,638.79
1990/4/30,638.79
1990/5/1,639.01
1990/5/2,636.154
1990/5/3,642.16
1990/5/4,643.094
1990/5/7,641.946
1990/5/8,642.984
1990/5/9,645.012
1990/5/10,645.012
1990/5/11,643.312
1990/5/14,638.922
1990/5/15,640.855
1990/5/16,639.337
1990/5/17,644.441
1990/5/18,646.283
1990/5/21,647.216
1990/5/22,647.401
1990/5/23,646.247
1990/5/24,646.247
1990/5/25,647.366
1990/5/28,640.131
1990/5/29,641.14
1990/5/30,640.61
1990/5/31,636.401
1990/6/1,635.026
1990/6/4,636.243
1990/6/5,637.087
1990/6/6,636.642
1990/6/7,636.642
1990/6/8,636.064
1990/6/11,634.761
1990/6/12,634.421
1990/6/13,631.687
1990/6/14,630.303
1990/6/15,628.281
1990/6/18,626.908
1990/6/19,621.791
1990/6/20,622.983
1990/6/21,622.983
1990/6/22,623.958
1990/6/25,626.147
1990/6/26,623.762
1990/6/27,627.105
1990/6/28,626.763
1990/6/29,624.326
1990/7/2,629.448
1990/7/3,629.448
1990/7/4,629.708
1990/7/5,627.423
1990/7/6,626.811
1990/7/9,623.298
1990/7/10,624.601
1990/7/11,627.469
1990/7/12,627.969
1990/7/13,630.021
1990/7/16,630.734
1990/7/17,629.531
1990/7/18,631.17
1990/7/19,629.473
1990/7/20,630.096
1990/7/23,630.096
1990/7/24,625.906
1990/7/25,627.96
1990/7/26,625.786
1990/7/27,624.087
1990/7/30,619.662
1990/7/31,613.574
1990/8/1,611.981
1990/8/2,612.222
1990/8/3,613.494
1990/8/6,607.626
1990/8/7,603.124
1990/8/8,595.935
1990/8/9,593.473
1990/8/10,591.969
1990/8/13,590.011
1990/8/14,587.334
1990/8/15,584.156
1990/8/16,585.15
1990/8/17,585.15
1990/8/20,583.471
1990/8/21,577.432
1990/8/22,573.298
1990/8/23,563.49
1990/8/24,551.782
1990/8/27,546.83
1990/8/28,551.571
1990/8/29,556.337
1990/8/30,559.583
1990/8/31,571.02
1990/9/3,567.407
1990/9/4,562.336
1990/9/5,557.058
1990/9/6,557.147
1990/9/7,546.599
1990/9/10,544.666
1990/9/11,541.87
1990/9/12,539.391
1990/9/13,530.423
1990/9/14,529.12
1990/9/17,523.114
1990/9/18,515.144
1990/9/19,507.072
1990/9/20,500.69
1990/9/21,500.299
1990/9/24,494.494
1990/9/25,477.378
1990/9/26,464.253
1990/9/27,454.512
1990/9/28,468.509
1990/10/1,468.509
1990/10/2,460.58
1990/10/3,456.901
1990/10/4,452.615
1990/10/5,450.058
1990/10/8,446.341
1990/10/9,441.766
1990/10/10,433.5
1990/10/11,428.56
1990/10/12,425.397
1990/10/15,419.243
1990/10/16,417.747
1990/10/17,407.543
1990/10/18,398.558
1990/10/19,396.981
1990/10/22,407.675
1990/10/23,405.112
1990/10/24,409.128
1990/10/25,417.576
1990/10/26,437.757
1990/10/29,453.229
1990/10/30,430.686
1990/10/31,416.489
1990/11/1,416.343
1990/11/2,419.732
1990/11/5,416.623
1990/11/6,415.081
1990/11/7,414.507
1990/11/8,412.826
1990/11/9,412.03
1990/11/12,408.968
1990/11/13,406.419
1990/11/14,402.51
1990/11/15,398.955
1990/11/16,398.521
1990/11/19,395.21
1990/11/20,391.794
1990/11/21,391.93
1990/11/22,390.042
1990/11/23,390.987
1990/11/26,389.658
1990/11/27,388.472
1990/11/28,387.377
1990/11/29,384.799
1990/11/30,382.203
1990/12/3,378.119
1990/12/4,376.287
1990/12/5,371.198
1990/12/6,380.968
1990/12/7,380.723
1990/12/10,378.582
1990/12/11,381.494
1990/12/12,383.657
1990/12/13,386.116
1990/12/14,390.414
1990/12/17,395.212
1990/12/18,398.216
1990/12/19,397.868
1990/12/20,398.241
1990/12/21,400.458
1990/12/24,400.458
1990/12/25,400.458
1990/12/26,403.843
1990/12/27,410.615
1990/12/28,417.788
1990/12/31,417.788
1991/1/1,417.788
1991/1/2,417.788
1991/1/3,408.538
1991/1/4,408.491
1991/1/7,404.817
1991/1/8,401.647
1991/1/9,399.133
1991/1/10,397.383
1991/1/11,394.766
1991/1/14,391.17
1991/1/15,390.51
1991/1/16,389.224
1991/1/17,389.641
1991/1/18,393.19
1991/1/21,389.123
1991/1/22,387.467
1991/1/23,387.076
1991/1/24,384.98
1991/1/25,384.21
1991/1/28,384.836
1991/1/29,385.1
1991/1/30,384.404
1991/1/31,383.018
1991/2/1,383.626
1991/2/4,383.866
1991/2/5,382.783
1991/2/6,381
1991/2/7,382.298
1991/2/8,381.275
1991/2/11,381.23
1991/2/12,381.23
1991/2/13,381.238
1991/2/14,382.439
1991/2/15,382.268
1991/2/18,385.401
1991/2/19,388.301
1991/2/20,396.175
1991/2/21,406.827
1991/2/22,419.533
1991/2/25,427.019
1991/2/26,411.402
1991/2/27,403.399
1991/2/28,391.33
1991/3/1,387.925
1991/3/4,382.202
1991/3/5,378.582
1991/3/6,382.407
1991/3/7,386.352
1991/3/8,390.046
1991/3/11,398.405
1991/3/12,397.098
1991/3/13,398.776
1991/3/14,400.407
1991/3/15,401.03
1991/3/18,398.866
1991/3/19,398.15
1991/3/20,398.76
1991/3/21,397.71
1991/3/22,398.236
1991/3/25,400.875
1991/3/26,403.227
1991/3/27,406.98
1991/3/28,408.11
1991/3/29,408.11
1991/4/1,407.093
1991/4/2,404.104
1991/4/3,404.539
1991/4/4,406.116
1991/4/5,406.775
1991/4/8,408.065
1991/4/9,410.793
1991/4/10,412.072
1991/4/11,411.782
1991/4/12,412.48
1991/4/15,412.48
1991/4/16,412.48
1991/4/17,412.48
1991/4/18,412.48
1991/4/19,412.48
1991/4/22,415.554
1991/4/23,419.581
1991/4/24,421.912
1991/4/25,423.191
1991/4/26,423.15
1991/4/29,420.571
1991/4/30,413.723
1991/5/1,413.368
1991/5/2,412.221
1991/5/3,407.481
1991/5/6,407.585
1991/5/7,406.527
1991/5/8,406.652
1991/5/9,406.652
1991/5/10,407.675
1991/5/13,406.926
1991/5/14,404.937
1991/5/15,404.782
1991/5/16,403.507
1991/5/17,404.873
1991/5/20,406.018
1991/5/21,406.457
1991/5/22,406.703
1991/5/23,403.503
1991/5/24,402.736
1991/5/27,397.866
1991/5/28,397.866
1991/5/29,396.508
1991/5/30,397.743
1991/5/31,397.6
1991/6/3,396.525
1991/6/4,395.13
1991/6/5,394
1991/6/6,395.634
1991/6/7,395.929
1991/6/10,390.51
1991/6/11,390.363
1991/6/12,387.246
1991/6/13,382.857
1991/6/14,379.765
1991/6/17,374.439
1991/6/18,374.959
1991/6/19,373.974
1991/6/20,374.629
1991/6/21,372.714
1991/6/24,370.242
1991/6/25,367.992
1991/6/26,360.386
1991/6/27,354.206
1991/6/28,346.266
1991/7/1,342.919
1991/7/2,340.386
1991/7/3,339.465
1991/7/4,342.845
1991/7/5,341.779
1991/7/8,338.308
1991/7/9,332.249
1991/7/10,333.377
1991/7/11,328.558
1991/7/12,328.616
1991/7/15,325.527
1991/7/16,324.134
1991/7/17,323.267
1991/7/18,324.628
1991/7/19,322.946
1991/7/22,324.904
1991/7/23,325.258
1991/7/24,327.756
1991/7/25,332.955
1991/7/26,332.479
1991/7/29,337.434
1991/7/30,338.803
1991/7/31,339.958
1991/8/1,337.573
1991/8/2,336.055
1991/8/5,334.01
1991/8/6,332.76
1991/8/7,330.685
1991/8/8,332.439
1991/8/9,331.975
1991/8/12,337.646
1991/8/13,334.25
1991/8/14,331.696
1991/8/15,329.945
1991/8/16,329.938
1991/8/19,322.104
1991/8/20,316.469
1991/8/21,315.313
1991/8/22,320.295
1991/8/23,318.579
1991/8/26,314.046
1991/8/27,313.684
1991/8/28,313.925
1991/8/29,308.597
1991/8/30,300.98
1991/9/2,303.505
1991/9/3,299.864
1991/9/4,299.341
1991/9/5,301.091
1991/9/6,300.543
1991/9/9,298.33
1991/9/10,297.072
1991/9/11,296.965
1991/9/12,294.54
1991/9/13,295.3
1991/9/16,288.088
1991/9/17,281.287
1991/9/18,271.568
1991/9/19,259.296
1991/9/20,254.843
1991/9/23,253.094
1991/9/24,253.818
1991/9/25,258.276
1991/9/26,255.119
1991/9/27,250.298
1991/9/30,249.187
1991/10/1,250.735
1991/10/2,251.371
1991/10/3,250.654
1991/10/4,250.465
1991/10/7,248.232
1991/10/8,246.367
1991/10/9,246.373
1991/10/10,241.559
1991/10/11,241.945
1991/10/14,240.529
1991/10/15,239.183
1991/10/16,239.157
1991/10/17,236.828
1991/10/18,233.453
1991/10/21,235.008
1991/10/22,230.828
1991/10/23,230.985
1991/10/24,230.514
1991/10/25,229.602
1991/10/28,227.428
1991/10/29,227.22
1991/10/30,224.706
1991/10/31,226.684
1991/11/1,226.961
1991/11/4,227.786
1991/11/5,229.332
1991/11/6,229.061
1991/11/7,227.939
1991/11/8,225.318
1991/11/11,223.249
1991/11/12,237.243
1991/11/13,242.252
1991/11/14,247.544
1991/11/15,248.884
1991/11/18,243.638
1991/11/19,243.508
1991/11/20,242.495
1991/11/21,241.259
1991/11/22,239.983
1991/11/25,240.575
1991/11/26,240.907
1991/11/27,240.644
1991/11/28,240.375
1991/11/29,241.318
1991/12/2,243.041
1991/12/3,242.737
1991/12/4,242.772
1991/12/5,243.126
1991/12/6,242.955
1991/12/9,245.572
1991/12/10,245.737
1991/12/11,244.831
1991/12/12,243.032
1991/12/13,243.446
1991/12/16,245.571
1991/12/17,245.86
1991/12/18,246.057
1991/12/19,248.762
1991/12/20,247.912
1991/12/23,246.258
1991/12/24,247.39
1991/12/25,247.39
1991/12/26,247.39
1991/12/27,247.39
1991/12/30,247.39
1991/12/31,247.39
1992/1/1,247.39
1992/1/2,246.953
1992/1/3,247.39
1992/1/6,249.763
1992/1/7,248.272
1992/1/8,250.529
1992/1/9,250.655
1992/1/10,250.202
1992/1/13,252.096
1992/1/14,251.406
1992/1/15,250.141
1992/1/16,249.809
1992/1/17,251.251
1992/1/20,251.58
1992/1/21,253.394
1992/1/22,256.153
1992/1/23,256.575
1992/1/24,258.051
1992/1/27,260.486
1992/1/28,263.858
1992/1/29,269.838
1992/1/30,275.723
1992/1/31,282.241
1992/2/3,287.197
1992/2/4,286.05
1992/2/5,288.466
1992/2/6,287.061
1992/2/7,294.226
1992/2/10,295.31
1992/2/11,290.525
1992/2/12,291.341
1992/2/13,292.551
1992/2/14,293.128
1992/2/17,290.91
1992/2/18,286.747
1992/2/19,280.198
1992/2/20,276.387
1992/2/21,279.888
1992/2/24,282.933
1992/2/25,281.186
1992/2/26,280.301
1992/2/27,280.139
1992/2/28,280.995
1992/3/2,280.428
1992/3/3,282.856
1992/3/4,282.205
1992/3/5,282.205
1992/3/6,283.208
1992/3/9,283.998
1992/3/10,282.344
1992/3/11,282.458
1992/3/12,282.212
1992/3/13,282.325
1992/3/16,280.615
1992/3/17,277.246
1992/3/18,275.82
1992/3/19,276.813
1992/3/20,277.496
1992/3/23,276.974
1992/3/24,279.326
1992/3/25,279.024
1992/3/26,278.094
1992/3/27,277.926
1992/3/30,278.55
1992/3/31,278.688
1992/4/1,279.509
1992/4/2,280.027
1992/4/3,280.027
1992/4/6,280.027
1992/4/7,280.027
1992/4/8,280.027
1992/4/9,279.167
1992/4/10,277.961
1992/4/13,277.337
1992/4/14,274.983
1992/4/15,273.386
1992/4/16,271.783
1992/4/17,271.783
1992/4/20,271.381
1992/4/21,273.239
1992/4/22,274.093
1992/4/23,276.666
1992/4/24,277.076
1992/4/27,274.933
1992/4/28,274.937
1992/4/29,276.726
1992/4/30,277.274
1992/5/1,277.908
1992/5/4,280.038
1992/5/5,283.119
1992/5/6,286.273
1992/5/7,291.227
1992/5/8,293.87
1992/5/11,288.654
1992/5/12,288.784
1992/5/13,289.583
1992/5/14,290.243
1992/5/15,290.184
1992/5/18,292.473
1992/5/19,294.233
1992/5/20,294.233
1992/5/21,296.305
1992/5/22,295.468
1992/5/25,295.477
1992/5/26,296.536
1992/5/27,297.005
1992/5/28,297.005
1992/5/29,299.223
1992/6/1,298.59
1992/6/2,303.58
1992/6/3,307.911
1992/6/4,313.503
1992/6/5,315.583
1992/6/8,323.075
1992/6/9,323.075
1992/6/10,329.66
1992/6/11,329.66
1992/6/12,329.618
1992/6/15,328.644
1992/6/16,329.609
1992/6/17,330.868
1992/6/18,330.9
1992/6/19,331.057
1992/6/22,326.104
1992/6/23,325.861
1992/6/24,322.525
1992/6/25,319.671
1992/6/26,319.381
1992/6/29,318.116
1992/6/30,313.558
1992/7/1,314.2
1992/7/2,314.2
1992/7/3,315.506
1992/7/6,318.333
1992/7/7,319.016
1992/7/8,319.702
1992/7/9,320.132
1992/7/10,321.11
1992/7/13,321.544
1992/7/14,322.2
1992/7/15,321.373
1992/7/16,321.711
1992/7/17,321.01
1992/7/20,320.418
1992/7/21,320.257
1992/7/22,319.212
1992/7/23,319.9
1992/7/24,318.599
1992/7/27,318.94
1992/7/28,317.188
1992/7/29,316.716
1992/7/30,317.948
1992/7/31,317.186
1992/8/3,316.189
1992/8/4,315.57
1992/8/5,314.589
1992/8/6,312.77
1992/8/7,312.729
1992/8/10,313.833
1992/8/11,314.196
1992/8/12,310.556
1992/8/13,310.609
1992/8/14,310.257
1992/8/17,310.257
1992/8/18,308.296
1992/8/19,304.379
1992/8/20,301.561
1992/8/21,300.279
1992/8/24,301.144
1992/8/25,301.002
1992/8/26,300.211
1992/8/27,301.418
1992/8/28,302.055
1992/8/31,301.279
1992/9/1,301.584
1992/9/2,300.085
1992/9/3,300.345
1992/9/4,298.893
1992/9/7,299.656
1992/9/8,298.916
1992/9/9,298.916
1992/9/10,297.176
1992/9/11,296.101
1992/9/14,295.565
1992/9/15,295.351
1992/9/16,296.723
1992/9/17,296.391
1992/9/18,296.197
1992/9/21,295.175
1992/9/22,295.605
1992/9/23,297.848
1992/9/24,297.872
1992/9/25,297.525
1992/9/28,297.482
1992/9/29,296.861
1992/9/30,298.392
1992/10/1,298.392
1992/10/2,299.863
1992/10/5,300.784
1992/10/6,299.434
1992/10/7,299.669
1992/10/8,299.828
1992/10/9,302.857
1992/10/12,304.654
1992/10/13,304.917
1992/10/14,305.642
1992/10/15,306.145
1992/10/16,306.322
1992/10/19,306.717
1992/10/20,306.706
1992/10/21,307.128
1992/10/22,306.445
1992/10/23,309.614
1992/10/26,308.698
1992/10/27,308.254
1992/10/28,305.884
1992/10/29,305.368
1992/10/30,307.577
1992/11/2,306.202
1992/11/3,305.305
1992/11/4,304.532
1992/11/5,304.535
1992/11/6,304.356
1992/11/9,302.405
1992/11/10,301.647
1992/11/11,300.619
1992/11/12,299.376
1992/11/13,296.741
1992/11/16,291.718
1992/11/17,292.652
1992/11/18,290.666
1992/11/19,288.812
1992/11/20,288.878
1992/11/23,288.52
1992/11/24,287.999
1992/11/25,285.87
1992/11/26,286.077
1992/11/27,284.66
1992/11/30,285.604
1992/12/1,284.348
1992/12/2,282.357
1992/12/3,281.211
1992/12/4,280.454
1992/12/7,279.365
1992/12/8,278.57
1992/12/9,277.563
1992/12/10,278.95
1992/12/11,278.577
1992/12/14,278.387
1992/12/15,275.682
1992/12/16,272.776
1992/12/17,273.03
1992/12/18,271.855
1992/12/21,270.454
1992/12/22,272.189
1992/12/23,271.746
1992/12/24,271.278
1992/12/25,271.278
1992/12/28,271.693
1992/12/29,271.77
1992/12/30,274.335
1992/12/31,274.335
1993/1/1,274.335
1993/1/4,273.582
1993/1/5,273.308
1993/1/6,274.841
1993/1/7,276.848
1993/1/8,279.105
1993/1/11,278.521
1993/1/12,278.069
1993/1/13,277.413
1993/1/14,276.423
1993/1/15,277.267
1993/1/18,277.938
1993/1/19,277.152
1993/1/20,277.152
1993/1/21,276.743
1993/1/22,277.051
1993/1/25,276.703
1993/1/26,276.289
1993/1/27,275.969
1993/1/28,277.424
1993/1/29,280.146
1993/2/1,280.886
1993/2/2,280.385
1993/2/3,283.945
1993/2/4,289.195
1993/2/5,292.04
1993/2/8,295.812
1993/2/9,297.91
1993/2/10,299.399
1993/2/11,299.606
1993/2/12,300.54
1993/2/15,301.776
1993/2/16,301.994
1993/2/17,302.693
1993/2/18,301.924
1993/2/19,300.443
1993/2/22,301.221
1993/2/23,299.818
1993/2/24,299.814
1993/2/25,300.216
1993/2/26,300.378
1993/3/1,300.445
1993/3/2,300.839
1993/3/3,302.075
1993/3/4,304.775
1993/3/5,307.194
1993/3/8,308.503
1993/3/9,310.08
1993/3/10,311.779
1993/3/11,312.687
1993/3/12,312.951
1993/3/15,311.696
1993/3/16,311.089
1993/3/17,310.776
1993/3/18,310.375
1993/3/19,312.067
1993/3/22,312.067
1993/3/23,312.067
1993/3/24,312.067
1993/3/25,312.067
1993/3/26,312.067
1993/3/29,310.504
1993/3/30,311.273
1993/3/31,310.758
1993/4/1,311.125
1993/4/2,310.078
1993/4/5,309.601
1993/4/6,309.346
1993/4/7,308.371
1993/4/8,307.81
1993/4/9,307.81
1993/4/12,308.445
1993/4/13,307.227
1993/4/14,307.293
1993/4/15,308.673
1993/4/16,308.68
1993/4/19,310.488
1993/4/20,312.001
1993/4/21,312.002
1993/4/22,311.283
1993/4/23,310.778
1993/4/26,311.142
1993/4/27,311.265
1993/4/28,312.187
1993/4/29,313.215
1993/4/30,314.099
1993/5/3,313.688
1993/5/4,313.912
1993/5/5,313.607
1993/5/6,313.607
1993/5/7,315.075
1993/5/10,316.372
1993/5/11,316.409
1993/5/12,319.121
1993/5/13,321.842
1993/5/14,323.547
1993/5/17,325.434
1993/5/18,325.316
1993/5/19,326.411
1993/5/20,326.411
1993/5/21,326.437
1993/5/24,328.797
1993/5/25,330.636
1993/5/26,331.914
1993/5/27,333.924
1993/5/28,337.372
1993/5/31,341.85
1993/6/1,341.85
1993/6/2,345.991
1993/6/3,349.817
1993/6/4,349.662
1993/6/7,349.343
1993/6/8,352.001
1993/6/9,352.826
1993/6/10,351.38
1993/6/11,350.296
1993/6/14,351.344
1993/6/15,352.703
1993/6/16,354.008
1993/6/17,354.926
1993/6/18,355.636
1993/6/21,355.636
1993/6/22,356.175
1993/6/23,358.383
1993/6/24,358.394
1993/6/25,358.889
1993/6/28,358.624
1993/6/29,358.841
1993/6/30,360.346
1993/7/1,360.534
1993/7/2,360.724
1993/7/5,359.583
1993/7/6,361.05
1993/7/7,360.277
1993/7/8,360.126
1993/7/9,359.672
1993/7/12,359.423
1993/7/13,356.755
1993/7/14,357.192
1993/7/15,356.576
1993/7/16,356.742
1993/7/19,356.364
1993/7/20,354.826
1993/7/21,355.073
1993/7/22,355.195
1993/7/23,355.43
1993/7/26,355.329
1993/7/27,355.498
1993/7/28,354.639
1993/7/29,354.055
1993/7/30,356.721
1993/8/2,356.842
1993/8/3,358.13
1993/8/4,358.69
1993/8/5,359.999
1993/8/6,362.607
1993/8/9,364.525
1993/8/10,369.83
1993/8/11,377.354
1993/8/12,380.289
1993/8/13,379.941
1993/8/16,382.014
1993/8/17,382.014
1993/8/18,383.429
1993/8/19,384.816
1993/8/20,387.91
1993/8/23,390.175
1993/8/24,393.631
1993/8/25,398.491
1993/8/26,405.561
1993/8/27,409.673
1993/8/30,409.673
1993/8/31,417.301
1993/9/1,422.825
1993/9/2,418.409
1993/9/3,417.161
1993/9/6,416.128
1993/9/7,418.057
1993/9/8,422.349
1993/9/9,426.11
1993/9/10,427.986
1993/9/13,428.334
1993/9/14,428.366
1993/9/15,431.313
1993/9/16,430.053
1993/9/17,430.357
1993/9/20,431.49
1993/9/21,430.567
1993/9/22,427.756
1993/9/23,425.343
1993/9/24,421.044
1993/9/27,420.903
1993/9/28,418.399
1993/9/29,419.504
1993/9/30,419.961
1993/10/1,443.269
1993/10/4,446.245
1993/10/5,441.571
1993/10/6,439.421
1993/10/7,436.49
1993/10/8,438.547
1993/10/11,440.409
1993/10/12,443.874
1993/10/13,448.98
1993/10/14,453.954
1993/10/15,454.838
1993/10/18,456.795
1993/10/19,460.025
1993/10/20,463.093
1993/10/21,466.308
1993/10/22,466.218
1993/10/25,464.468
1993/10/26,464.64
1993/10/27,464.801
1993/10/28,465.105
1993/10/29,466.147
1993/11/1,439.097
1993/11/2,474.008
1993/11/3,484.251
1993/11/4,500.754
1993/11/5,507.222
1993/11/8,507.777
1993/11/9,508.06
1993/11/10,510.231
1993/11/11,511.349
1993/11/12,512.869
1993/11/15,516.812
1993/11/16,523.19
1993/11/17,533.183
1993/11/18,535.25
1993/11/19,535.114
1993/11/22,536.46
1993/11/23,523.314
1993/11/24,523.834
1993/11/25,524.2
1993/11/26,522.417
1993/11/29,520.46
1993/11/30,518.779
1993/12/1,517.859
1993/12/2,520.005
1993/12/3,521.728
1993/12/6,523.536
1993/12/7,523.412
1993/12/8,523.317
1993/12/9,525.317
1993/12/10,528.457
1993/12/13,527.932
1993/12/14,536.08
1993/12/15,543.835
1993/12/16,553.358
1993/12/17,556.947
1993/12/20,552.896
1993/12/21,552.197
1993/12/22,550.072
1993/12/23,557.343
1993/12/24,560.598
1993/12/27,565.941
1993/12/28,572.566
1993/12/29,587.883
1993/12/30,588.765
1993/12/31,588.765
1994/1/3,589.646
1994/1/4,599.94
1994/1/5,612.888
1994/1/6,609.321
1994/1/7,607.69
1994/1/10,607.69
1994/1/11,598.053
1994/1/12,585.222
1994/1/13,572.024
1994/1/14,577.694
1994/1/17,587.155
1994/1/18,592.014
1994/1/19,595.999
1994/1/20,592.944
1994/1/21,590.262
1994/1/24,588.054
1994/1/25,586.567
1994/1/26,584.778
1994/1/27,590.469
1994/1/28,592.646
1994/1/31,592.015
1994/2/1,591.953
1994/2/2,592.187
1994/2/3,594.362
1994/2/4,601.834
1994/2/7,594.119
1994/2/8,587.967
1994/2/9,580.652
1994/2/10,583.47
1994/2/11,586.617
1994/2/14,586.746
1994/2/15,582.71
1994/2/16,574.822
1994/2/17,564.694
1994/2/18,554.777
1994/2/21,543.756
1994/2/22,552.852
1994/2/23,551.876
1994/2/24,552.519
1994/2/25,547.513
1994/2/28,546.228
1994/3/1,546.41
1994/3/2,540.471
1994/3/3,530.369
1994/3/4,521.377
1994/3/7,522.369
1994/3/8,521.173
1994/3/9,514.571
1994/3/10,514.309
1994/3/11,514.309
1994/3/14,514.309
1994/3/15,514.309
1994/3/16,514.309
1994/3/17,509.848
1994/3/18,508.876
1994/3/21,501.202
1994/3/22,485.961
1994/3/23,486.903
1994/3/24,494.18
1994/3/25,490.836
1994/3/28,491.051
1994/3/29,487.219
1994/3/30,492.373
1994/3/31,492.37
1994/4/1,492.373
1994/4/4,485.907
1994/4/5,480.955
1994/4/6,473.964
1994/4/7,467.978
1994/4/8,463.432
1994/4/11,456.913
1994/4/12,456.913
1994/4/13,462.368
1994/4/14,467.28
1994/4/15,472.653
1994/4/18,475.755
1994/4/19,465.755
1994/4/20,458.678
1994/4/21,456.563
1994/4/22,454.849
1994/4/25,454.409
1994/4/26,454.323
1994/4/27,461.729
1994/4/28,465.28
1994/4/29,462.4
1994/5/2,461.806
1994/5/3,460.338
1994/5/4,462.644
1994/5/5,462.557
1994/5/6,463.115
1994/5/9,464.284
1994/5/10,463.041
1994/5/11,465.527
1994/5/12,465.527
1994/5/13,467.398
1994/5/16,467.86
1994/5/17,471.774
1994/5/18,477.21
1994/5/19,482.741
1994/5/20,487.988
1994/5/23,498.36
1994/5/24,501.996
1994/5/25,501.996
1994/5/26,502.597
1994/5/27,504.971
1994/5/30,504.489
1994/5/31,501.79
1994/6/1,487.106
1994/6/2,486.729
1994/6/3,486.729
1994/6/6,486.525
1994/6/7,486.111
1994/6/8,484.9
1994/6/9,485.769
1994/6/10,483.048
1994/6/13,483.02
1994/6/14,482.346
1994/6/15,482.09
1994/6/16,477.133
1994/6/17,476.546
1994/6/20,475.726
1994/6/21,475.236
1994/6/22,473.127
1994/6/23,470.957
1994/6/24,468.872
1994/6/27,464.386
1994/6/28,462.413
1994/6/29,457.739
1994/6/30,457.295
1994/7/1,458.736
1994/7/4,458.37
1994/7/5,456.762
1994/7/6,453.687
1994/7/7,454.104
1994/7/8,452.203
1994/7/11,450.446
1994/7/12,449.721
1994/7/13,453.211
1994/7/14,460.293
1994/7/15,461.828
1994/7/18,462.477
1994/7/19,460.635
1994/7/20,462.539
1994/7/21,461.137
1994/7/22,459.072
1994/7/25,455.115
1994/7/26,454.358
1994/7/27,453.368
1994/7/28,452.968
1994/7/29,451.084
1994/8/1,452.721
1994/8/2,459.238
1994/8/3,464.852
1994/8/4,468.725
1994/8/5,472.801
1994/8/8,472.409
1994/8/9,469.922
1994/8/10,471.69
1994/8/11,473.529
1994/8/12,474.996
1994/8/15,478.034
1994/8/16,483.595
1994/8/17,483.595
1994/8/18,492.876
1994/8/19,492.209
1994/8/22,492.419
1994/8/23,496.427
1994/8/24,498.54
1994/8/25,502.96
1994/8/26,505.328
1994/8/29,507.758
1994/8/30,509.085
1994/8/31,510.259
1994/9/1,512.707
1994/9/2,515.559
1994/9/5,519.416
1994/9/6,524.5
1994/9/7,532.053
1994/9/8,532.842
1994/9/9,532.355
1994/9/12,521.235
1994/9/13,515.7
1994/9/14,520.311
1994/9/15,522.028
1994/9/16,525.627
1994/9/19,522.053
1994/9/20,521.719
1994/9/21,517.079
1994/9/22,513.159
1994/9/23,512.57
1994/9/26,510.185
1994/9/27,507.239
1994/9/28,502.125
1994/9/29,497.237
1994/9/30,497.97
1994/10/3,497.898
1994/10/4,500.722
1994/10/5,503.636
1994/10/6,511.458
1994/10/7,515.047
1994/10/10,511.863
1994/10/11,512.384
1994/10/12,511.422
1994/10/13,507.181
1994/10/14,510.338
1994/10/17,511.337
1994/10/18,510.626
1994/10/19,518.971
1994/10/20,518.761
1994/10/21,514.972
1994/10/24,512.478
1994/10/25,514.533
1994/10/26,516.322
1994/10/27,517.851
1994/10/28,516.407
1994/10/31,523.494
1994/11/1,524.651
1994/11/2,524.095
1994/11/3,522.839
1994/11/4,520.595
1994/11/7,517.789
1994/11/8,515.803
1994/11/9,515.123
1994/11/10,513.911
1994/11/11,513.379
1994/11/14,513.379
1994/11/15,513.379
1994/11/16,514.138
1994/11/17,512.457
1994/11/18,509.836
1994/11/21,506.657
1994/11/22,498.662
1994/11/23,482.007
1994/11/24,488.496
1994/11/25,487.573
1994/11/28,486.844
1994/11/29,485.419
1994/11/30,482.632
1994/12/1,482.129
1994/12/2,471.05
1994/12/5,470.585
1994/12/6,466.393
1994/12/7,462.333
1994/12/8,461.201
1994/12/9,454.084
1994/12/12,447.759
1994/12/13,447.04
1994/12/14,453.37
1994/12/15,458.933
1994/12/16,458.779
1994/12/19,459.387
1994/12/20,462.778
1994/12/21,466.404
1994/12/22,469.288
1994/12/23,466.727
1994/12/26,466.272
1994/12/27,466.153
1994/12/28,469.64
1994/12/29,469.64
1994/12/30,469.64
1995/1/2,470.14
1995/1/3,472.381
1995/1/4,474.485
1995/1/5,477.82
1995/1/6,481.222
1995/1/9,477.042
1995/1/10,468.687
1995/1/11,461.396
1995/1/12,452.686
1995/1/13,441.873
1995/1/16,447.295
1995/1/17,449.102
1995/1/18,449.84
1995/1/19,451.787
1995/1/20,446.081
1995/1/23,436.157
1995/1/24,435.459
1995/1/25,432.958
1995/1/26,434.46
1995/1/27,437.151
1995/1/30,437.255
1995/1/31,433.831
1995/2/1,434.646
1995/2/2,440.502
1995/2/3,445.381
1995/2/6,453.142
1995/2/7,457.332
1995/2/8,451.952
1995/2/9,450.83
1995/2/10,453.314
1995/2/13,455.704
1995/2/14,454.103
1995/2/15,456.448
1995/2/16,455.591
1995/2/17,453.143
1995/2/20,454.027
1995/2/21,455.83
1995/2/22,454.886
1995/2/23,454.395
1995/2/24,454.694
1995/2/27,452.568
1995/2/28,453.576
1995/3/1,452.878
1995/3/2,452.878
1995/3/3,452.878
1995/3/6,452.878
1995/3/7,447.224
1995/3/8,437.302
1995/3/9,437.499
1995/3/10,432.734
1995/3/13,429.939
1995/3/14,425.217
1995/3/15,428.671
1995/3/16,427.195
1995/3/17,426.668
1995/3/20,426.941
1995/3/21,427.194
1995/3/22,425.916
1995/3/23,426.25
1995/3/24,422.131
1995/3/27,423.591
1995/3/28,426.083
1995/3/29,428.924
1995/3/30,428.641
1995/3/31,428.641
1995/4/3,424.49
1995/4/4,425.203
1995/4/5,428.547
1995/4/6,430.851
1995/4/7,428.989
1995/4/10,426.115
1995/4/11,424.091
1995/4/12,419.995
1995/4/13,419.452
1995/4/14,419.452
1995/4/17,417.835
1995/4/18,414.962
1995/4/19,414.209
1995/4/20,414.414
1995/4/21,419.517
1995/4/24,420.189
1995/4/25,421.78
1995/4/26,419.604
1995/4/27,417.81
1995/4/28,416.449
1995/5/1,415.322
1995/5/2,420.163
1995/5/3,423.389
1995/5/4,424.318
1995/5/5,427.01
1995/5/8,428.534
1995/5/9,434.29
1995/5/10,434.29
1995/5/11,459.553
1995/5/12,461.526
1995/5/15,461.526
1995/5/16,463.498
1995/5/17,464.604
1995/5/18,457.844
1995/5/19,458.707
1995/5/22,461.389
1995/5/23,470.768
1995/5/24,474.769
1995/5/25,474.769
1995/5/26,473.691
1995/5/29,472.756
1995/5/30,475.28
1995/5/31,475.28
1995/6/1,485.781
1995/6/2,493.422
1995/6/5,497.261
1995/6/6,494.676
1995/6/7,495.507
1995/6/8,489.09
1995/6/9,491.747
1995/6/12,487.311
1995/6/13,487.479
1995/6/14,489.322
1995/6/15,487.269
1995/6/16,486.708
1995/6/19,485.399
1995/6/20,487.95
1995/6/21,486.374
1995/6/22,490.245
1995/6/23,491.659
1995/6/26,489.814
1995/6/27,489.643
1995/6/28,489.345
1995/6/29,491.786
1995/6/30,492.277
1995/7/3,492.084
1995/7/4,493.349
1995/7/5,498.586
1995/7/6,499.48
1995/7/7,509.136
1995/7/10,510.488
1995/7/11,507.507
1995/7/12,507.227
1995/7/13,509.537
1995/7/14,508.264
1995/7/17,511.873
1995/7/18,509.946
1995/7/19,504.5
1995/7/20,507.427
1995/7/21,510.927
1995/7/24,509.532
1995/7/25,508.942
1995/7/26,509.942
1995/7/27,510.729
1995/7/28,512.509
1995/7/31,512.061
1995/8/1,511.405
1995/8/2,513.083
1995/8/3,512.576
1995/8/4,513.837
1995/8/7,515.741
1995/8/8,517.483
1995/8/9,517.483
1995/8/10,514.996
1995/8/11,519.175
1995/8/14,515.93
1995/8/15,515.009
1995/8/16,510.389
1995/8/17,510.389
1995/8/18,500.65
1995/8/21,498.034
1995/8/22,499.1
1995/8/23,502.072
1995/8/24,500.341
1995/8/25,500.597
1995/8/28,501.173
1995/8/29,504.012
1995/8/30,506.791
1995/8/31,500.746
1995/9/1,502.004
1995/9/4,500.544
1995/9/5,496.603
1995/9/6,493.146
1995/9/7,491.438
1995/9/8,489.997
1995/9/11,485.437
1995/9/12,488.005
1995/9/13,493.677
1995/9/14,495.42
1995/9/15,495.323
1995/9/18,494.209
1995/9/19,493.184
1995/9/20,492.953
1995/9/21,493.6
1995/9/22,492.809
1995/9/25,493.553
1995/9/26,493.059
1995/9/27,490.212
1995/9/28,491.944
1995/9/29,493.24
1995/10/2,490.563
1995/10/3,487.8
1995/10/4,492.653
1995/10/5,495.006
1995/10/6,496.294
1995/10/9,496.729
1995/10/10,495.994
1995/10/11,496.284
1995/10/12,495.422
1995/10/13,496.563
1995/10/16,496.012
1995/10/17,499.251
1995/10/18,499.48
1995/10/19,501.618
1995/10/20,500.442
1995/10/23,498.959
1995/10/24,498.022
1995/10/25,497.183
1995/10/26,497.154
1995/10/27,494.467
1995/10/30,490.81
1995/10/31,488.446
1995/11/1,487.991
1995/11/2,486.483
1995/11/3,488.321
1995/11/6,489.016
1995/11/7,489.905
1995/11/8,487.458
1995/11/9,481.413
1995/11/10,474.59
1995/11/13,467.351
1995/11/14,469.286
1995/11/15,460.813
1995/11/16,459.898
1995/11/17,456.342
1995/11/20,453.132
1995/11/21,454.051
1995/11/22,458.748
1995/11/23,469.607
1995/11/24,468.93
1995/11/27,472.926
1995/11/28,473.771
1995/11/29,478.632
1995/11/30,481.732
1995/12/1,486.721
1995/12/4,493.918
1995/12/5,496.778
1995/12/6,496.225
1995/12/7,502.615
1995/12/8,506.116
1995/12/11,500.004
1995/12/12,496.984
1995/12/13,491.618
1995/12/14,489.964
1995/12/15,492.326
1995/12/18,493.413
1995/12/19,493.736
1995/12/20,493.736
1995/12/21,504.979
1995/12/22,512.787
1995/12/25,512.787
1995/12/26,515.653
1995/12/27,512.866
1995/12/28,513.847
1995/12/29,513.847
1996/1/1,513.847
1996/1/2,512.478
1996/1/3,519.835
1996/1/4,532.8
1996/1/5,533.28
1996/1/8,533.102
1996/1/9,530.812
1996/1/10,528.641
1996/1/11,533.779
1996/1/12,550.989
1996/1/15,563.904
1996/1/16,558.433
1996/1/17,557.006
1996/1/18,557.708
1996/1/19,562.354
1996/1/22,571.323
1996/1/23,574.3
1996/1/24,569.958
1996/1/25,570.131
1996/1/26,566.858
1996/1/29,565.785
1996/1/30,569.173
1996/1/31,578.555
1996/2/1,581.055
1996/2/2,587.568
1996/2/5,591.141
1996/2/6,592.918
1996/2/7,591.358
1996/2/8,592.648
1996/2/9,581.01
1996/2/12,577.475
1996/2/13,584.821
1996/2/14,590.2
1996/2/15,590.766
1996/2/16,595.527
1996/2/19,595.527
1996/2/20,595.527
1996/2/21,595.527
1996/2/22,595.527
1996/2/23,595.527
1996/2/26,594.205
1996/2/27,597.36
1996/2/28,595.276
1996/2/29,585.209
1996/3/1,589.113
1996/3/4,592.047
1996/3/5,591.483
1996/3/6,587.874
1996/3/7,581.544
1996/3/8,568.098
1996/3/11,544.539
1996/3/12,560.862
1996/3/13,560.129
1996/3/14,569.907
1996/3/15,576.79
1996/3/18,578.855
1996/3/19,587.346
1996/3/20,585.979
1996/3/21,585.979
1996/3/22,586.022
1996/3/25,585.927
1996/3/26,585.883
1996/3/27,587.066
1996/3/28,585.705
1996/3/29,585.705
1996/4/1,587.604
1996/4/2,588.273
1996/4/3,595.064
1996/4/4,605.087
1996/4/5,605.087
1996/4/8,597.643
1996/4/9,597.353
1996/4/10,603.936
1996/4/11,605.337
1996/4/12,607.05
1996/4/15,612.996
1996/4/16,619.261
1996/4/17,624.17
1996/4/18,620.974
1996/4/19,624.534
1996/4/22,628.386
1996/4/23,627.829
1996/4/24,630.219
1996/4/25,625.38
1996/4/26,628.241
1996/4/29,625.326
1996/4/30,623.909
1996/5/1,629.472
1996/5/2,622.863
1996/5/3,608.121
1996/5/6,599.672
1996/5/7,613.84
1996/5/8,615.525
1996/5/9,620.272
1996/5/10,619.28
1996/5/13,621.494
1996/5/14,618.023
1996/5/15,619.837
1996/5/16,619.837
1996/5/17,621.398
1996/5/20,617.692
1996/5/21,617.294
1996/5/22,616.391
1996/5/23,617.32
1996/5/24,618.061
1996/5/27,620.668
1996/5/28,620.986
1996/5/29,622.485
1996/5/30,617.242
1996/5/31,617.466
1996/6/3,624.477
1996/6/4,615.919
1996/6/5,616.078
1996/6/6,613.219
1996/6/7,612.766
1996/6/10,611.692
1996/6/11,608.528
1996/6/12,596.097
1996/6/13,581.526
1996/6/14,592.362
1996/6/17,590.734
1996/6/18,588.232
1996/6/19,583.175
1996/6/20,580.674
1996/6/21,572.85
1996/6/24,578.773
1996/6/25,584.207
1996/6/26,592.785
1996/6/27,592.038
1996/6/28,594.259
1996/7/1,596.281
1996/7/2,594.408
1996/7/3,594.071
1996/7/4,588.612
1996/7/5,575.05
1996/7/8,573.832
1996/7/9,574.89
1996/7/10,577.956
1996/7/11,579.691
1996/7/12,579.947
1996/7/15,579.011
1996/7/16,573.327
1996/7/17,576.266
1996/7/18,576.329
1996/7/19,580.074
1996/7/22,579.763
1996/7/23,578.185
1996/7/24,571.726
1996/7/25,568.447
1996/7/26,561.309
1996/7/29,540.738
1996/7/30,533.481
1996/7/31,536.029
1996/8/1,548.936
1996/8/2,560.962
1996/8/5,562.834
1996/8/6,554.79
1996/8/7,553.973
1996/8/8,548.182
1996/8/9,547.714
1996/8/12,543.945
1996/8/13,537.51
1996/8/14,535.9
1996/8/15,532.409
1996/8/16,536.731
1996/8/19,537.077
1996/8/20,539.605
1996/8/21,542.201
1996/8/22,544.282
1996/8/23,549.212
1996/8/26,552.74
1996/8/27,549.52
1996/8/28,548.425
1996/8/29,550.028
1996/8/30,547.61
1996/9/2,545.02
1996/9/3,540.541
1996/9/4,546.001
1996/9/5,543.033
1996/9/6,543.751
1996/9/9,542.517
1996/9/10,545.107
1996/9/11,542.72
1996/9/12,546.462
1996/9/13,549.036
1996/9/16,554.401
1996/9/17,561.942
1996/9/18,559.697
1996/9/19,565.564
1996/9/20,568.994
1996/9/23,570.167
1996/9/24,569.766
1996/9/25,572.286
1996/9/26,571.258
1996/9/27,573.303
1996/9/30,573.939
1996/10/1,580.212
1996/10/2,589.307
1996/10/3,589.79
1996/10/4,588.349
1996/10/7,586.311
1996/10/8,574.78
1996/10/9,566.318
1996/10/10,567.929
1996/10/11,571.231
1996/10/14,570.977
1996/10/15,568.59
1996/10/16,565.78
1996/10/17,569.122
1996/10/18,570.2
1996/10/21,572.469
1996/10/22,571.807
1996/10/23,575.402
1996/10/24,575.886
1996/10/25,571.335
1996/10/28,567.274
1996/10/29,567.754
1996/10/30,568.863
1996/10/31,568.029
1996/11/1,570.659
1996/11/4,578.308
1996/11/5,583.87
1996/11/6,587.339
1996/11/7,594.593
1996/11/8,602.02
1996/11/11,601.134
1996/11/12,597.05
1996/11/13,595.494
1996/11/14,600.912
1996/11/15,616.89
1996/11/18,620.86
1996/11/19,615.207
1996/11/20,606.758
1996/11/21,602.987
1996/11/22,612.861
1996/11/25,628.237
1996/11/26,626.225
1996/11/27,620.27
1996/11/28,611.502
1996/11/29,613.013
1996/12/2,616.168
1996/12/3,620.809
1996/12/4,626.269
1996/12/5,634.296
1996/12/6,628.123
1996/12/9,634.576
1996/12/10,626.678
1996/12/11,626.574
1996/12/12,627.899
1996/12/13,624.458
1996/12/16,623.614
1996/12/17,623.805
1996/12/18,629.452
1996/12/19,628.319
1996/12/20,632.524
1996/12/23,633.073
1996/12/24,632.744
1996/12/25,632.744
1996/12/26,632.497
1996/12/27,637.432
1996/12/30,637.432
1996/12/31,637.432
1997/1/1,637.432
1997/1/2,638.103
1997/1/3,646.194
1997/1/6,653.957
1997/1/7,660.367
1997/1/8,662.205
1997/1/9,657.433
1997/1/10,657.868
1997/1/13,656.093
1997/1/14,656.653
1997/1/15,656.067
1997/1/16,658.701
1997/1/17,663.974
1997/1/20,674.129
1997/1/21,680.88
1997/1/22,686.115
1997/1/23,684.982
1997/1/24,678.909
1997/1/27,684.982
1997/1/28,689.974
1997/1/29,691.335
1997/1/30,687.293
1997/1/31,691.116
1997/2/3,687.47
1997/2/4,680.332
1997/2/5,686.857
1997/2/6,694.279
1997/2/7,694.279
1997/2/10,694.279
1997/2/11,694.279
1997/2/12,701.055
1997/2/13,707.369
1997/2/14,704.476
1997/2/17,701.765
1997/2/18,695.217
1997/2/19,694.883
1997/2/20,698.669
1997/2/21,696.495
1997/2/24,697.369
1997/2/25,701.307
1997/2/26,712.607
1997/2/27,709.921
1997/2/28,705.374
1997/3/3,700.109
1997/3/4,695.523
1997/3/5,686.159
1997/3/6,683.108
1997/3/7,683.806
1997/3/10,688.049
1997/3/11,687.934
1997/3/12,682.606
1997/3/13,669.991
1997/3/14,666.842
1997/3/17,670.936
1997/3/18,659.441
1997/3/19,663.174
1997/3/20,663.132
1997/3/21,656.107
1997/3/24,649.62
1997/3/25,657.286
1997/3/26,659.354
1997/3/27,662.236
1997/3/28,662.236
1997/3/31,662.236
1997/4/1,652.007
1997/4/2,650.877
1997/4/3,641.621
1997/4/4,637.427
1997/4/7,636.64
1997/4/8,638.223
1997/4/9,638.223
1997/4/10,635.557
1997/4/11,637.148
1997/4/14,635.166
1997/4/15,631.274
1997/4/16,632.819
1997/4/17,637.594
1997/4/18,637.594
1997/4/21,642.26
1997/4/22,646.241
1997/4/23,651.45
1997/4/24,652.984
1997/4/25,652.476
1997/4/28,656.53
1997/4/29,647.23
1997/4/30,652.049
1997/5/1,650.458
1997/5/2,647.894
1997/5/5,652.787
1997/5/6,659.604
1997/5/7,666.843
1997/5/8,666.843
1997/5/9,673.689
1997/5/12,675.813
1997/5/13,672.865
1997/5/14,670.585
1997/5/15,656.986
1997/5/16,657.073
1997/5/19,652.55
1997/5/20,652.825
1997/5/21,654.091
1997/5/22,654.091
1997/5/23,658.522
1997/5/26,663.195
1997/5/27,668.849
1997/5/28,672.499
1997/5/29,689.498
1997/5/30,696.028
1997/6/2,699.731
1997/6/3,698.401
1997/6/4,693.539
1997/6/5,691.982
1997/6/6,695.016
1997/6/9,692.504
1997/6/10,689.765
1997/6/11,693.036
1997/6/12,695.22
1997/6/13,698.62
1997/6/16,705.288
1997/6/17,705.084
1997/6/18,710.786
1997/6/19,708.445
1997/6/20,712.224
1997/6/23,719.638
1997/6/24,713.387
1997/6/25,712.495
1997/6/26,709.407
1997/6/27,716.829
1997/6/30,724.556
1997/7/1,731.619
1997/7/2,730.155
1997/7/3,735.492
1997/7/4,736.597
1997/7/7,738.006
1997/7/8,740.833
1997/7/9,738.138
1997/7/10,729.151
1997/7/11,723.416
1997/7/14,722.498
1997/7/15,722.209
1997/7/16,723.503
1997/7/17,723.503
1997/7/18,724
1997/7/21,712.402
1997/7/22,711.441
1997/7/23,718.189
1997/7/24,712.046
1997/7/25,710.058
1997/7/28,710.819
1997/7/29,716.355
1997/7/30,721.979
1997/7/31,721.27
1997/8/1,721.772
1997/8/4,718.709
1997/8/5,713.88
1997/8/6,699.856
1997/8/7,677.939
1997/8/8,675.436
1997/8/11,658.17
1997/8/12,662.947
1997/8/13,658.604
1997/8/14,643.011
1997/8/15,617.706
1997/8/18,599.636
1997/8/19,590.53
1997/8/20,593.171
1997/8/21,603.06
1997/8/22,574.395
1997/8/25,542.647
1997/8/26,554.238
1997/8/27,555.462
1997/8/28,530.366
1997/8/29,493.962
1997/9/1,485.969
1997/9/2,479.014
1997/9/3,512.588
1997/9/4,533.87
1997/9/5,594.113
1997/9/8,600.311
1997/9/9,598.004
1997/9/10,575.016
1997/9/11,556.136
1997/9/12,546.637
1997/9/15,550.761
1997/9/16,534.829
1997/9/17,526.737
1997/9/18,524.272
1997/9/19,531.079
1997/9/22,535.601
1997/9/23,539.483
1997/9/24,553.646
1997/9/25,559.22
1997/9/26,549.92
1997/9/29,546.238
1997/9/30,546.688
1997/10/1,536.986
1997/10/2,536.924
1997/10/3,515.477
1997/10/6,512.893
1997/10/7,513.949
1997/10/8,518.94
1997/10/9,521.112
1997/10/10,534.752
1997/10/13,534.826
1997/10/14,528.919
1997/10/15,518.915
1997/10/16,517.091
1997/10/17,520.685
1997/10/20,514.171
1997/10/21,514.968
1997/10/22,505.233
1997/10/23,494.137
1997/10/24,490.397
1997/10/27,490.12
1997/10/28,447.996
1997/10/29,472.051
1997/10/30,502.871
1997/10/31,500.418
1997/11/3,501.714
1997/11/4,494.849
1997/11/5,490.986
1997/11/6,478.913
1997/11/7,466.116
1997/11/10,462.692
1997/11/11,448.155
1997/11/12,449.64
1997/11/13,437.947
1997/11/14,436.843
1997/11/17,439.538
1997/11/18,434.209
1997/11/19,415.654
1997/11/20,396.13
1997/11/21,391.258
1997/11/24,410.206
1997/11/25,395.679
1997/11/26,398.539
1997/11/27,401.708
1997/11/28,401.708
1997/12/1,398.616
1997/12/2,394.283
1997/12/3,389.682
1997/12/4,401.926
1997/12/5,414.778
1997/12/8,423.613
1997/12/9,425.496
1997/12/10,415.937
1997/12/11,396.108
1997/12/12,365.853
1997/12/15,339.536
1997/12/16,356.385
1997/12/17,368.685
1997/12/18,378.386
1997/12/19,378.796
1997/12/22,385.849
1997/12/23,397.031
1997/12/24,396.531
1997/12/25,396.531
1997/12/26,396.531
1997/12/29,398.014
1997/12/30,401.712
1997/12/31,401.712
1998/1/1,401.712
1998/1/2,410.011
1998/1/5,410.83
1998/1/6,402.265
1998/1/7,394.239
1998/1/8,347.108
1998/1/9,342.97
1998/1/12,350.237
1998/1/13,382.137
1998/1/14,403.981
1998/1/15,387.243
1998/1/16,413.92
1998/1/19,439.028
1998/1/20,448.039
1998/1/21,466.003
1998/1/22,443.529
1998/1/23,450.984
1998/1/26,473.686
1998/1/27,476.311
1998/1/28,485.938
1998/1/29,485.938
1998/1/30,485.938
1998/2/2,554.107
1998/2/3,536.79
1998/2/4,519.929
1998/2/5,513.489
1998/2/6,535.429
1998/2/9,529.254
1998/2/10,517.701
1998/2/11,487.61
1998/2/12,442.289
1998/2/13,448.158
1998/2/16,457.708
1998/2/17,472.209
1998/2/18,472.679
1998/2/19,496.252
1998/2/20,495.232
1998/2/23,505.035
1998/2/24,494.89
1998/2/25,483.411
1998/2/26,483.807
1998/2/27,482.378
1998/3/2,496.729
1998/3/3,518.686
1998/3/4,502.911
1998/3/5,516.489
1998/3/6,512.231
1998/3/9,495.814
1998/3/10,490.476
1998/3/11,491.873
1998/3/12,498.185
1998/3/13,506.733
1998/3/16,510.786
1998/3/17,512.14
1998/3/18,504.004
1998/3/19,504.147
1998/3/20,516.731
1998/3/23,516.318
1998/3/24,501.66
1998/3/25,504.095
1998/3/26,532.812
1998/3/27,542.098
1998/3/30,541.425
1998/3/31,541.425
1998/4/1,523.948
1998/4/2,516.403
1998/4/3,533.3
1998/4/6,526.141
1998/4/7,526.141
1998/4/8,530.036
1998/4/9,527.585
1998/4/10,527.585
1998/4/13,524.064
1998/4/14,516.101
1998/4/15,513.445
1998/4/16,510.068
1998/4/17,507.902
1998/4/20,508.156
1998/4/21,497.707
1998/4/22,500.641
1998/4/23,491.856
1998/4/24,490.481
1998/4/27,485.641
1998/4/28,485.641
1998/4/29,465.247
1998/4/30,460.135
1998/5/1,448.525
1998/5/4,445.994
1998/5/5,435.16
1998/5/6,414.625
1998/5/7,436.778
1998/5/8,434.655
1998/5/11,434.655
1998/5/12,430.526
1998/5/13,402.057
1998/5/14,403.699
1998/5/15,405.937
1998/5/18,388.918
1998/5/19,413.824
1998/5/20,424.006
1998/5/21,424.006
1998/5/22,445.143
1998/5/25,439.555
1998/5/26,434.059
1998/5/27,416.967
1998/5/28,414.22
1998/5/29,420.465
1998/6/1,414.079
1998/6/2,399.599
1998/6/3,392.608
1998/6/4,406.331
1998/6/5,409.516
1998/6/8,409.419
1998/6/9,411.072
1998/6/10,408.08
1998/6/11,411.544
1998/6/12,408.372
1998/6/15,406.501
1998/6/16,399.512
1998/6/17,419.442
1998/6/18,440.093
1998/6/19,425.453
1998/6/22,420.659
1998/6/23,423.085
1998/6/24,430.96
1998/6/25,428.81
1998/6/26,430.87
1998/6/29,431.231
1998/6/30,445.92
1998/7/1,456.541
1998/7/2,466.373
1998/7/3,470.545
1998/7/6,470.545
1998/7/7,483.945
1998/7/8,472.98
1998/7/9,470.321
1998/7/10,463.581
1998/7/13,459.673
1998/7/14,463.874
1998/7/15,467.339
1998/7/16,473.772
1998/7/17,486.234
1998/7/20,488.685
1998/7/21,488.239
1998/7/22,483.055
1998/7/23,473.805
1998/7/24,479.563
1998/7/27,482.981
1998/7/28,483.531
1998/7/29,485.096
1998/7/30,482.688
1998/7/31,481.717
1998/8/3,475.258
1998/8/4,461.35
1998/8/5,441.784
1998/8/6,433.833
1998/8/7,423.613
1998/8/10,421.167
1998/8/11,407.064
1998/8/12,408.635
1998/8/13,402.941
1998/8/14,414.63
1998/8/17,414.63
1998/8/18,403.855
1998/8/19,405.89
1998/8/20,399.33
1998/8/21,388.345
1998/8/24,370.545
1998/8/25,367.143
1998/8/26,360.927
1998/8/27,354.945
1998/8/28,339.021
1998/8/31,342.436
1998/9/1,325.854
1998/9/2,329.625
1998/9/3,334.788
1998/9/4,325.556
1998/9/7,335.81
1998/9/8,330.413
1998/9/9,325.762
1998/9/10,327.271
1998/9/11,324.04
1998/9/14,320.595
1998/9/15,292.153
1998/9/16,290.916
1998/9/17,285.475
1998/9/18,271.671
1998/9/21,256.834
1998/9/22,260.876
1998/9/23,262.25
1998/9/24,282.16
1998/9/25,275.224
1998/9/28,275.001
1998/9/29,276.008
1998/9/30,276.15
1998/10/1,273.868
1998/10/2,263.229
1998/10/5,261.314
1998/10/6,258.106
1998/10/7,266.17
1998/10/8,288.55
1998/10/9,304.84
1998/10/12,307.417
1998/10/13,313.986
1998/10/14,303.19
1998/10/15,304.847
1998/10/16,337.587
1998/10/19,336.418
1998/10/20,336.576
1998/10/21,322.321
1998/10/22,316.795
1998/10/23,313.415
1998/10/26,315.311
1998/10/27,318.101
1998/10/28,312.29
1998/10/29,309.412
1998/10/30,300.77
1998/11/2,307.198
1998/11/3,317.182
1998/11/4,330.459
1998/11/5,355.528
1998/11/6,353.978
1998/11/9,364.393
1998/11/10,357.304
1998/11/11,363.007
1998/11/12,357.976
1998/11/13,355.54
1998/11/16,356.226
1998/11/17,356.226
1998/11/18,369.994
1998/11/19,379.119
1998/11/20,403.652
1998/11/23,424.987
1998/11/24,420.08
1998/11/25,387.383
1998/11/26,394.678
1998/11/27,392.32
1998/11/30,386.271
1998/12/1,387.735
1998/12/2,396.964
1998/12/3,393.795
1998/12/4,390.395
1998/12/7,399.46
1998/12/8,398.901
1998/12/9,398.783
1998/12/10,403.668
1998/12/11,405.595
1998/12/14,404.703
1998/12/15,400.765
1998/12/16,412.694
1998/12/17,405.584
1998/12/18,403.962
1998/12/21,404.503
1998/12/22,406.465
1998/12/23,400.519
1998/12/24,401.855
1998/12/25,401.855
1998/12/28,400.176
1998/12/29,396.733
1998/12/30,398.038
1998/12/31,398.038
1999/1/1,398.038
1999/1/4,394.008
1999/1/5,408.703
1999/1/6,427.08
1999/1/7,457.94
1999/1/8,439.494
1999/1/11,437.296
1999/1/12,436.19
1999/1/13,419.104
1999/1/14,408.554
1999/1/15,402.402
1999/1/18,402.402
1999/1/19,402.402
1999/1/20,402.402
1999/1/21,402.402
1999/1/22,402.402
1999/1/25,382.478
1999/1/26,398.152
1999/1/27,410.25
1999/1/28,407.271
1999/1/29,411.932
1999/2/1,409.112
1999/2/2,405.164
1999/2/3,410.556
1999/2/4,409.022
1999/2/5,405.553
1999/2/8,399.69
1999/2/9,402.826
1999/2/10,398.681
1999/2/11,402.648
1999/2/12,400.552
1999/2/15,396.924
1999/2/16,398.848
1999/2/17,397.975
1999/2/18,403.414
1999/2/19,404.018
1999/2/22,398.67
1999/2/23,397.935
1999/2/24,401.998
1999/2/25,397.803
1999/2/26,396.089
1999/3/1,396.325
1999/3/2,394.966
1999/3/3,395.807
1999/3/4,394.154
1999/3/5,388.679
1999/3/8,384.568
1999/3/9,379.421
1999/3/10,373.802
1999/3/11,378.644
1999/3/12,375.937
1999/3/15,372.318
1999/3/16,379.453
1999/3/17,387.881
1999/3/18,387.881
1999/3/19,394.217
1999/3/22,392.283
1999/3/23,394.809
1999/3/24,391.345
1999/3/25,395.829
1999/3/26,392.948
1999/3/29,392.862
1999/3/30,393.625
1999/3/31,393.625
1999/4/1,394.433
1999/4/2,394.433
1999/4/5,395.337
1999/4/6,395.513
1999/4/7,395.911
1999/4/8,400.002
1999/4/9,421.213
1999/4/12,421.15
1999/4/13,432.518
1999/4/14,435.556
1999/4/15,447.479
1999/4/16,479.532
1999/4/19,508.147
1999/4/20,485.97
1999/4/21,480.625
1999/4/22,479.242
1999/4/23,473.587
1999/4/26,470.406
1999/4/27,469.205
1999/4/28,481.344
1999/4/29,490.99
1999/4/30,495.222
1999/5/3,523.358
1999/5/4,548.241
1999/5/5,563.84
1999/5/6,580.905
1999/5/7,575.118
1999/5/10,574.355
1999/5/11,573.23
1999/5/12,576.504
1999/5/13,576.504
1999/5/14,591.634
1999/5/17,590.8
1999/5/18,577.886
1999/5/19,593.604
1999/5/20,594.053
1999/5/21,591.664
1999/5/24,613.641
1999/5/25,619.877
1999/5/26,605.787
1999/5/27,603.116
1999/5/28,583.649
1999/5/31,585.242
1999/6/1,583.257
1999/6/2,574.315
1999/6/3,587.569
1999/6/4,612.378
1999/6/7,681.587
1999/6/8,686.947
1999/6/9,678.97
1999/6/10,664.569
1999/6/11,668.281
1999/6/14,679.449
1999/6/15,670.16
1999/6/16,661.852
1999/6/17,681.039
1999/6/18,707.884
1999/6/21,716.46
1999/6/22,710.682
1999/6/23,700.669
1999/6/24,682.119
1999/6/25,673.155
1999/6/28,672.127
1999/6/29,680.561
1999/6/30,662.025
1999/7/1,673.042
1999/7/2,670.538
1999/7/5,665.144
1999/7/6,681.587
1999/7/7,665.771
1999/7/8,660.254
1999/7/9,656.644
1999/7/12,663.124
1999/7/13,656.187
1999/7/14,664.882
1999/7/15,660.542
1999/7/16,662.367
1999/7/19,658.271
1999/7/20,649.861
1999/7/21,641.107
1999/7/22,642.655
1999/7/23,625.83
1999/7/26,592.721
1999/7/27,573.216
1999/7/28,599.257
1999/7/29,616.428
1999/7/30,597.874
1999/8/2,596.513
1999/8/3,618.986
1999/8/4,614.395
1999/8/5,606.27
1999/8/6,607.835
1999/8/9,594.109
1999/8/10,576.343
1999/8/11,554.263
1999/8/12,565.218
1999/8/13,557.709
1999/8/16,560.481
1999/8/17,560.481
1999/8/18,561.365
1999/8/19,581.746
1999/8/20,576.167
1999/8/23,584.803
1999/8/24,586.236
1999/8/25,585.257
1999/8/26,581.513
1999/8/27,572.667
1999/8/30,566.67
1999/8/31,567.026
1999/9/1,571.776
1999/9/2,571.115
1999/9/3,565.196
1999/9/6,540.427
1999/9/7,545.351
1999/9/8,520.621
1999/9/9,538.015
1999/9/10,562.776
1999/9/13,569.652
1999/9/14,562.059
1999/9/15,548.612
1999/9/16,548.756
1999/9/17,547.017
1999/9/20,543.333
1999/9/21,547.264
1999/9/22,545.448
1999/9/23,528.172
1999/9/24,517.542
1999/9/27,515.067
1999/9/28,529.221
1999/9/29,526.469
1999/9/30,547.937
1999/10/1,566.042
1999/10/4,555.304
1999/10/5,566.251
1999/10/6,588.749
1999/10/7,585.345
1999/10/8,588.237
1999/10/11,584.06
1999/10/12,571.382
1999/10/13,571.947
1999/10/14,567.777
1999/10/15,567.918
1999/10/18,553.213
1999/10/19,583.647
1999/10/20,584.425
1999/10/21,616.49
1999/10/22,604.184
1999/10/25,597.068
1999/10/26,594.253
1999/10/27,576.519
1999/10/28,577.932
1999/10/29,593.869
1999/11/1,595.084
1999/11/2,594.405
1999/11/3,603.587
1999/11/4,618.51
1999/11/5,626.044
1999/11/8,628.307
1999/11/9,638.82
1999/11/10,638.912
1999/11/11,638.492
1999/11/12,635.23
1999/11/15,635.798
1999/11/16,641.731
1999/11/17,641.475
1999/11/18,636.619
1999/11/19,633.312
1999/11/22,630.17
1999/11/23,618.449
1999/11/24,599.723
1999/11/25,588.66
1999/11/26,596.355
1999/11/29,582.818
1999/11/30,583.8
1999/12/1,597.541
1999/12/2,598.409
1999/12/3,613.485
1999/12/6,624.386
1999/12/7,621.649
1999/12/8,620.977
1999/12/9,631.553
1999/12/10,633.839
1999/12/13,630.555
1999/12/14,648.394
1999/12/15,652.384
1999/12/16,646.506
1999/12/17,638.822
1999/12/20,646.059
1999/12/21,656.888
1999/12/22,661.05
1999/12/23,666.133
1999/12/24,666.133
1999/12/27,681.38
1999/12/28,677.218
1999/12/29,674.88
1999/12/30,676.919
