Name,FTSE BURSA MALAYSIA KLCI - PRICE INDEX
1991/1/1,505.92
1991/1/2,501.23
1991/1/3,497.99
1991/1/4,497.67
1991/1/7,495.63
1991/1/8,485.64
1991/1/9,485.42
1991/1/10,481.78
1991/1/11,482.11
1991/1/14,481.44
1991/1/15,473.76
1991/1/16,470.41
1991/1/17,487.34
1991/1/18,487.56
1991/1/21,480.29
1991/1/22,481.87
1991/1/23,478.76
1991/1/24,479.44
1991/1/25,483.44
1991/1/28,485.24
1991/1/29,489.72
1991/1/30,490.6
1991/1/31,497.26
1991/2/1,497.26
1991/2/4,500.88
1991/2/5,508.98
1991/2/6,513.72
1991/2/7,519.5
1991/2/8,518.93
1991/2/11,518.32
1991/2/12,526.01
1991/2/13,527.6
1991/2/14,527.6
1991/2/15,527.6
1991/2/18,545.96
1991/2/19,555.34
1991/2/20,562.26
1991/2/21,554.42
1991/2/22,554.68
1991/2/25,556.62
1991/2/26,563.47
1991/2/27,561.13
1991/2/28,562.4
1991/3/1,559.51
1991/3/4,567.83
1991/3/5,577.55
1991/3/6,596.29
1991/3/7,599.81
1991/3/8,601.3
1991/3/11,605.85
1991/3/12,599.69
1991/3/13,592.99
1991/3/14,594.23
1991/3/15,599.85
1991/3/18,596.62
1991/3/19,594.54
1991/3/20,579.46
1991/3/21,581.1
1991/3/22,588.89
1991/3/25,590.77
1991/3/26,587.98
1991/3/27,582.6
1991/3/28,582.94
1991/3/29,587.05
1991/4/1,587.06
1991/4/2,584.2
1991/4/3,586.86
1991/4/4,591.17
1991/4/5,591.14
1991/4/8,582.13
1991/4/9,572.44
1991/4/10,572.28
1991/4/11,575.79
1991/4/12,577.28
1991/4/15,580.11
1991/4/16,580.11
1991/4/17,580.11
1991/4/18,595.56
1991/4/19,595.5
1991/4/22,592.16
1991/4/23,588.38
1991/4/24,590.84
1991/4/25,591.45
1991/4/26,594.42
1991/4/29,592.13
1991/4/30,588.72
1991/5/1,588.72
1991/5/2,587.2
1991/5/3,588.09
1991/5/6,579.51
1991/5/7,582.48
1991/5/8,581.94
1991/5/9,584.96
1991/5/10,587.38
1991/5/13,584.99
1991/5/14,587.12
1991/5/15,580.69
1991/5/16,578.87
1991/5/17,583.36
1991/5/20,583.45
1991/5/21,584.2
1991/5/22,592.76
1991/5/23,611.57
1991/5/24,625.81
1991/5/27,630.3
1991/5/28,630.3
1991/5/29,635.02
1991/5/30,633.9
1991/5/31,629.54
1991/6/3,631.44
1991/6/4,625.76
1991/6/5,625.76
1991/6/6,623.73
1991/6/7,620.4
1991/6/10,618.54
1991/6/11,621.71
1991/6/12,623.96
1991/6/13,624.66
1991/6/14,627.13
1991/6/17,632.31
1991/6/18,630.23
1991/6/19,628.04
1991/6/20,623.2
1991/6/21,624.44
1991/6/24,624.91
1991/6/25,623.07
1991/6/26,624.08
1991/6/27,622.69
1991/6/28,618.69
1991/7/1,615.69
1991/7/2,613.5
1991/7/3,608.22
1991/7/4,606.01
1991/7/5,608.04
1991/7/8,604.84
1991/7/9,603.22
1991/7/10,608.11
1991/7/11,603.76
1991/7/12,598.6
1991/7/15,594.25
1991/7/16,595.28
1991/7/17,586.42
1991/7/18,589.54
1991/7/19,592.69
1991/7/22,595.85
1991/7/23,601.92
1991/7/24,601.28
1991/7/25,599.97
1991/7/26,605.46
1991/7/29,607.11
1991/7/30,602.06
1991/7/31,602.32
1991/8/1,600.75
1991/8/2,599.41
1991/8/5,593.16
1991/8/6,587.37
1991/8/7,579.4
1991/8/8,564.88
1991/8/9,565.43
1991/8/12,558.1
1991/8/13,559.57
1991/8/14,569.58
1991/8/15,550.92
1991/8/16,541.66
1991/8/19,505.47
1991/8/20,528.03
1991/8/21,527.88
1991/8/22,553.65
1991/8/23,543.49
1991/8/26,541.74
1991/8/27,538.6
1991/8/28,535.38
1991/8/29,545.8
1991/8/30,553.46
1991/9/2,559.99
1991/9/3,560.05
1991/9/4,561.83
1991/9/5,562.5
1991/9/6,557.92
1991/9/9,559.16
1991/9/10,552.6
1991/9/11,548.78
1991/9/12,549.41
1991/9/13,544.46
1991/9/16,541.34
1991/9/17,536.32
1991/9/18,529.3
1991/9/19,524.2
1991/9/20,524.2
1991/9/23,520.57
1991/9/24,521.03
1991/9/25,523.08
1991/9/26,526.7
1991/9/27,530.7
1991/9/30,522.69
1991/10/1,521.81
1991/10/2,521.77
1991/10/3,518.2
1991/10/4,513.11
1991/10/7,508.25
1991/10/8,508.55
1991/10/9,508.22
1991/10/10,507.37
1991/10/11,510.36
1991/10/14,518.8
1991/10/15,514.59
1991/10/16,517.24
1991/10/17,517.59
1991/10/18,516.6
1991/10/21,514.99
1991/10/22,522.36
1991/10/23,525.98
1991/10/24,533.54
1991/10/25,530.44
1991/10/28,535.43
1991/10/29,534.69
1991/10/30,530.3
1991/10/31,531.4
1991/11/1,537.03
1991/11/4,531.09
1991/11/5,531.09
1991/11/6,531.67
1991/11/7,533.16
1991/11/8,536.19
1991/11/11,554.57
1991/11/12,556.73
1991/11/13,555.85
1991/11/14,553.21
1991/11/15,545.74
1991/11/18,528.6
1991/11/19,535.64
1991/11/20,535.72
1991/11/21,537.59
1991/11/22,539.04
1991/11/25,537.38
1991/11/26,537.07
1991/11/27,536.18
1991/11/28,532.32
1991/11/29,532.09
1991/12/2,528.21
1991/12/3,528.38
1991/12/4,529.41
1991/12/5,529.32
1991/12/6,530.33
1991/12/9,531.42
1991/12/10,531.75
1991/12/11,530.9
1991/12/12,532.69
1991/12/13,537.85
1991/12/16,542.45
1991/12/17,543.3
1991/12/18,540.61
1991/12/19,541.13
1991/12/20,540.64
1991/12/23,545.52
1991/12/24,549.78
1991/12/25,549.78
1991/12/26,550.48
1991/12/27,551.8
1991/12/30,554.38
1991/12/31,556.22
1992/1/1,556.22
1992/1/2,552.16
1992/1/3,552.99
1992/1/6,557.34
1992/1/7,555.66
1992/1/8,553.48
1992/1/9,552.37
1992/1/10,551.9
1992/1/13,548.69
1992/1/14,546.63
1992/1/15,552.28
1992/1/16,569.23
1992/1/17,569.65
1992/1/20,572.23
1992/1/21,570.57
1992/1/22,572.27
1992/1/23,571.64
1992/1/24,568.78
1992/1/27,570.55
1992/1/28,569.84
1992/1/29,573.28
1992/1/30,568.75
1992/1/31,570.64
1992/2/3,570.64
1992/2/4,570.64
1992/2/5,570.64
1992/2/6,575.81
1992/2/7,589.84
1992/2/10,603.35
1992/2/11,604.45
1992/2/12,600.75
1992/2/13,594.63
1992/2/14,595.75
1992/2/17,597.78
1992/2/18,607.67
1992/2/19,618.72
1992/2/20,619.06
1992/2/21,615.73
1992/2/24,610.86
1992/2/25,602.29
1992/2/26,603.16
1992/2/27,600.66
1992/2/28,605.06
1992/3/2,601.93
1992/3/3,597.83
1992/3/4,598.64
1992/3/5,593.93
1992/3/6,590.94
1992/3/9,584.01
1992/3/10,586.95
1992/3/11,588.36
1992/3/12,592.42
1992/3/13,595.22
1992/3/16,591.74
1992/3/17,594.49
1992/3/18,600.4
1992/3/19,597.96
1992/3/20,603.19
1992/3/23,609.33
1992/3/24,609.9
1992/3/25,607.4
1992/3/26,604.27
1992/3/27,602.71
1992/3/30,597.69
1992/3/31,593.21
1992/4/1,588.37
1992/4/2,588.12
1992/4/3,586.46
1992/4/6,586.46
1992/4/7,586.46
1992/4/8,573.61
1992/4/9,563.69
1992/4/10,571.31
1992/4/13,567.51
1992/4/14,564.51
1992/4/15,568.19
1992/4/16,575.83
1992/4/17,575.75
1992/4/20,572.46
1992/4/21,572.57
1992/4/22,573.95
1992/4/23,582.9
1992/4/24,583.71
1992/4/27,581.02
1992/4/28,583.62
1992/4/29,585.12
1992/4/30,591.63
1992/5/1,591.63
1992/5/4,597.47
1992/5/5,603.02
1992/5/6,604.46
1992/5/7,603.56
1992/5/8,605.71
1992/5/11,603.97
1992/5/12,603.31
1992/5/13,598.65
1992/5/14,593.03
1992/5/15,590.34
1992/5/18,590.34
1992/5/19,590.91
1992/5/20,594.09
1992/5/21,592.86
1992/5/22,592.48
1992/5/25,591.93
1992/5/26,592.52
1992/5/27,591.2
1992/5/28,600.17
1992/5/29,589.09
1992/6/1,585.33
1992/6/2,586.74
1992/6/3,588.43
1992/6/4,586.23
1992/6/5,587.16
1992/6/8,585.39
1992/6/9,584.67
1992/6/10,589.52
1992/6/11,589.52
1992/6/12,590.55
1992/6/15,600.17
1992/6/16,602.15
1992/6/17,603.19
1992/6/18,596.5
1992/6/19,596.58
1992/6/22,594.05
1992/6/23,593.52
1992/6/24,594
1992/6/25,598.6
1992/6/26,596.55
1992/6/29,591.14
1992/6/30,592.33
1992/7/1,596.47
1992/7/2,596.47
1992/7/3,596.08
1992/7/6,595.75
1992/7/7,596.7
1992/7/8,595.97
1992/7/9,603.72
1992/7/10,611.57
1992/7/13,616.08
1992/7/14,617.94
1992/7/15,612.36
1992/7/16,611.74
1992/7/17,605.33
1992/7/20,602.76
1992/7/21,605.16
1992/7/22,608.79
1992/7/23,602.24
1992/7/24,593.53
1992/7/27,589.7
1992/7/28,585.77
1992/7/29,590.71
1992/7/30,598.56
1992/7/31,599.3
1992/8/3,601.39
1992/8/4,603.54
1992/8/5,602.58
1992/8/6,598.27
1992/8/7,597.11
1992/8/10,595.16
1992/8/11,597.8
1992/8/12,594.57
1992/8/13,592.18
1992/8/14,581.94
1992/8/17,568.25
1992/8/18,556.24
1992/8/19,560.01
1992/8/20,564.21
1992/8/21,567.66
1992/8/24,565.56
1992/8/25,559.18
1992/8/26,559.51
1992/8/27,567.56
1992/8/28,574.73
1992/8/31,574.73
1992/9/1,573.5
1992/9/2,572.92
1992/9/3,577.71
1992/9/4,581.17
1992/9/7,584.84
1992/9/8,586.61
1992/9/9,586.61
1992/9/10,584.19
1992/9/11,580.79
1992/9/14,583.74
1992/9/15,585.91
1992/9/16,585.15
1992/9/17,587.13
1992/9/18,587.54
1992/9/21,587.99
1992/9/22,588.32
1992/9/23,590.84
1992/9/24,593.07
1992/9/25,602.6
1992/9/28,610.65
1992/9/29,605.93
1992/9/30,602.28
1992/10/1,598.1
1992/10/2,594.59
1992/10/5,594.33
1992/10/6,590.7
1992/10/7,590.59
1992/10/8,591.77
1992/10/9,600.25
1992/10/12,602.6
1992/10/13,605.13
1992/10/14,606.56
1992/10/15,607.38
1992/10/16,608.05
1992/10/19,612.33
1992/10/20,614.96
1992/10/21,615.85
1992/10/22,623.87
1992/10/23,630.07
1992/10/26,630.07
1992/10/27,633.32
1992/10/28,633.31
1992/10/29,637.13
1992/10/30,641.31
1992/11/2,649.06
1992/11/3,653.07
1992/11/4,659.33
1992/11/5,660.35
1992/11/6,654.6
1992/11/9,648.93
1992/11/10,645.32
1992/11/11,646.8
1992/11/12,652.23
1992/11/13,650.62
1992/11/16,646.25
1992/11/17,641.9
1992/11/18,641.77
1992/11/19,637.39
1992/11/20,642.6
1992/11/23,643.79
1992/11/24,642.08
1992/11/25,641.84
1992/11/26,638.79
1992/11/27,640.48
1992/11/30,641.89
1992/12/1,637.23
1992/12/2,641.51
1992/12/3,636.4
1992/12/4,637.61
1992/12/7,635.56
1992/12/8,635.93
1992/12/9,633.52
1992/12/10,633.35
1992/12/11,635.26
1992/12/14,632.54
1992/12/15,628.88
1992/12/16,632.89
1992/12/17,636.11
1992/12/18,641.08
1992/12/21,643.6
1992/12/22,644.94
1992/12/23,645.04
1992/12/24,646.39
1992/12/25,646.39
1992/12/28,645.03
1992/12/29,642.95
1992/12/30,642.66
1992/12/31,643.96
1993/1/1,643.96
1993/1/4,632.83
1993/1/5,630.89
1993/1/6,633.66
1993/1/7,636.26
1993/1/8,629.51
1993/1/11,621.46
1993/1/12,616.46
1993/1/13,614.28
1993/1/14,619.81
1993/1/15,617.49
1993/1/18,624.37
1993/1/19,624.12
1993/1/20,622.61
1993/1/21,625.93
1993/1/22,625.93
1993/1/25,625.93
1993/1/26,626.34
1993/1/27,624.89
1993/1/28,618.41
1993/1/29,624.49
1993/2/1,624.49
1993/2/2,628.38
1993/2/3,639.24
1993/2/4,642.95
1993/2/5,644.83
1993/2/8,641.6
1993/2/9,639.97
1993/2/10,638.62
1993/2/11,635.84
1993/2/12,635.42
1993/2/15,634.91
1993/2/16,635.01
1993/2/17,625.81
1993/2/18,623.11
1993/2/19,629.43
1993/2/22,635.59
1993/2/23,632.28
1993/2/24,634.22
1993/2/25,638.83
1993/2/26,638.19
1993/3/1,634.87
1993/3/2,637
1993/3/3,636.44
1993/3/4,636.67
1993/3/5,638.34
1993/3/8,637.93
1993/3/9,631.79
1993/3/10,637.37
1993/3/11,637.25
1993/3/12,638.05
1993/3/15,634.81
1993/3/16,637.79
1993/3/17,640.39
1993/3/18,640.24
1993/3/19,636.33
1993/3/22,634.65
1993/3/23,634.42
1993/3/24,634.42
1993/3/25,634.42
1993/3/26,634.42
1993/3/29,638.87
1993/3/30,638.92
1993/3/31,643.25
1993/4/1,649.56
1993/4/2,651.45
1993/4/5,656.13
1993/4/6,655.89
1993/4/7,661.35
1993/4/8,657.23
1993/4/9,655.24
1993/4/12,657.13
1993/4/13,655.58
1993/4/14,660.6
1993/4/15,660.73
1993/4/16,662.02
1993/4/19,664.95
1993/4/20,672.53
1993/4/21,691.7
1993/4/22,691.45
1993/4/23,691.65
1993/4/26,693.44
1993/4/27,692.57
1993/4/28,695.43
1993/4/29,705
1993/4/30,719.61
1993/5/3,717.37
1993/5/4,706.08
1993/5/5,706.46
1993/5/6,706.46
1993/5/7,712.95
1993/5/10,716.54
1993/5/11,710.99
1993/5/12,712.67
1993/5/13,718.04
1993/5/14,720
1993/5/17,720.36
1993/5/18,725.46
1993/5/19,729.43
1993/5/20,735.11
1993/5/21,729.35
1993/5/24,724.48
1993/5/25,731.37
1993/5/26,735.39
1993/5/27,736.07
1993/5/28,735.25
1993/5/31,735.25
1993/6/1,740.06
1993/6/2,741.27
1993/6/3,735.06
1993/6/4,732.15
1993/6/7,728.16
1993/6/8,736.28
1993/6/9,734.93
1993/6/10,737.53
1993/6/11,746.29
1993/6/14,743.16
1993/6/15,739.42
1993/6/16,736.51
1993/6/17,720.46
1993/6/18,735.25
1993/6/21,735.25
1993/6/22,724.96
1993/6/23,717.96
1993/6/24,701.66
1993/6/25,708.8
1993/6/28,722.07
1993/6/29,720.58
1993/6/30,721.17
1993/7/1,719.84
1993/7/2,734.73
1993/7/5,732.3
1993/7/6,731.67
1993/7/7,732.66
1993/7/8,733.98
1993/7/9,728.05
1993/7/12,722.82
1993/7/13,718.86
1993/7/14,719.3
1993/7/15,714.23
1993/7/16,735.78
1993/7/19,742.5
1993/7/20,745.9
1993/7/21,761.6
1993/7/22,759.76
1993/7/23,757.65
1993/7/26,758.35
1993/7/27,755.57
1993/7/28,763.97
1993/7/29,764.7
1993/7/30,766.08
1993/8/2,763.46
1993/8/3,771.67
1993/8/4,781.99
1993/8/5,785.49
1993/8/6,778.66
1993/8/9,779.87
1993/8/10,780.6
1993/8/11,780.42
1993/8/12,776.16
1993/8/13,771.91
1993/8/16,772.76
1993/8/17,784.91
1993/8/18,791.02
1993/8/19,798.82
1993/8/20,805.51
1993/8/23,805.26
1993/8/24,805.47
1993/8/25,805.72
1993/8/26,811.78
1993/8/27,808.49
1993/8/30,808.49
1993/8/31,808.49
1993/9/1,821.04
1993/9/2,851.16
1993/9/3,851.43
1993/9/6,848.4
1993/9/7,849.7
1993/9/8,842.54
1993/9/9,833.03
1993/9/10,820.74
1993/9/13,821.65
1993/9/14,817.78
1993/9/15,816.44
1993/9/16,819.77
1993/9/17,819.6
1993/9/20,816.46
1993/9/21,818.63
1993/9/22,819.33
1993/9/23,830.33
1993/9/24,837.87
1993/9/27,848.18
1993/9/28,849.92
1993/9/29,846.56
1993/9/30,853.83
1993/10/1,859.87
1993/10/4,852.26
1993/10/5,857.98
1993/10/6,865.77
1993/10/7,874.34
1993/10/8,884.62
1993/10/11,895.15
1993/10/12,905.71
1993/10/13,911.38
1993/10/14,919.03
1993/10/15,927.46
1993/10/18,914.53
1993/10/19,926.16
1993/10/20,922.95
1993/10/21,937.09
1993/10/22,934.11
1993/10/25,930.49
1993/10/26,929.85
1993/10/27,934.53
1993/10/28,946.72
1993/10/29,971.99
1993/11/1,967.05
1993/11/2,972.36
1993/11/3,982.03
1993/11/4,977.06
1993/11/5,944.94
1993/11/8,921.52
1993/11/9,937.66
1993/11/10,950.89
1993/11/11,967.6
1993/11/12,972.47
1993/11/15,961.37
1993/11/16,951.3
1993/11/17,957.81
1993/11/18,956.57
1993/11/19,984.92
1993/11/22,989.4
1993/11/23,966.88
1993/11/24,970.3
1993/11/25,970.31
1993/11/26,976.34
1993/11/29,972.1
1993/11/30,996.45
1993/12/1,1015.42
1993/12/2,1017.51
1993/12/3,1023.92
1993/12/6,1041.11
1993/12/7,1063.25
1993/12/8,1060.79
1993/12/9,1067.34
1993/12/10,1075.85
1993/12/13,1090.35
1993/12/14,1092.66
1993/12/15,1116.09
1993/12/16,1112.59
1993/12/17,1109.53
1993/12/20,1098.08
1993/12/21,1096.61
1993/12/22,1121.38
1993/12/23,1152.24
1993/12/24,1178.46
1993/12/27,1205.28
1993/12/28,1223.05
1993/12/29,1231.86
1993/12/30,1231.73
1993/12/31,1275.32
1994/1/3,1288.85
1994/1/4,1313.35
1994/1/5,1314.46
1994/1/6,1248.69
1994/1/7,1190.73
1994/1/10,1206.75
1994/1/11,1139.55
1994/1/12,1066.22
1994/1/13,1029.17
1994/1/14,1134.14
1994/1/17,1104.14
1994/1/18,1110.22
1994/1/19,1081.78
1994/1/20,1053.21
1994/1/21,1063.76
1994/1/24,1064.55
1994/1/25,1011.8
1994/1/26,1029.31
1994/1/27,1074.24
1994/1/28,1090.06
1994/1/31,1106.99
1994/2/1,1106.99
1994/2/2,1148.04
1994/2/3,1150.21
1994/2/4,1147.32
1994/2/7,1094.02
1994/2/8,1108.72
1994/2/9,1108.72
1994/2/10,1108.72
1994/2/11,1108.72
1994/2/14,1093.3
1994/2/15,1087.21
1994/2/16,1081.13
1994/2/17,1072.14
1994/2/18,1086.73
1994/2/21,1086.91
1994/2/22,1104.45
1994/2/23,1141.05
1994/2/24,1146.41
1994/2/25,1124.11
1994/2/28,1125.63
1994/3/1,1113.41
1994/3/2,1086.25
1994/3/3,1070.58
1994/3/4,1064.34
1994/3/7,1045.72
1994/3/8,1056.3
1994/3/9,1056.43
1994/3/10,1046
1994/3/11,1046.48
1994/3/14,1046.48
1994/3/15,1046.48
1994/3/16,1046.48
1994/3/17,1027.2
1994/3/18,1007.06
1994/3/21,954.18
1994/3/22,967.48
1994/3/23,999.95
1994/3/24,983.52
1994/3/25,970.1
1994/3/28,951.43
1994/3/29,961.78
1994/3/30,966.77
1994/3/31,952.72
1994/4/1,959.94
1994/4/4,928.33
1994/4/5,939.31
1994/4/6,964.51
1994/4/7,966.18
1994/4/8,961.95
1994/4/11,973.34
1994/4/12,1024.82
1994/4/13,1029.45
1994/4/14,1021.3
1994/4/15,1033.66
1994/4/18,1050.26
1994/4/19,1036.04
1994/4/20,1039.66
1994/4/21,1028.91
1994/4/22,1038.87
1994/4/25,1059.52
1994/4/26,1053.47
1994/4/27,1053.35
1994/4/28,1055.34
1994/4/29,1054.5
1994/5/2,1054.5
1994/5/3,1042.02
1994/5/4,1028.25
1994/5/5,1007.01
1994/5/6,1011.57
1994/5/9,990.63
1994/5/10,999.48
1994/5/11,1008.67
1994/5/12,996.92
1994/5/13,1004.55
1994/5/16,997.84
1994/5/17,991.96
1994/5/18,1010.27
1994/5/19,1002.98
1994/5/20,1001.16
1994/5/23,999.1
1994/5/24,987.26
1994/5/25,987.26
1994/5/26,997.05
1994/5/27,1000.11
1994/5/30,996.11
1994/5/31,993.73
1994/6/1,982.8
1994/6/2,955.44
1994/6/3,965.49
1994/6/6,970.06
1994/6/7,972.42
1994/6/8,969.31
1994/6/9,981.72
1994/6/10,1016.98
1994/6/13,1017.93
1994/6/14,1013.49
1994/6/15,1028.95
1994/6/16,1032.39
1994/6/17,1038.04
1994/6/20,1035.46
1994/6/21,1011.46
1994/6/22,1015.43
1994/6/23,1003.5
1994/6/24,1015.03
1994/6/27,1003.52
1994/6/28,1006.92
1994/6/29,1010.11
1994/6/30,1011.58
1994/7/1,1003.76
1994/7/4,999.56
1994/7/5,1004.06
1994/7/6,995.36
1994/7/7,981.37
1994/7/8,987.78
1994/7/11,988.88
1994/7/12,985.62
1994/7/13,989.57
1994/7/14,1010.8
1994/7/15,1012.11
1994/7/18,1005.05
1994/7/19,999.2
1994/7/20,1009.72
1994/7/21,996.36
1994/7/22,1000.46
1994/7/25,1004.38
1994/7/26,1008.31
1994/7/27,1020.19
1994/7/28,1026.3
1994/7/29,1027.51
1994/8/1,1056.34
1994/8/2,1075.19
1994/8/3,1079.06
1994/8/4,1086.8
1994/8/5,1089.15
1994/8/8,1076.34
1994/8/9,1073.59
1994/8/10,1092.8
1994/8/11,1111.48
1994/8/12,1105.29
1994/8/15,1092.8
1994/8/16,1108.18
1994/8/17,1126.14
1994/8/18,1136.34
1994/8/19,1140.7
1994/8/22,1150.2
1994/8/23,1146.35
1994/8/24,1141.57
1994/8/25,1136.14
1994/8/26,1111.78
1994/8/29,1120.37
1994/8/30,1130.01
1994/8/31,1130.01
1994/9/1,1156.34
1994/9/2,1160.88
1994/9/5,1159.51
1994/9/6,1172.24
1994/9/7,1163.15
1994/9/8,1181.17
1994/9/9,1181.66
1994/9/12,1169.05
1994/9/13,1169.11
1994/9/14,1173.84
1994/9/15,1176.06
1994/9/16,1185.27
1994/9/19,1180.66
1994/9/20,1185.65
1994/9/21,1191.14
1994/9/22,1179.88
1994/9/23,1170.32
1994/9/26,1157.18
1994/9/27,1149.6
1994/9/28,1140.83
1994/9/29,1133.68
1994/9/30,1129.76
1994/10/3,1127.35
1994/10/4,1125.66
1994/10/5,1134.52
1994/10/6,1143.43
1994/10/7,1122.33
1994/10/10,1110.12
1994/10/11,1128.29
1994/10/12,1137
1994/10/13,1135.67
1994/10/14,1128.45
1994/10/17,1126.12
1994/10/18,1118.74
1994/10/19,1118.86
1994/10/20,1124.39
1994/10/21,1114.42
1994/10/24,1109.07
1994/10/25,1102.23
1994/10/26,1105.54
1994/10/27,1101.74
1994/10/28,1113.04
1994/10/31,1108.85
1994/11/1,1093.58
1994/11/2,1093.58
1994/11/3,1066.46
1994/11/4,1074.41
1994/11/7,1070.14
1994/11/8,1057.96
1994/11/9,1051.51
1994/11/10,1030.85
1994/11/11,1029.87
1994/11/14,1044.31
1994/11/15,1069.74
1994/11/16,1063.15
1994/11/17,1052.48
1994/11/18,1048.88
1994/11/21,1045.38
1994/11/22,1026.18
1994/11/23,1001.8
1994/11/24,1007.54
1994/11/25,1011.52
1994/11/28,1005.23
1994/11/29,1003.69
1994/11/30,1013.13
1994/12/1,986.13
1994/12/2,977.74
1994/12/5,963.88
1994/12/6,953.68
1994/12/7,951.68
1994/12/8,925.34
1994/12/9,911.26
1994/12/12,895.77
1994/12/13,900.41
1994/12/14,937.15
1994/12/15,950.77
1994/12/16,946.6
1994/12/19,957.25
1994/12/20,966.19
1994/12/21,982.17
1994/12/22,994.34
1994/12/23,988.87
1994/12/26,988.87
1994/12/27,987.54
1994/12/28,975.97
1994/12/29,967.14
1994/12/30,971.21
1995/1/2,971.21
1995/1/3,969.7
1995/1/4,957.81
1995/1/5,965.89
1995/1/6,955.43
1995/1/9,937.05
1995/1/10,923.38
1995/1/11,925.5
1995/1/12,915.24
1995/1/13,898.5
1995/1/16,910.75
1995/1/17,926.76
1995/1/18,918.74
1995/1/19,901.72
1995/1/20,885.13
1995/1/23,850.1
1995/1/24,840.87
1995/1/25,870.75
1995/1/26,877.36
1995/1/27,883.29
1995/1/30,883.29
1995/1/31,883.29
1995/2/1,883.29
1995/2/2,883.29
1995/2/3,927.26
1995/2/6,971.96
1995/2/7,975.58
1995/2/8,964.75
1995/2/9,971.03
1995/2/10,980.38
1995/2/13,980.42
1995/2/14,972.99
1995/2/15,979.28
1995/2/16,989.99
1995/2/17,995.21
1995/2/20,986.5
1995/2/21,971.1
1995/2/22,941.07
1995/2/23,949.46
1995/2/24,970.45
1995/2/27,953.79
1995/2/28,979.64
1995/3/1,979.64
1995/3/2,979.64
1995/3/3,979.64
1995/3/6,953.4
1995/3/7,947.23
1995/3/8,935.05
1995/3/9,951.21
1995/3/10,935.12
1995/3/13,932.02
1995/3/14,929.71
1995/3/15,937.32
1995/3/16,943.88
1995/3/17,960.43
1995/3/20,969.35
1995/3/21,964.84
1995/3/22,959.2
1995/3/23,957.05
1995/3/24,957.9
1995/3/27,952.74
1995/3/28,964.75
1995/3/29,987.71
1995/3/30,979.65
1995/3/31,983.1
1995/4/3,966.31
1995/4/4,974.03
1995/4/5,998.79
1995/4/6,978.72
1995/4/7,967.29
1995/4/10,956.03
1995/4/11,956.28
1995/4/12,966.01
1995/4/13,963.34
1995/4/14,965.97
1995/4/17,962.63
1995/4/18,964.3
1995/4/19,963.82
1995/4/20,962.64
1995/4/21,977.84
1995/4/24,975.05
1995/4/25,975.05
1995/4/26,958.63
1995/4/27,942.44
1995/4/28,951.8
1995/5/1,951.8
1995/5/2,944.57
1995/5/3,950.68
1995/5/4,951.38
1995/5/5,956.44
1995/5/8,957.82
1995/5/9,951.36
1995/5/10,951.36
1995/5/11,1000.53
1995/5/12,1013.94
1995/5/15,1013.94
1995/5/16,1036.06
1995/5/17,1016.82
1995/5/18,1019.28
1995/5/19,1011.62
1995/5/22,1009.46
1995/5/23,1024.91
1995/5/24,1026.75
1995/5/25,1039.71
1995/5/26,1047.57
1995/5/29,1043.48
1995/5/30,1050
1995/5/31,1050
1995/6/1,1070.82
1995/6/2,1078.08
1995/6/5,1085.04
1995/6/6,1080.52
1995/6/7,1057.8
1995/6/8,1061.19
1995/6/9,1054.36
1995/6/12,1042.68
1995/6/13,1038.99
1995/6/14,1049.97
1995/6/15,1058.44
1995/6/16,1064.59
1995/6/19,1052.59
1995/6/20,1055.11
1995/6/21,1064.13
1995/6/22,1063.9
1995/6/23,1061.91
1995/6/26,1055.28
1995/6/27,1043.57
1995/6/28,1024.62
1995/6/29,1027.21
1995/6/30,1026.62
1995/7/3,1023.51
1995/7/4,1033.53
1995/7/5,1047.82
1995/7/6,1045.35
1995/7/7,1059.91
1995/7/10,1063.98
1995/7/11,1055.64
1995/7/12,1066.46
1995/7/13,1073.31
1995/7/14,1074.17
1995/7/17,1072.79
1995/7/18,1070.92
1995/7/19,1061.28
1995/7/20,1062.09
1995/7/21,1056.06
1995/7/24,1045.42
1995/7/25,1049.34
1995/7/26,1044.73
1995/7/27,1048.81
1995/7/28,1050.67
1995/7/31,1060.21
1995/8/1,1058.94
1995/8/2,1068.25
1995/8/3,1072.83
1995/8/4,1071.07
1995/8/7,1056.57
1995/8/8,1056.24
1995/8/9,1056.24
1995/8/10,1057.2
1995/8/11,1054.43
1995/8/14,1048.25
1995/8/15,1038.07
1995/8/16,1028.3
1995/8/17,1019.94
1995/8/18,1028.33
1995/8/21,1022.85
1995/8/22,1029.9
1995/8/23,1028.35
1995/8/24,1029.6
1995/8/25,1028.76
1995/8/28,1026.93
1995/8/29,1018.86
1995/8/30,1015.07
1995/8/31,1015.07
1995/9/1,1009.29
1995/9/4,998.41
1995/9/5,987.34
1995/9/6,992.15
1995/9/7,983.88
1995/9/8,982.85
1995/9/11,989.15
1995/9/12,986.66
1995/9/13,997.83
1995/9/14,993.2
1995/9/15,993.53
1995/9/18,995.51
1995/9/19,991.88
1995/9/20,995.91
1995/9/21,1002.84
1995/9/22,1017.25
1995/9/25,1012.93
1995/9/26,1011.67
1995/9/27,1006.68
1995/9/28,992.16
1995/9/29,1000.6
1995/10/2,984.12
1995/10/3,977.24
1995/10/4,988.32
1995/10/5,985.62
1995/10/6,983.81
1995/10/9,976.5
1995/10/10,970.75
1995/10/11,958.8
1995/10/12,961.94
1995/10/13,963.13
1995/10/16,957.37
1995/10/17,945.86
1995/10/18,946.72
1995/10/19,944.81
1995/10/20,959.23
1995/10/23,959.23
1995/10/24,948.41
1995/10/25,955.87
1995/10/26,966.68
1995/10/27,962.64
1995/10/30,954.77
1995/10/31,957.61
1995/11/1,941.78
1995/11/2,923.52
1995/11/3,924.5
1995/11/6,927.29
1995/11/7,918.59
1995/11/8,913.43
1995/11/9,903.94
1995/11/10,899.47
1995/11/13,888.5
1995/11/14,883.96
1995/11/15,895.47
1995/11/16,894.04
1995/11/17,888.91
1995/11/20,893.8
1995/11/21,917.21
1995/11/22,935
1995/11/23,929.03
1995/11/24,922.41
1995/11/27,928.66
1995/11/28,948.54
1995/11/29,949.86
1995/11/30,951.69
1995/12/1,975.54
1995/12/4,985.24
1995/12/5,991.57
1995/12/6,995.76
1995/12/7,986
1995/12/8,976.96
1995/12/11,974.78
1995/12/12,979.25
1995/12/13,984.28
1995/12/14,996.26
1995/12/15,990.52
1995/12/18,984
1995/12/19,977.49
1995/12/20,997.02
1995/12/21,1000.66
1995/12/22,991.54
1995/12/25,991.54
1995/12/26,984.53
1995/12/27,984.12
1995/12/28,993.93
1995/12/29,995.17