  ,
1993/1/1,676.95
1993/1/4,671.8
1993/1/5,674.34
1993/1/6,681.85
1993/1/7,678.21
1993/1/8,677.21
1993/1/11,682.4
1993/1/12,679.45
1993/1/13,686.78
1993/1/14,695.7
1993/1/15,697.15
1993/1/18,698.13
1993/1/19,696.81
1993/1/20,697.44
1993/1/21,700.77
1993/1/22,701.63
1993/1/25,706.95
1993/1/26,707.16
1993/1/27,697.9
1993/1/28,694.67
1993/1/29,696.34
1993/2/1,701.77
1993/2/2,705.12
1993/2/3,708.67
1993/2/4,708.85
1993/2/5,700.98
1993/2/8,698.44
1993/2/9,692.21
1993/2/10,695.02
1993/2/11,695.88
1993/2/12,690.53
1993/2/15,690.53
1993/2/16,665.39
1993/2/17,659.43
1993/2/18,662.45
1993/2/19,663.61
1993/2/22,652.42
1993/2/23,651.4
1993/2/24,662.46
1993/2/25,667.07
1993/2/26,670.77
1993/3/1,669.51
1993/3/2,677.72
1993/3/3,683.92
1993/3/4,680.73
1993/3/5,681.37
1993/3/8,687.23
1993/3/9,688.96
1993/3/10,692.87
1993/3/11,694.28
1993/3/12,692.78
1993/3/15,695.21
1993/3/16,695.47
1993/3/17,687.4
1993/3/18,687.41
1993/3/19,682.72
1993/3/22,676.62
1993/3/23,675.04
1993/3/24,674.36
1993/3/25,681.01
1993/3/26,681.54
1993/3/29,680.76
1993/3/30,686.25
1993/3/31,690.13
1993/4/1,686.64
1993/4/2,669.85
1993/4/5,670.71
1993/4/6,664.14
1993/4/7,668.88
1993/4/8,666.33
1993/4/9,666.33
1993/4/12,673.12
1993/4/13,673.83
1993/4/14,673.94
1993/4/15,670.32
1993/4/16,666.78
1993/4/19,663.03
1993/4/20,661.97
1993/4/21,664.04
1993/4/22,663.51
1993/4/23,658.41
1993/4/26,645.87
1993/4/27,652.52
1993/4/28,658.16
1993/4/29,658.45
1993/4/30,661.42
1993/5/3,666.71
1993/5/4,678.16
1993/5/5,683.26
1993/5/6,680.04
1993/5/7,681.44
1993/5/10,682.82
1993/5/11,683.06
1993/5/12,681.69
1993/5/13,675.64
1993/5/14,676.37
1993/5/17,677.96
1993/5/18,680.78
1993/5/19,690.43
1993/5/20,697.43
1993/5/21,694.29
1993/5/24,694.69
1993/5/25,695.04
1993/5/26,704.09
1993/5/27,704.59
1993/5/28,700.53
1993/5/31,700.53
1993/6/1,704.28
1993/6/2,705.86
1993/6/3,706.22
1993/6/4,702.01
1993/6/7,694.61
1993/6/8,687.74
1993/6/9,689.24
1993/6/10,688.05
1993/6/11,693.19
1993/6/14,696.41
1993/6/15,697.34
1993/6/16,696.25
1993/6/17,695.94
1993/6/18,689.59
1993/6/21,688.74
1993/6/22,686.77
1993/6/23,684.79
1993/6/24,688.72
1993/6/25,694.81
1993/6/28,702.84
1993/6/29,701.07
1993/6/30,703.95
1993/7/1,703.59
1993/7/2,704.49
1993/7/5,704.49
1993/7/6,702.22
1993/7/7,698.79
1993/7/8,702.71
1993/7/9,705.81
1993/7/12,707.67
1993/7/13,708.47
1993/7/14,712.49
1993/7/15,708.69
1993/7/16,699.73
1993/7/19,695.83
1993/7/20,701.9
1993/7/21,700.08
1993/7/22,695.52
1993/7/23,700.24
1993/7/26,704.54
1993/7/27,701
1993/7/28,705.59
1993/7/29,707.24
1993/7/30,704.7
1993/8/2,707.66
1993/8/3,709.01
1993/8/4,713.79
1993/8/5,715.5
1993/8/6,718.08
1993/8/9,718.49
1993/8/10,717.08
1993/8/11,718.77
1993/8/12,717.12
1993/8/13,718.26
1993/8/16,726.89
1993/8/17,731.01
1993/8/18,734.83
1993/8/19,730.48
1993/8/20,730.96
1993/8/23,730.86
1993/8/24,735.14
1993/8/25,733.66
1993/8/26,731.39
1993/8/27,734.07
1993/8/30,737.38
1993/8/31,742.84
1993/9/1,746.15
1993/9/2,748.65
1993/9/3,749.71
1993/9/6,749.71
1993/9/7,739.35
1993/9/8,730.73
1993/9/9,737.71
1993/9/10,744.31
1993/9/13,740.32
1993/9/14,732.64
1993/9/15,739.55
1993/9/16,739.8
1993/9/17,740.11
1993/9/20,740.21
1993/9/21,733.56
1993/9/22,745.54
1993/9/23,752.26
1993/9/24,754.65
1993/9/27,759.95
1993/9/28,763.66
1993/9/29,763.17
1993/9/30,762.78
1993/10/1,763.23
1993/10/4,764.84
1993/10/5,762.27
1993/10/6,764.77
1993/10/7,762.49
1993/10/8,764.27
1993/10/11,767.65
1993/10/12,772.46
1993/10/13,778.97
1993/10/14,785.41
1993/10/15,787.42
1993/10/18,782.91
1993/10/19,768.71
1993/10/20,768.25
1993/10/21,771.28
1993/10/22,772.68
1993/10/25,769.75
1993/10/26,765.46
1993/10/27,771.88
1993/10/28,773.49
1993/10/29,779.26
1993/11/1,783.77
1993/11/2,785.66
1993/11/3,772.95
1993/11/4,757.26
1993/11/5,762.99
1993/11/8,766.21
1993/11/9,769.84
1993/11/10,776.5
1993/11/11,778.98
1993/11/12,779.32
1993/11/15,772.45
1993/11/16,771.69
1993/11/17,762.36
1993/11/18,754.34
1993/11/19,751.56
1993/11/22,738.13
1993/11/23,746.82
1993/11/24,753.18
1993/11/25,753.18
1993/11/26,754.87
1993/11/29,751.54
1993/11/30,754.39
1993/12/1,763.81
1993/12/2,766.73
1993/12/3,772.22
1993/12/6,771.09
1993/12/7,769.35
1993/12/8,767.89
1993/12/9,761.49
1993/12/10,760.74
1993/12/13,759.72
1993/12/14,751.47
1993/12/15,752.97
1993/12/16,755.53
1993/12/17,759.23
1993/12/20,760.15
1993/12/21,755.63
1993/12/22,756.07
1993/12/23,758.7
1993/12/24,758.7
1993/12/27,761.06
1993/12/28,764.56
1993/12/29,768.48
1993/12/30,771.08
1993/12/31,776.8
1994/1/3,770.76
1994/1/4,774.28
1994/1/5,778.05
1994/1/6,780.41
1994/1/7,782.94
1994/1/10,786.69
1994/1/11,785.52
1994/1/12,786.87
1994/1/13,787.81
1994/1/14,792.31
1994/1/17,792.18
1994/1/18,793.02
1994/1/19,789.28
1994/1/20,793.03
1994/1/21,794.28
1994/1/24,790.65
1994/1/25,786.39
1994/1/26,788.8
1994/1/27,792.88
1994/1/28,796.53
1994/1/31,800.47
1994/2/1,797.24
1994/2/2,799.57
1994/2/3,797.79
1994/2/4,777.28
1994/2/7,779.2
1994/2/8,782.7
1994/2/9,786.53
1994/2/10,783.42
1994/2/11,781.39
1994/2/14,785.45
1994/2/15,790.12
1994/2/16,792.62
1994/2/17,790.24
1994/2/18,788.85
1994/2/21,788.85
1994/2/22,791.15
1994/2/23,789.11
1994/2/24,779.24
1994/2/25,783.78
1994/2/28,792.5
1994/3/1,788.64
1994/3/2,783.47
1994/3/3,784.58
1994/3/4,790.55
1994/3/7,795.05
1994/3/8,792.12
1994/3/9,793.05
1994/3/10,789.09
1994/3/11,789.2
1994/3/14,792.8
1994/3/15,793.52
1994/3/16,798.99
1994/3/17,803.85
1994/3/18,803.93
1994/3/21,797.3
1994/3/22,796.34
1994/3/23,797.51
1994/3/24,786.68
1994/3/25,783.45
1994/3/28,772.5
1994/3/29,755.29
1994/3/30,744.91
1994/3/31,743.46
1994/4/1,743.46
1994/4/4,727.41
1994/4/5,750.95
1994/4/6,750.72
1994/4/7,755.17
1994/4/8,748.71
1994/4/11,748.11
1994/4/12,739.22
1994/4/13,727.38
1994/4/14,727.31
1994/4/15,727.97
1994/4/18,720.45
1994/4/19,712.85
1994/4/20,705.52
1994/4/21,718.74
1994/4/22,722.56
1994/4/25,730.8
1994/4/26,734.21
1994/4/27,734.21
1994/4/28,731.69
1994/4/29,733.84
1994/5/2,740.68
1994/5/3,739.37
1994/5/4,740.3
1994/5/5,740.55
1994/5/6,732.86
1994/5/9,722.96
1994/5/10,725
1994/5/11,717
1994/5/12,719.61
1994/5/13,716.92
1994/5/16,711.91
1994/5/17,711.52
1994/5/18,721.9
1994/5/19,727.31
1994/5/20,726.7
1994/5/23,724.95
1994/5/24,731.47
1994/5/25,732.07
1994/5/26,731.64
1994/5/27,733.14
1994/5/30,733.14
1994/5/31,735.19
1994/6/1,735.52
1994/6/2,739.5
1994/6/3,742.38
1994/6/6,743.43
1994/6/7,739.3
1994/6/8,729.79
1994/6/9,728.88
1994/6/10,734.25
1994/6/13,731.7
1994/6/14,735.98
1994/6/15,735.84
1994/6/16,734.97
1994/6/17,729.35
1994/6/20,718.85
1994/6/21,708.79
1994/6/22,712.74
1994/6/23,700.85
1994/6/24,693.79
1994/6/27,702.68
1994/6/28,702.05
1994/6/29,704.01
1994/6/30,705.96
1994/7/1,706.85
1994/7/4,706.85
1994/7/5,703.59
1994/7/6,701
1994/7/7,706.53
1994/7/8,707.46
1994/7/11,706.83
1994/7/12,709.59
1994/7/13,719.35
1994/7/14,721.56
1994/7/15,721.36
1994/7/18,722.62
1994/7/19,719.32
1994/7/20,712.77
1994/7/21,715.03
1994/7/22,716.68
1994/7/25,716.88
1994/7/26,715.66
1994/7/27,712.13
1994/7/28,712.43
1994/7/29,722.16
1994/8/1,724.85
1994/8/2,724.8
1994/8/3,723.69
1994/8/4,720.18
1994/8/5,718.67
1994/8/8,720.47
1994/8/9,722.61
1994/8/10,728.2
1994/8/11,728.2
1994/8/12,731.61
1994/8/15,732.89
1994/8/16,735.51
1994/8/17,742.66
1994/8/18,742.17
1994/8/19,742.43
1994/8/22,742.29
1994/8/23,747.98
1994/8/24,751.72
1994/8/25,754.8
1994/8/26,762.94
1994/8/29,763.21
1994/8/30,766.46
1994/8/31,765.62
1994/9/1,758.95
1994/9/2,759.23
1994/9/5,759.23
1994/9/6,759.48
1994/9/7,764.28
1994/9/8,769.3
1994/9/9,763.73
1994/9/12,760.01
1994/9/13,765.83
1994/9/14,768.61
1994/9/15,778.66
1994/9/16,777.91
1994/9/19,776.72
1994/9/20,766.74
1994/9/21,760.71
1994/9/22,760.44
1994/9/23,757.46
1994/9/26,755.63
1994/9/27,755.37
1994/9/28,760.01
1994/9/29,759.34
1994/9/30,764.29
1994/10/3,760.88
1994/10/4,747.3
1994/10/5,746.28
1994/10/6,744.19
1994/10/7,749.96
1994/10/10,756.81
1994/10/11,765.57
1994/10/12,767
1994/10/13,767.89
1994/10/14,767.08
1994/10/17,765.78
1994/10/18,764.81
1994/10/19,770.62
1994/10/20,768.24
1994/10/21,765.38
1994/10/24,761.21
1994/10/25,758.26
1994/10/26,763.24
1994/10/27,767.47
1994/10/28,776.15
1994/10/31,777.49
1994/11/1,772.19
1994/11/2,771.82
1994/11/3,772.1
1994/11/4,766.08
1994/11/7,762.31
1994/11/8,767.54
1994/11/9,767.25
1994/11/10,764.38
1994/11/11,762.12
1994/11/14,768.14
1994/11/15,769.02
1994/11/16,769.64
1994/11/17,765.84
1994/11/18,764.67
1994/11/21,757.74
1994/11/22,741.21
1994/11/23,736.7
1994/11/24,736.7
1994/11/25,742.52
1994/11/28,745.73
1994/11/29,751.48
1994/11/30,750.32
1994/12/1,741.19
1994/12/2,745.02
1994/12/5,745.71
1994/12/6,741.23
1994/12/7,734.27
1994/12/8,719.12
1994/12/9,719.05
1994/12/12,719.12
1994/12/13,719.49
1994/12/14,725.67
1994/12/15,730.68
1994/12/16,729.07
1994/12/19,727.89
1994/12/20,728.51
1994/12/21,737.12
1994/12/22,739.34
1994/12/23,742.19
1994/12/26,742.19
1994/12/27,746.19
1994/12/28,742.46
1994/12/29,749.53
1994/12/30,751.96
1995/1/2,751.96
1995/1/3,743.58
1995/1/4,745.84
1995/1/5,745.66
1995/1/6,749.69
1995/1/9,752.09
1995/1/10,756.52
1995/1/11,755.74
1995/1/12,756.51
1995/1/13,762.16
1995/1/16,768.16
1995/1/17,772.14
1995/1/18,772.38
1995/1/19,768.55
1995/1/20,762.05
1995/1/23,759.51
1995/1/24,763.2
1995/1/25,760.98
1995/1/26,757.56
1995/1/27,758.91
1995/1/30,751.83
1995/1/31,755.2
1995/2/1,758.31
1995/2/2,763.64
1995/2/3,772.06
1995/2/6,778.85
1995/2/7,778.97
1995/2/8,783.77
1995/2/9,785.44
1995/2/10,790.43
1995/2/13,789.42
1995/2/14,790.62
1995/2/15,795.63
1995/2/16,793.31
1995/2/17,786.97
1995/2/20,786.97
1995/2/21,784.62
1995/2/22,787.93
1995/2/23,791.35
1995/2/24,791.08
1995/2/27,784.5
1995/2/28,793.73
1995/3/1,791.87
1995/3/2,793.68
1995/3/3,798.79
1995/3/6,797.77
1995/3/7,791.33
1995/3/8,795.81
1995/3/9,796.24
1995/3/10,802.22
1995/3/13,802.31
1995/3/14,808.24
1995/3/15,807.38
1995/3/16,809.34
1995/3/17,808.33
1995/3/20,810.49
1995/3/21,809.78
1995/3/22,809.1
1995/3/23,811.39
1995/3/24,818.66
1995/3/27,822.63
1995/3/28,826.14
1995/3/29,819.16
1995/3/30,816.86
1995/3/31,817.21
1995/4/3,818.05
1995/4/4,813.72
1995/4/5,816.32
1995/4/6,813.8
1995/4/7,814.69
1995/4/10,821.26
1995/4/11,824.83
1995/4/12,828.53
1995/4/13,832.64
1995/4/14,832.64
1995/4/17,830.82
1995/4/18,825.74
1995/4/19,816.55
1995/4/20,819.01
1995/4/21,823.44
1995/4/24,828.91
1995/4/25,831.28
1995/4/26,836.91
1995/4/27,840.95
1995/4/28,843.98
1995/5/1,841.63
1995/5/2,841.79
1995/5/3,850.26
1995/5/4,846.75
1995/5/5,843.53
1995/5/8,849.29
1995/5/9,848.17
1995/5/10,847.62
1995/5/11,853.83
1995/5/12,858.94
1995/5/15,863.06
1995/5/16,868.25
1995/5/17,871.93
1995/5/18,864.06
1995/5/19,864.57
1995/5/22,871.18
1995/5/23,879.64
1995/5/24,877.98
1995/5/25,877.32
1995/5/26,871.87
1995/5/29,871.87
1995/5/30,858.7
1995/5/31,864.58
1995/6/1,868.82
1995/6/2,872.97
1995/6/5,882.85
1995/6/6,879.4
1995/6/7,881.58
1995/6/8,886.13
1995/6/9,884.38
1995/6/12,887.98
1995/6/13,894.23
1995/6/14,895.72
1995/6/15,902.68
1995/6/16,908.65
1995/6/19,922.09
1995/6/20,929.83
1995/6/21,929.19
1995/6/22,940.09
1995/6/23,938.87
1995/6/26,926.98
1995/6/27,919.56
1995/6/28,920.52
1995/6/29,926.81
1995/6/30,933.45
1995/7/3,934.53
1995/7/4,934.53
1995/7/5,941.82
1995/7/6,952.93
1995/7/7,969.76
1995/7/10,976.63
1995/7/11,970.22
1995/7/12,988.63
1995/7/13,994.15
1995/7/14,999.33
1995/7/17,1005.89
1995/7/18,988.53
1995/7/19,952.83
1995/7/20,960.57
1995/7/21,961.77
1995/7/24,978.57
1995/7/25,993.75
1995/7/26,1000.18
1995/7/27,1010.66
1995/7/28,1005.28
1995/7/31,1001.21
1995/8/1,991.11
1995/8/2,983.75
1995/8/3,982.7
1995/8/4,991.09
1995/8/7,995.22
1995/8/8,997.12
1995/8/9,1005.1
1995/8/10,1000.61
1995/8/11,1004.11
1995/8/14,1012.44
1995/8/15,1012.37
1995/8/16,1025.75
1995/8/17,1029.24
1995/8/18,1031.28
1995/8/21,1019.7
1995/8/22,1025.29
1995/8/23,1028.19
1995/8/24,1020.93
1995/8/25,1019.97
1995/8/28,1008.15
1995/8/29,1003.64
1995/8/30,1012.61
1995/8/31,1020.11
1995/9/1,1019.47
1995/9/4,1019.47
1995/9/5,1039.3
1995/9/6,1044.28
1995/9/7,1051.08
1995/9/8,1060.03
1995/9/11,1066.56
1995/9/12,1065
1995/9/13,1067.4
1995/9/14,1066.96
1995/9/15,1051.1
1995/9/18,1050.18
1995/9/19,1060.32
1995/9/20,1065.09
1995/9/21,1058.51
1995/9/22,1053.39
1995/9/25,1046.15
1995/9/26,1038.05
1995/9/27,1026.54
1995/9/28,1047.05
1995/9/29,1043.54
1995/10/2,1027.57
1995/10/3,1020.45
1995/10/4,1002.27
1995/10/5,1014.2
1995/10/6,1012.04
1995/10/9,984.74
1995/10/10,983.47
1995/10/11,1001.57
1995/10/12,1015.63
1995/10/13,1018.38
1995/10/16,1018.13
1995/10/17,1035.44
1995/10/18,1045.37
1995/10/19,1046.97
1995/10/20,1039.53
1995/10/23,1036.92
1995/10/24,1039.24
1995/10/25,1026.47
1995/10/26,1017.57
1995/10/27,1025.55
1995/10/30,1039.69
1995/10/31,1036.06
1995/11/1,1040.5
1995/11/2,1057.32
1995/11/3,1065.66
1995/11/6,1062.14
1995/11/7,1043.9
1995/11/8,1047.94
1995/11/9,1065.59
1995/11/10,1063.87
1995/11/13,1058.46
1995/11/14,1040.62
1995/11/15,1041.85
1995/11/16,1044.48
1995/11/17,1045.03
1995/11/20,1029.47
1995/11/21,1024.99
1995/11/22,1021.24
1995/11/23,1021.24
1995/11/24,1030.17
1995/11/27,1029.32
1995/11/28,1050.05
1995/11/29,1057.57
1995/11/30,1059.2
1995/12/1,1055.31
1995/12/4,1069.79
1995/12/5,1065.89
1995/12/6,1061.73
1995/12/7,1053.17
1995/12/8,1062.41
1995/12/11,1061.5
1995/12/12,1052.07
1995/12/13,1056.54
1995/12/14,1038.19
1995/12/15,1030.48
1995/12/18,1002.56
1995/12/19,1026.41
1995/12/20,1025.27
1995/12/21,1040.64
1995/12/22,1046.89
1995/12/25,1046.89
1995/12/26,1049.37
1995/12/27,1048.13
1995/12/28,1042.22
1995/12/29,1052.13
1996/1/1,1052.13
1996/1/2,1058.65
1996/1/3,1046.26
1996/1/4,1029.82
1996/1/5,1033.47
1996/1/8,1032.37
1996/1/9,998.81
1996/1/10,990.21
1996/1/11,1011.1
1996/1/12,1008.23
1996/1/15,988.57
1996/1/16,995.87
1996/1/17,998.3
1996/1/18,1007.24
1996/1/19,1018.45
1996/1/22,1029.44
1996/1/23,1028.04
1996/1/24,1043.46
1996/1/25,1035.95
1996/1/26,1040.96
1996/1/29,1042.51
1996/1/30,1051.3
1996/1/31,1059.79
1996/2/1,1069.46
1996/2/2,1072.11
1996/2/5,1083.34
1996/2/6,1089.08
1996/2/7,1084.88
1996/2/8,1093.17
1996/2/9,1094.6
1996/2/12,1095.38
1996/2/13,1087.22
1996/2/14,1088.03
1996/2/15,1090.54
1996/2/16,1090.71
1996/2/19,1090.71
1996/2/20,1083.24
1996/2/21,1096.85
1996/2/22,1117.11
1996/2/23,1117.79
1996/2/26,1113.05
1996/2/27,1106.17
1996/2/28,1107.55
1996/2/29,1100.05
1996/3/1,1086.08
1996/3/4,1084.88
1996/3/5,1096.81
1996/3/6,1091.82
1996/3/7,1093.12
1996/3/8,1063.73
1996/3/11,1080.5
1996/3/12,1073.05
1996/3/13,1088.64
1996/3/14,1091.07
1996/3/15,1099.59
1996/3/18,1114.42
1996/3/19,1112.5
1996/3/20,1101.82
1996/3/21,1099.79
1996/3/22,1102.22
1996/3/25,1087.09
1996/3/26,1088.35
1996/3/27,1093.88
1996/3/28,1094.83
1996/3/29,1101.4
1996/4/1,1106.57
1996/4/2,1111.29
1996/4/3,1115.85
1996/4/4,1118.21
1996/4/5,1118.21
1996/4/8,1105.66
1996/4/9,1109.15
1996/4/10,1105.28
1996/4/11,1097.14
1996/4/12,1100.94
1996/4/15,1110.44
1996/4/16,1124.92
1996/4/17,1120.87
1996/4/18,1136.3
1996/4/19,1138.7
1996/4/22,1153.5
1996/4/23,1166.76
1996/4/24,1176.83
1996/4/25,1184.17
1996/4/26,1186.89
1996/4/29,1188.2
1996/4/30,1190.52
1996/5/1,1199.66
1996/5/2,1178.33
1996/5/3,1184.6
1996/5/6,1186.31
1996/5/7,1182.67
1996/5/8,1183.43
1996/5/9,1187.82
1996/5/10,1202.76
1996/5/13,1221.87
1996/5/14,1234.49
1996/5/15,1233.56
1996/5/16,1239.31
1996/5/17,1241.88
1996/5/20,1248.11
1996/5/21,1244.42
1996/5/22,1247.38
1996/5/23,1248.65
1996/5/24,1247.8
1996/5/27,1247.8
1996/5/28,1236.3
1996/5/29,1225.63
1996/5/30,1233.48
1996/5/31,1243.43
1996/6/3,1238.73
1996/6/4,1243.68
1996/6/5,1249.15
1996/6/6,1232.52
1996/6/7,1229.76
1996/6/10,1230.04
1996/6/11,1230.76
1996/6/12,1235.47
1996/6/13,1225.65
1996/6/14,1213.18
1996/6/17,1207.64
1996/6/18,1183.08
1996/6/19,1179.27
1996/6/20,1167.34
1996/6/21,1175.44
1996/6/24,1182.9
1996/6/25,1172.58
1996/6/26,1153.29
1996/6/27,1166.01
1996/6/28,1185.02
1996/7/1,1197.45
1996/7/2,1191.15
1996/7/3,1181.6
1996/7/4,1181.6
1996/7/5,1158.35
1996/7/8,1148.82
1996/7/9,1153.59
1996/7/10,1141.19
1996/7/11,1106.36
1996/7/12,1103.49
1996/7/15,1060.19
1996/7/16,1053.47
1996/7/17,1086.65
1996/7/18,1109.82
1996/7/19,1097.68
1996/7/22,1081.39
1996/7/23,1049.07
1996/7/24,1042.37
1996/7/25,1062.39
1996/7/26,1079.44
1996/7/29,1066.47
1996/7/30,1071.95
1996/7/31,1080.59
1996/8/1,1098.85
1996/8/2,1124.92
1996/8/5,1120.53
1996/8/6,1128.87
1996/8/7,1141.11
1996/8/8,1137.51
1996/8/9,1137.27
1996/8/12,1138.27
1996/8/13,1126.15
1996/8/14,1133.51
1996/8/15,1134.69
1996/8/16,1133.65
1996/8/19,1130.91
1996/8/20,1124.67
1996/8/21,1126.84
1996/8/22,1143.96
1996/8/23,1143.05
1996/8/26,1139.22
1996/8/27,1149.02
1996/8/28,1153.88
1996/8/29,1145.03
1996/8/30,1141.5
1996/9/2,1141.5
1996/9/3,1142.29
1996/9/4,1143.82
1996/9/5,1125.66
1996/9/6,1139.39
1996/9/9,1148.71
1996/9/10,1149.43
1996/9/11,1153.95
1996/9/12,1165.81
1996/9/13,1188.67
1996/9/16,1193.96
1996/9/17,1203.31
1996/9/18,1205.71
1996/9/19,1212.09
1996/9/20,1219.69
1996/9/23,1211.47
1996/9/24,1215.27
1996/9/25,1224.66
1996/9/26,1227.98
1996/9/27,1230.05
1996/9/30,1226.92
1996/10/1,1221.51
1996/10/2,1236.11
1996/10/3,1233.09
1996/10/4,1247.56
1996/10/7,1250.87
1996/10/8,1240.15
1996/10/9,1237.98
1996/10/10,1236.97
1996/10/11,1248.27
1996/10/14,1256.36
1996/10/15,1258.1
1996/10/16,1250.99
1996/10/17,1241.96
1996/10/18,1242.48
1996/10/21,1236.41
1996/10/22,1220
1996/10/23,1227.88
1996/10/24,1227
1996/10/25,1222.6
1996/10/28,1215.89
1996/10/29,1203.05
1996/10/30,1206.23
1996/10/31,1221.51
1996/11/1,1221.78
1996/11/4,1220.48
1996/11/5,1229.07
1996/11/6,1245.49
1996/11/7,1254.14
1996/11/8,1257.51
1996/11/11,1262.67
1996/11/12,1256.53
1996/11/13,1260.72
1996/11/14,1270.36
1996/11/15,1261.8
1996/11/18,1254.57
1996/11/19,1262.62
1996/11/20,1264.94
1996/11/21,1258.08
1996/11/22,1274.36
1996/11/25,1280.37
1996/11/26,1281.2
1996/11/27,1287.32
1996/11/28,1287.32
1996/11/29,1292.61
1996/12/2,1299.82
1996/12/3,1300.37
1996/12/4,1297.02
1996/12/5,1300.12
1996/12/6,1287.68
1996/12/9,1316.27
1996/12/10,1312.55
1996/12/11,1309.12
1996/12/12,1298.33
1996/12/13,1284.91
1996/12/16,1260.98
1996/12/17,1266.32
1996/12/18,1285.38
1996/12/19,1295.86
1996/12/20,1288.56
1996/12/23,1279.52
1996/12/24,1287.63
1996/12/25,1287.63
1996/12/26,1294.57
1996/12/27,1291.38
1996/12/30,1287.75
1996/12/31,1291.03
1997/1/1,1291.03
1997/1/2,1280.7
1997/1/3,1310.68
1997/1/6,1316.4
1997/1/7,1327.73
1997/1/8,1320.35
1997/1/9,1326.2
1997/1/10,1332.02
1997/1/13,1330.91
1997/1/14,1346.36
1997/1/15,1333.53
1997/1/16,1340.46
1997/1/17,1349.05
1997/1/20,1364.28
1997/1/21,1376.97
1997/1/22,1388.06
1997/1/23,1378.37
1997/1/24,1363.83
1997/1/27,1352.81
1997/1/28,1354.37
1997/1/29,1355.17
1997/1/30,1371.02
1997/1/31,1379.85
1997/2/3,1376.05
1997/2/4,1373.75
1997/2/5,1348.44
1997/2/6,1346.4
1997/2/7,1357.71
1997/2/10,1335.34
1997/2/11,1331.51
1997/2/12,1358.96
1997/2/13,1370.81
1997/2/14,1367.19
1997/2/17,1367.19
1997/2/18,1365.79
1997/2/19,1365.58
1997/2/20,1347.4
1997/2/21,1334.32
1997/2/24,1345.08
1997/2/25,1347.69
1997/2/26,1340.55
1997/2/27,1312.66
1997/2/28,1309
1997/3/3,1311.18
1997/3/4,1317.37
1997/3/5,1329.09
1997/3/6,1315.43
1997/3/7,1311.8
1997/3/10,1322.72
1997/3/11,1316.76
1997/3/12,1304.13
1997/3/13,1293.28
1997/3/14,1292.97
1997/3/17,1279.43
1997/3/18,1269.34
1997/3/19,1249.29
1997/3/20,1259.26
1997/3/21,1254.07
1997/3/24,1242.64
1997/3/25,1248.06
1997/3/26,1269.08
1997/3/27,1249.51
1997/3/28,1249.51
1997/3/31,1221.7
1997/4/1,1216.93
1997/4/2,1201
1997/4/3,1213.76
1997/4/4,1236.73
1997/4/7,1251.35
1997/4/8,1257.37
1997/4/9,1249.43
1997/4/10,1235.77
1997/4/11,1206.9
1997/4/14,1216.41
1997/4/15,1212.88
1997/4/16,1210.27
1997/4/17,1217.07
1997/4/18,1222.57
1997/4/21,1203.95
1997/4/22,1212.74
1997/4/23,1227.14
1997/4/24,1228.1
1997/4/25,1209.29
1997/4/28,1217.03
1997/4/29,1242.63
1997/4/30,1260.76
1997/5/1,1270.5
1997/5/2,1305.33
1997/5/5,1339.24
1997/5/6,1328.3
1997/5/7,1322.91
1997/5/8,1330.83
1997/5/9,1335.05
1997/5/12,1344.19
1997/5/13,1333.59
1997/5/14,1335.55
1997/5/15,1353.58
1997/5/16,1340.73
1997/5/19,1341.24
1997/5/20,1363.88
1997/5/21,1373.75
1997/5/22,1372.6
1997/5/23,1389.72
1997/5/26,1389.72
1997/5/27,1409.21
1997/5/28,1410.18
1997/5/29,1403.04
1997/5/30,1400.32
1997/6/2,1404.79
1997/6/3,1384.91
1997/6/4,1379.67
1997/6/5,1390.05
1997/6/6,1404.84
1997/6/9,1412.04
1997/6/10,1401.69
1997/6/11,1407.85
1997/6/12,1411.32
1997/6/13,1423.03
1997/6/16,1431.95
1997/6/17,1443.11
1997/6/18,1432.43
1997/6/19,1447.14
1997/6/20,1447.1
1997/6/23,1434.32
1997/6/24,1452.43
1997/6/25,1446.24
1997/6/26,1436.38
1997/6/27,1438.15
1997/6/30,1442.07
1997/7/1,1438.25
1997/7/2,1455.61
1997/7/3,1467.61
1997/7/4,1467.61
1997/7/7,1470.74
1997/7/8,1485.1
1997/7/9,1486.63
1997/7/10,1490.93
1997/7/11,1502.62
1997/7/14,1523.88
1997/7/15,1542.11
1997/7/16,1580.63
1997/7/17,1568.85
1997/7/18,1547.99
1997/7/21,1536.23
1997/7/22,1563.86
1997/7/23,1567.65
1997/7/24,1569.13
1997/7/25,1569.58
1997/7/28,1563.53
1997/7/29,1572.32
1997/7/30,1588.05
1997/7/31,1593.81
1997/8/1,1594.33
1997/8/4,1605.45
1997/8/5,1621.53
1997/8/6,1630.44
1997/8/7,1624.18
1997/8/8,1598.52
1997/8/11,1586.74
1997/8/12,1576.24
1997/8/13,1583.4
1997/8/14,1586.69
1997/8/15,1562.03
1997/8/18,1569.52
1997/8/19,1600.71
1997/8/20,1628.7
1997/8/21,1607.36
1997/8/22,1598.69
1997/8/25,1601.57
1997/8/26,1591.3
1997/8/27,1595.54
1997/8/28,1581.32
1997/8/29,1587.32
1997/9/1,1587.32
1997/9/2,1618.09
1997/9/3,1618.24
1997/9/4,1624.63
1997/9/5,1635.77
1997/9/8,1645.35
1997/9/9,1656.22
1997/9/10,1639.25
1997/9/11,1639.86
1997/9/12,1649.33
1997/9/15,1634.92
1997/9/16,1668.6
1997/9/17,1666.47
1997/9/18,1670.02
1997/9/19,1680.36
1997/9/22,1689.45
1997/9/23,1697.36
1997/9/24,1687.41
1997/9/25,1678.89
1997/9/26,1682.24
1997/9/29,1694.98
1997/9/30,1685.69
1997/10/1,1690.3
1997/10/2,1702.41
1997/10/3,1715.87
1997/10/6,1721.91
1997/10/7,1737.27
1997/10/8,1741.77
1997/10/9,1745.85
1997/10/10,1739.03
1997/10/13,1742.12
1997/10/14,1732.79
1997/10/15,1723.37
1997/10/16,1699.66
1997/10/17,1666.85
1997/10/20,1685.45
1997/10/21,1712.54
1997/10/22,1708.08
1997/10/23,1671.25
1997/10/24,1650.92
1997/10/27,1535.09
1997/10/28,1603.02
1997/10/29,1602.75
1997/10/30,1570.41
1997/10/31,1593.61
1997/11/3,1629.98
1997/11/4,1631.15
1997/11/5,1637.33
1997/11/6,1623.44
1997/11/7,1602.4
1997/11/10,1590.72
1997/11/11,1584.86
1997/11/12,1541.72
1997/11/13,1559.25
1997/11/14,1583.51
1997/11/17,1614.11
1997/11/18,1600.44
1997/11/19,1601.22
1997/11/20,1626.56
1997/11/21,1620.75
1997/11/24,1586.99
1997/11/25,1589.04
1997/11/26,1594.5
1997/11/27,1594.5
1997/11/28,1600.55
1997/12/1,1630.72
1997/12/2,1606.37
1997/12/3,1615.13
1997/12/4,1613.42
1997/12/5,1633.9
1997/12/8,1651.54
1997/12/9,1620.55
1997/12/10,1596.61
1997/12/11,1558.54
1997/12/12,1536.58
1997/12/15,1536.56
1997/12/16,1553
1997/12/17,1547.37
1997/12/18,1523.19
1997/12/19,1524.74
1997/12/22,1532.06
1997/12/23,1509.91
1997/12/24,1499.53
1997/12/25,1499.53
1997/12/26,1511.38
1997/12/29,1537.45
1997/12/30,1565.03
1997/12/31,1570.35
1998/1/1,1570.35
1998/1/2,1581.53
1998/1/5,1594.12
1998/1/6,1580.14
1998/1/7,1561.7
1998/1/8,1555.54
1998/1/9,1503.22
1998/1/12,1507.58
1998/1/13,1541.63
1998/1/14,1548.76
1998/1/15,1547.06
1998/1/16,1562.88
1998/1/19,1562.88
1998/1/20,1590.14
1998/1/21,1587.92
1998/1/22,1576.51
1998/1/23,1575.93
1998/1/26,1561.46
1998/1/27,1578.9
1998/1/28,1610.82
1998/1/29,1619.49
1998/1/30,1619.36
1998/2/2,1652.89
1998/2/3,1666.34
1998/2/4,1680.44
1998/2/5,1676.9
1998/2/6,1694.35
1998/2/9,1690.43
1998/2/10,1709.04
1998/2/11,1708.55
1998/2/12,1714.34
1998/2/13,1710.42
1998/2/16,1710.42
1998/2/17,1703.43
1998/2/18,1715.73
1998/2/19,1727.01
1998/2/20,1728.13
1998/2/23,1751.76
1998/2/24,1738.71
1998/2/25,1766.48
1998/2/26,1777.11
1998/2/27,1770.51
1998/3/2,1758.54
1998/3/3,1757.14
1998/3/4,1759.7
1998/3/5,1711.92
1998/3/6,1753.49
1998/3/9,1725.16
1998/3/10,1748.51
1998/3/11,1756.85
1998/3/12,1764.06
1998/3/13,1771.66
1998/3/16,1788.18
1998/3/17,1779.3
1998/3/18,1788.28
1998/3/19,1799.98
1998/3/20,1789.16
1998/3/23,1792.51
1998/3/24,1812.44
1998/3/25,1824.51
1998/3/26,1828.54
1998/3/27,1823.62
1998/3/30,1818.7
1998/3/31,1835.68
1998/4/1,1847.66
1998/4/2,1852.96
1998/4/3,1855.4
1998/4/6,1829.14
1998/4/7,1798.71
1998/4/8,1807.01
1998/4/9,1820.24
1998/4/10,1820.24
1998/4/13,1824.95
1998/4/14,1843.03
1998/4/15,1863.26
1998/4/16,1858.24
1998/4/17,1866.6
1998/4/20,1887.14
1998/4/21,1903.87
1998/4/22,1917.61
1998/4/23,1881.39
1998/4/24,1868.96
1998/4/27,1820.31
1998/4/28,1831.77
1998/4/29,1851.64
1998/4/30,1868.41
1998/5/1,1873.44
1998/5/4,1878.86
1998/5/5,1864.91
1998/5/6,1856.68
1998/5/7,1835.14
1998/5/8,1864.37
1998/5/11,1848.07
1998/5/12,1860.16
1998/5/13,1866.18
1998/5/14,1865.36
1998/5/15,1846.77
1998/5/18,1831.62
1998/5/19,1845.87
1998/5/20,1831.75
1998/5/21,1820.99
1998/5/22,1805
1998/5/25,1805
1998/5/26,1778.09
1998/5/27,1781.1
1998/5/28,1794.62
1998/5/29,1778.87
1998/6/1,1746.82
1998/6/2,1761.79
1998/6/3,1742.31
1998/6/4,1769.95
1998/6/5,1782.92
1998/6/8,1787.77
1998/6/9,1800.76
1998/6/10,1773.25
1998/6/11,1749.75
1998/6/12,1745.05
1998/6/15,1715.75
1998/6/16,1753.12
1998/6/17,1776.4
1998/6/18,1772.7
1998/6/19,1781.29
1998/6/22,1805.82
1998/6/23,1844.57
1998/6/24,1877.76
1998/6/25,1863.25
1998/6/26,1869.53
1998/6/29,1891.08
1998/6/30,1894.74
1998/7/1,1914.46
1998/7/2,1894
1998/7/3,1894
1998/7/6,1909.47
1998/7/7,1908.11
1998/7/8,1935.39
1998/7/9,1939.82
1998/7/10,1943.04
1998/7/13,1965.53
1998/7/14,1968.41
1998/7/15,1994.54
1998/7/16,2000.56
1998/7/17,2008.76
1998/7/20,2014.25
1998/7/21,1979.14
1998/7/22,1969.75
1998/7/23,1935.22
1998/7/24,1930.99
1998/7/27,1933.26
1998/7/28,1896.53
1998/7/29,1881.49
1998/7/30,1919.58
1998/7/31,1872.39
1998/8/3,1851.1
1998/8/4,1785.64
1998/8/5,1788.2
1998/8/6,1829.51
1998/8/7,1846.77
1998/8/10,1839.21
1998/8/11,1792.7
1998/8/12,1825.53
1998/8/13,1802.54
1998/8/14,1790.19
1998/8/17,1818.04
1998/8/18,1855.12
1998/8/19,1842.69
1998/8/20,1832.45
1998/8/21,1797.61
1998/8/24,1790.82
1998/8/25,1798.17
1998/8/26,1768.13
1998/8/27,1686.41
1998/8/28,1639.68
1998/8/31,1499.25
1998/9/1,1575.09
1998/9/2,1592.85
1998/9/3,1571.86
1998/9/4,1566.52
1998/9/7,1566.52
1998/9/8,1660.86
1998/9/9,1624.55
1998/9/10,1585.33
1998/9/11,1641.64
1998/9/14,1665.69
1998/9/15,1678.11
1998/9/16,1689.91
1998/9/17,1646.25
1998/9/18,1663.77
1998/9/21,1680.43
1998/9/22,1697.8
1998/9/23,1760.27
1998/9/24,1720.34
1998/9/25,1743.59
1998/9/28,1739.22
1998/9/29,1734.05
1998/9/30,1693.84
1998/10/1,1612.33
1998/10/2,1614.98
1998/10/5,1536.69
1998/10/6,1510.89
1998/10/7,1462.61
1998/10/8,1419.12
1998/10/9,1492.49
1998/10/12,1546.08
1998/10/13,1509.45
1998/10/14,1540.97
1998/10/15,1611.01
1998/10/16,1620.95
1998/10/19,1648.73
1998/10/20,1639.19
1998/10/21,1674.75
1998/10/22,1702.64
1998/10/23,1693.86
1998/10/26,1724.98
1998/10/27,1717.63
1998/10/28,1737.35
1998/10/29,1757.19
1998/10/30,1771.39
1998/11/2,1800.91
1998/11/3,1788.43
1998/11/4,1823.57
1998/11/5,1837.1
1998/11/6,1856.56
1998/11/9,1861.05
1998/11/10,1865.62
1998/11/11,1862.11
1998/11/12,1851.06
1998/11/13,1847.99
1998/11/16,1861.68
1998/11/17,1878.52
1998/11/18,1897.44
1998/11/19,1919.68
1998/11/20,1928.21
1998/11/23,1977.42
1998/11/24,1965.88
1998/11/25,1985.21
1998/11/26,1985.21
1998/11/27,2016.44
1998/11/30,1949.54
1998/12/1,2003.75
1998/12/2,1995.21
1998/12/3,1954.33
1998/12/4,2003.16
1998/12/7,2040.64
1998/12/8,2034.75
1998/12/9,2050.42
1998/12/10,2015.96
1998/12/11,2029.31
1998/12/14,1966.92
1998/12/15,2012.6
1998/12/16,2009.36
1998/12/17,2043.88
1998/12/18,2086.14
1998/12/21,2138.03
1998/12/22,2120.98
1998/12/23,2172.54
1998/12/24,2163.03
1998/12/25,2163.03
1998/12/28,2180.3
1998/12/29,2181.77
1998/12/30,2166.95
1998/12/31,2192.69
1999/1/1,2192.69
1999/1/4,2208.05
1999/1/5,2251.27
1999/1/6,2320.86
1999/1/7,2326.09
1999/1/8,2344.41
1999/1/11,2384.59
1999/1/12,2320.75
1999/1/13,2316.81
1999/1/14,2276.82
1999/1/15,2348.2
1999/1/18,2348.2
1999/1/19,2408.17
1999/1/20,2415.49
1999/1/21,2344.72
1999/1/22,2338.88
1999/1/25,2369.31
1999/1/26,2433.41
1999/1/27,2407.14
1999/1/28,2477.34
1999/1/29,2505.89
1999/2/1,2510.09
1999/2/2,2463.42
1999/2/3,2493.41
1999/2/4,2410.07
1999/2/5,2373.62
1999/2/8,2404.92
1999/2/9,2310.79
1999/2/10,2309.5
1999/2/11,2405.55
1999/2/12,2321.89
1999/2/15,2321.89
1999/2/16,2313.87
1999/2/17,2248.91
1999/2/18,2260.55
1999/2/19,2283.6
1999/2/22,2342.01
1999/2/23,2376.35
1999/2/24,2339.38
1999/2/25,2326.82
1999/2/26,2288.03
1999/3/1,2295.18
1999/3/2,2259.03
1999/3/3,2265.2
1999/3/4,2292.89
1999/3/5,2337.11
1999/3/8,2397.62
1999/3/9,2392.94
1999/3/10,2406
1999/3/11,2412.25
1999/3/12,2381.53
1999/3/15,2431.44
1999/3/16,2439.27
1999/3/17,2428.97
1999/3/18,2462.96
1999/3/19,2421.27
1999/3/22,2395.94
1999/3/23,2322.84
1999/3/24,2365.28
1999/3/25,2434.8
1999/3/26,2419.17
1999/3/29,2492.84
1999/3/30,2480.29
1999/3/31,2461.4
1999/4/1,2493.37
1999/4/2,2493.37
1999/4/5,2560.06
1999/4/6,2563.17
1999/4/7,2544.43
1999/4/8,2573.39
1999/4/9,2593.05
1999/4/12,2598.81
1999/4/13,2583.5
1999/4/14,2507.28
1999/4/15,2521.77
1999/4/16,2484.04
1999/4/19,2345.61
1999/4/20,2409.64
1999/4/21,2489.08
1999/4/22,2561.61
1999/4/23,2590.69
1999/4/26,2652.05
1999/4/27,2602.41
1999/4/28,2550.37
1999/4/29,2528.44
1999/4/30,2542.85
1999/5/3,2535.58
1999/5/4,2485.12
1999/5/5,2534.45
1999/5/6,2472.28
1999/5/7,2503.62
1999/5/10,2526.39
1999/5/11,2566.68
1999/5/12,2606.54
1999/5/13,2582
1999/5/14,2527.86
1999/5/17,2561.84
1999/5/18,2558.36
1999/5/19,2577.4
1999/5/20,2542.23
1999/5/21,2520.14
1999/5/24,2453.66
1999/5/25,2380.9
1999/5/26,2427.18
1999/5/27,2419.15
1999/5/28,2470.52
1999/5/31,2470.52
1999/6/1,2412.03
1999/6/2,2432.41
1999/6/3,2403.32
1999/6/4,2478.34
1999/6/7,2524.21
1999/6/8,2474.56
1999/6/9,2519.35
1999/6/10,2484.62
1999/6/11,2447.88
1999/6/14,2398.31
1999/6/15,2414.67
1999/6/16,2517.83
1999/6/17,2544.15
1999/6/18,2563.44
1999/6/21,2630.28
1999/6/22,2580.26
1999/6/23,2598.12
1999/6/24,2553.99
1999/6/25,2552.65
1999/6/28,2602.44
1999/6/29,2642.11
1999/6/30,2686.12
1999/7/1,2706.18
1999/7/2,2741.02
1999/7/5,2741.02
1999/7/6,2736.78
1999/7/7,2743.04
1999/7/8,2771.86
1999/7/9,2793.07
1999/7/12,2790.44
1999/7/13,2778.23
1999/7/14,2818.13
1999/7/15,2839.37
1999/7/16,2864.48
1999/7/19,2830.29
1999/7/20,2732.18
1999/7/21,2761.77
1999/7/22,2684.44
1999/7/23,2692.4
1999/7/26,2619.19
1999/7/27,2679.33
1999/7/28,2705.84
1999/7/29,2640.01
1999/7/30,2638.49
1999/8/2,2623.63
1999/8/3,2587.99
1999/8/4,2540
1999/8/5,2565.83
1999/8/6,2547.97
1999/8/9,2518.98
1999/8/10,2490.11
1999/8/11,2564.98
1999/8/12,2549.49
1999/8/13,2637.81
1999/8/16,2645.28
1999/8/17,2671.22
1999/8/18,2657.73
1999/8/19,2621.43
1999/8/20,2648.33
1999/8/23,2719.57
1999/8/24,2752.37
1999/8/25,2805.6
1999/8/26,2774.62
1999/8/27,2758.9
1999/8/30,2712.69
1999/8/31,2739.35
1999/9/1,2750.8
1999/9/2,2734.24
1999/9/3,2843.11
1999/9/6,2843.11
1999/9/7,2837.26
1999/9/8,2808.74
1999/9/9,2852.02
1999/9/10,2887.06
1999/9/13,2844.77
1999/9/14,2868.29
1999/9/15,2814.17
1999/9/16,2806.72
1999/9/17,2869.62
1999/9/20,2886.15
1999/9/21,2821.1
1999/9/22,2858.16
1999/9/23,2749.83
1999/9/24,2740.41
1999/9/27,2761.75
1999/9/28,2756.25
1999/9/29,2730.27
1999/9/30,2746.16
1999/10/1,2736.85
1999/10/4,2795.97
1999/10/5,2799.67
1999/10/6,2857.21
1999/10/7,2860.7
1999/10/8,2886.57
1999/10/11,2915.95
1999/10/12,2872.43
1999/10/13,2801.27
1999/10/14,2806.84
1999/10/15,2731.83
1999/10/18,2689.15
1999/10/19,2688.18
1999/10/20,2788.13
1999/10/21,2801.95
1999/10/22,2816.52
1999/10/25,2815.95
1999/10/26,2811.47
1999/10/27,2802.52
1999/10/28,2875.22
1999/10/29,2966.43
1999/11/1,2967.65
1999/11/2,2981.63
1999/11/3,3028.51
1999/11/4,3055.95
1999/11/5,3102.29
1999/11/8,3143.97
1999/11/9,3125.04
1999/11/10,3155.96
1999/11/11,3197.29
1999/11/12,3221.15
1999/11/15,3219.54
1999/11/16,3293.05
1999/11/17,3269.39
1999/11/18,3347.11
1999/11/19,3369.25
1999/11/22,3392.56
1999/11/23,3342.87
1999/11/24,3420.5
1999/11/25,3420.5
1999/11/26,3447.81
1999/11/29,3421.37
1999/11/30,3336.16
1999/12/1,3353.71
1999/12/2,3452.78
1999/12/3,3520.63
1999/12/6,3546.01
1999/12/7,3586.92
1999/12/8,3586.08
1999/12/9,3594.17
1999/12/10,3620.24
1999/12/13,3658.17
1999/12/14,3571.66
1999/12/15,3621.95
1999/12/16,3715.06
1999/12/17,3753.06
1999/12/20,3783.87
1999/12/21,3911.15
1999/12/22,3937.3
1999/12/23,3969.44
1999/12/24,3969.44
1999/12/27,3975.38
1999/12/28,3972.11
1999/12/29,4041.46
1999/12/30,4036.87
1999/12/31,4069.31
2000/1/3,4131.15
2000/1/4,3901.69
2000/1/5,3877.54
2000/1/6,3727.13
2000/1/7,3882.62
2000/1/10,4049.67
2000/1/11,3921.19
2000/1/12,3850.02
2000/1/13,3957.21
2000/1/14,4064.27
2000/1/17,4064.27
2000/1/18,4130.81
2000/1/19,4151.29
2000/1/20,4189.51
2000/1/21,4235.4
2000/1/24,4096.08
2000/1/25,4167.41
2000/1/26,4069.91
2000/1/27,4039.56
2000/1/28,3887.07
2000/1/31,3940.35
2000/2/1,4051.98
2000/2/2,4073.96
2000/2/3,4210.98
2000/2/4,4244.14
2000/2/7,4321.77
2000/2/8,4427.5
2000/2/9,4363.24
2000/2/10,4485.63
2000/2/11,4395.45
2000/2/14,4418.55
2000/2/15,4420.77
2000/2/16,4427.65
2000/2/17,4548.92
2000/2/18,4411.74
2000/2/21,4411.74
2000/2/22,4382.12
2000/2/23,4550.33
2000/2/24,4617.65
2000/2/25,4590.5
2000/2/28,4577.85
2000/2/29,4696.69
2000/3/1,4784.08
2000/3/2,4754.51
2000/3/3,4914.79
2000/3/6,4904.85
2000/3/7,4847.84
2000/3/8,4897.26
2000/3/9,5046.86
2000/3/10,5048.62
2000/3/13,4907.24
2000/3/14,4706.63
2000/3/15,4582.62
2000/3/16,4717.39
2000/3/17,4798.13
2000/3/20,4610
2000/3/21,4711.68
2000/3/22,4864.75
2000/3/23,4940.61
2000/3/24,4963.03
2000/3/27,4958.56
2000/3/28,4833.89
2000/3/29,4644.67
2000/3/30,4457.89
2000/3/31,4572.83
2000/4/3,4223.68
2000/4/4,4148.89
2000/4/5,4169.22
2000/4/6,4267.56
2000/4/7,4446.45
2000/4/10,4188.2
2000/4/11,4055.9
2000/4/12,3769.63
2000/4/13,3676.78
2000/4/14,3321.29
2000/4/17,3539.16
2000/4/18,3793.57
2000/4/19,3706.41
2000/4/20,3643.88
2000/4/21,3643.88
2000/4/24,3482.48
2000/4/25,3711.23
2000/4/26,3630.09
2000/4/27,3774.03
2000/4/28,3860.66
2000/5/1,3958.08
2000/5/2,3785.45
2000/5/3,3707.31
2000/5/4,3720.24
2000/5/5,3816.82
2000/5/8,3669.38
2000/5/9,3585.01
2000/5/10,3384.73
2000/5/11,3499.58
2000/5/12,3529.06
2000/5/15,3607.65
2000/5/16,3717.57
2000/5/17,3644.96
2000/5/18,3538.71
2000/5/19,3390.4
2000/5/22,3364.21
2000/5/23,3164.55
2000/5/24,3270.61
2000/5/25,3205.35
2000/5/26,3205.11
2000/5/29,3205.11
2000/5/30,3459.48
2000/5/31,3400.91
2000/6/1,3582.5
2000/6/2,3813.38
2000/6/5,3821.76
2000/6/6,3756.37
2000/6/7,3839.26
2000/6/8,3825.56
2000/6/9,3874.84
2000/6/12,3767.91
2000/6/13,3851.06
2000/6/14,3797.41
2000/6/15,3845.74
2000/6/16,3860.56
2000/6/19,3989.83
2000/6/20,4013.36
2000/6/21,4064.01
2000/6/22,3936.84
2000/6/23,3845.34
2000/6/26,3912.12
2000/6/27,3858.96
2000/6/28,3940.34
2000/6/29,3877.23
2000/6/30,3966.11
2000/7/3,3991.93
2000/7/4,3991.93
2000/7/5,3863.1
2000/7/6,3960.57
2000/7/7,4023.2
2000/7/10,3980.29
2000/7/11,3956.42
2000/7/12,4099.59
2000/7/13,4174.86
2000/7/14,4246.18
2000/7/17,4274.67
2000/7/18,4177.17
2000/7/19,4055.63
2000/7/20,4184.56
2000/7/21,4094.45
2000/7/24,3981.57
2000/7/25,4029.57
2000/7/26,3987.72
2000/7/27,3842.23
2000/7/28,3663
2000/7/31,3766.99
2000/8/1,3685.52
2000/8/2,3658.46
2000/8/3,3759.88
2000/8/4,3787.36
2000/8/7,3862.99
2000/8/8,3848.55
2000/8/9,3853.5
2000/8/10,3759.99
2000/8/11,3789.47
2000/8/14,3849.69
2000/8/15,3851.66
2000/8/16,3861.2
2000/8/17,3940.87
2000/8/18,3930.34
2000/8/21,3953.15
2000/8/22,3958.21
2000/8/23,4011.01
2000/8/24,4053.28
2000/8/25,4042.68
2000/8/28,4070.59
2000/8/29,4082.17
2000/8/30,4103.81
2000/8/31,4206.35
2000/9/1,4234.33
2000/9/4,4234.33
2000/9/5,4143.18
2000/9/6,4013.34
2000/9/7,4098.35
2000/9/8,3978.41
2000/9/11,3896.35
2000/9/12,3849.51
2000/9/13,3893.89
2000/9/14,3913.86
2000/9/15,3835.23
2000/9/18,3726.52
2000/9/19,3865.64
2000/9/20,3897.44
2000/9/21,3828.87
2000/9/22,3803.76
2000/9/25,3741.22
2000/9/26,3689.1
2000/9/27,3656.3
2000/9/28,3778.32
2000/9/29,3672.82
2000/10/2,3568.9
2000/10/3,3455.83
2000/10/4,3523.1
2000/10/5,3472.1
2000/10/6,3361.01
2000/10/9,3355.56
2000/10/10,3240.54
2000/10/11,3168.49
2000/10/12,3074.68
2000/10/13,3316.77
2000/10/16,3290.28
2000/10/17,3213.96
2000/10/18,3171.56
2000/10/19,3418.6
2000/10/20,3483.14
2000/10/23,3468.69
2000/10/24,3419.79
2000/10/25,3229.57
2000/10/26,3272.18
2000/10/27,3278.36
2000/10/30,3191.4
2000/10/31,3369.63
2000/11/1,3333.39
2000/11/2,3429.02
2000/11/3,3451.58
2000/11/6,3416.21
2000/11/7,3415.79
2000/11/8,3231.7
2000/11/9,3200.35
2000/11/10,3028.99
2000/11/13,2966.72
2000/11/14,3138.27
2000/11/15,3165.49
2000/11/16,3031.88
2000/11/17,3027.19
2000/11/20,2875.64
2000/11/21,2871.45
2000/11/22,2755.34
2000/11/23,2755.34
2000/11/24,2904.38
2000/11/27,2880.49
2000/11/28,2734.98
2000/11/29,2706.93
2000/11/30,2597.93
2000/12/1,2645.29
2000/12/4,2615.75
2000/12/5,2889.8
2000/12/6,2796.5
2000/12/7,2752.66
2000/12/8,2917.43
2000/12/11,3015.1
2000/12/12,2931.77
2000/12/13,2822.77
2000/12/14,2728.51
2000/12/15,2653.27
2000/12/18,2624.52
2000/12/19,2511.71
2000/12/20,2332.78
2000/12/21,2340.12
2000/12/22,2517.02
2000/12/25,2517.02
2000/12/26,2493.52
2000/12/27,2539.35
2000/12/28,2557.76
2000/12/29,2470.52
2001/1/1,2470.52
2001/1/2,2291.86
2001/1/3,2616.69
2001/1/4,2566.83
2001/1/5,2407.65
2001/1/8,2395.92
2001/1/9,2441.3
2001/1/10,2524.18
2001/1/11,2640.57
2001/1/12,2626.5
2001/1/15,2626.5
2001/1/16,2618.55
2001/1/17,2682.78
2001/1/18,2768.49
2001/1/19,2770.38
2001/1/22,2757.91
2001/1/23,2840.39
2001/1/24,2859.15
2001/1/25,2754.28
2001/1/26,2781.3
2001/1/29,2838.34
2001/1/30,2838.35
2001/1/31,2772.73
2001/2/1,2782.79
2001/2/2,2660.5
2001/2/5,2643.21
2001/2/6,2664.49
2001/2/7,2607.82
2001/2/8,2562.06
2001/2/9,2470.97
2001/2/12,2489.66
2001/2/13,2427.72
2001/2/14,2491.4
2001/2/15,2552.91
2001/2/16,2425.38
2001/2/19,2425.38
2001/2/20,2318.35
2001/2/21,2268.94
2001/2/22,2244.96
2001/2/23,2262.51
2001/2/26,2308.5
2001/2/27,2207.82
2001/2/28,2151.83
2001/3/1,2183.37
2001/3/2,2117.63
2001/3/5,2142.92
2001/3/6,2204.43
2001/3/7,2223.92
2001/3/8,2168.73
2001/3/9,2052.78
2001/3/12,1923.38
2001/3/13,2014.78
2001/3/14,1972.09
2001/3/15,1940.71
2001/3/16,1890.91
2001/3/19,1951.18
2001/3/20,1857.44
2001/3/21,1830.23
2001/3/22,1897.7
2001/3/23,1928.68
2001/3/26,1918.49
2001/3/27,1972.26
2001/3/28,1854.13
2001/3/29,1820.57
2001/3/30,1840.26
2001/4/2,1782.97
2001/4/3,1673
2001/4/4,1638.8
2001/4/5,1785
2001/4/6,1720.36
2001/4/9,1745.71
2001/4/10,1852.03
2001/4/11,1898.95
2001/4/12,1961.43
2001/4/13,1961.43
2001/4/16,1909.57
2001/4/17,1923.22
2001/4/18,2079.44
2001/4/19,2182.14
2001/4/20,2163.41
2001/4/23,2059.32
2001/4/24,2016.61
2001/4/25,2059.8
2001/4/26,2034.88
2001/4/27,2075.68
2001/4/30,2116.24
2001/5/1,2168.24
2001/5/2,2220.6
2001/5/3,2146.2
2001/5/4,2191.53
2001/5/7,2173.57
2001/5/8,2198.77
2001/5/9,2156.63
2001/5/10,2128.86
2001/5/11,2107.43
2001/5/14,2081.92
2001/5/15,2085.58
2001/5/16,2166.44
2001/5/17,2193.68
2001/5/18,2198.88
2001/5/21,2305.59
2001/5/22,2313.85
2001/5/23,2243.48
2001/5/24,2282.02
2001/5/25,2251.03
2001/5/28,2251.03
2001/5/29,2175.54
2001/5/30,2084.5
2001/5/31,2110.49
2001/6/1,2149.44
2001/6/4,2155.93
2001/6/5,2233.66
2001/6/6,2217.73
2001/6/7,2264
2001/6/8,2215.1
2001/6/11,2170.78
2001/6/12,2169.95
2001/6/13,2121.66
2001/6/14,2044.07
2001/6/15,2028.43
2001/6/18,1988.63
2001/6/19,1992.66
2001/6/20,2031.24
2001/6/21,2058.76
2001/6/22,2034.84
2001/6/25,2050.87
2001/6/26,2064.62
2001/6/27,2074.74
2001/6/28,2125.46
2001/6/29,2161.24
2001/7/2,2148.72
2001/7/3,2140.8
2001/7/4,2140.8
2001/7/5,2080.11
2001/7/6,2004.16
2001/7/9,2026.71
2001/7/10,1962.79
2001/7/11,1972.04
2001/7/12,2075.74
2001/7/13,2084.79
2001/7/16,2029.12
2001/7/17,2067.32
2001/7/18,2016.17
2001/7/19,2046.59
2001/7/20,2029.37
2001/7/23,1988.56
2001/7/24,1959.24
2001/7/25,1984.32
2001/7/26,2022.96
2001/7/27,2029.07
2001/7/30,2017.84
2001/7/31,2027.13
2001/8/1,2068.38
2001/8/2,2087.38
2001/8/3,2066.33
2001/8/6,2034.26
2001/8/7,2027.79
2001/8/8,1966.36
2001/8/9,1963.32
2001/8/10,1956.47
2001/8/13,1982.25
2001/8/14,1964.53
2001/8/15,1918.89
2001/8/16,1930.32
2001/8/17,1867.01
2001/8/20,1881.35
2001/8/21,1831.3
2001/8/22,1860.01
2001/8/23,1842.97
2001/8/24,1916.8
2001/8/27,1912.41
2001/8/28,1864.98
2001/8/29,1843.17
2001/8/30,1791.68
2001/8/31,1805.43
2001/9/3,1805.43
2001/9/4,1770.78
2001/9/5,1759.01
2001/9/6,1705.64
2001/9/7,1687.7
2001/9/10,1695.38
2001/9/11,1695.38
2001/9/12,1695.38
2001/9/13,1695.38
2001/9/14,1695.38
2001/9/17,1579.55
2001/9/18,1555.08
2001/9/19,1527.8
2001/9/20,1470.93
2001/9/21,1423.19
2001/9/24,1499.4
2001/9/25,1501.64
2001/9/26,1464.04
2001/9/27,1460.71
2001/9/28,1498.8
2001/10/1,1480.46
2001/10/2,1492.33
2001/10/3,1580.81
2001/10/4,1597.31
2001/10/5,1605.3
2001/10/8,1605.95
2001/10/9,1570.19
2001/10/10,1626.26
2001/10/11,1701.47
2001/10/12,1703.4
2001/10/15,1696.31
2001/10/16,1722.07
2001/10/17,1646.34
2001/10/18,1652.72
2001/10/19,1671.31
2001/10/22,1708.08
2001/10/23,1704.44
2001/10/24,1731.54
2001/10/25,1775.47
2001/10/26,1768.96
2001/10/29,1699.52
2001/10/30,1667.41
2001/10/31,1690.2
2001/11/1,1746.3
2001/11/2,1745.73
2001/11/5,1793.65
2001/11/6,1835.08
2001/11/7,1837.53
2001/11/8,1827.77
2001/11/9,1828.48
2001/11/12,1840.13
2001/11/13,1892.11
2001/11/14,1903.19
2001/11/15,1900.57
2001/11/16,1898.58
2001/11/19,1934.42
2001/11/20,1880.51
2001/11/21,1875.05
2001/11/22,1875.05
2001/11/23,1903.2
2001/11/26,1941.23
2001/11/27,1935.97
2001/11/28,1887.97
2001/11/29,1933.26
2001/11/30,1930.58
2001/12/3,1904.9
2001/12/4,1963.1
2001/12/5,2046.84
2001/12/6,2054.27
2001/12/7,2021.26
2001/12/10,1992.12
2001/12/11,2001.93
2001/12/12,2011.38
2001/12/13,1946.51
2001/12/14,1953.17
2001/12/17,1987.45
2001/12/18,2004.76
2001/12/19,1982.89
2001/12/20,1918.54
2001/12/21,1945.83
2001/12/24,1944.48
2001/12/25,1944.48
2001/12/26,1960.7
2001/12/27,1976.42
2001/12/28,1987.26
2001/12/31,1950.4
2002/1/1,1950.4
2002/1/2,1979.25
2002/1/3,2044.27
2002/1/4,2059.38
2002/1/7,2037.1
2002/1/8,2055.74
2002/1/9,2044.89
2002/1/10,2047.24
2002/1/11,2022.46
2002/1/14,1990.74
2002/1/15,2000.91
2002/1/16,1944.44
2002/1/17,1985.82
2002/1/18,1930.34
2002/1/21,1930.34
2002/1/22,1882.53
2002/1/23,1922.38
2002/1/24,1942.58
2002/1/25,1937.7
2002/1/28,1943.91
2002/1/29,1892.99
2002/1/30,1913.44
2002/1/31,1934.03
2002/2/1,1911.24
2002/2/4,1855.53
2002/2/5,1838.52
2002/2/6,1812.71
2002/2/7,1782.11
2002/2/8,1818.88
2002/2/11,1846.66
2002/2/12,1834.21
2002/2/13,1859.16
2002/2/14,1843.37
2002/2/15,1805.2
2002/2/18,1805.2
2002/2/19,1750.61
2002/2/20,1775.57
2002/2/21,1716.24
2002/2/22,1724.54
2002/2/25,1769.88
2002/2/26,1766.86
2002/2/27,1751.88
2002/2/28,1731.49
2002/3/1,1802.74
2002/3/4,1859.32
2002/3/5,1866.29
2002/3/6,1890.4
2002/3/7,1881.63
2002/3/8,1929.67
2002/3/11,1929.49
2002/3/12,1897.12
2002/3/13,1862.03
2002/3/14,1854.14
2002/3/15,1868.3
2002/3/18,1877.06
2002/3/19,1880.87
2002/3/20,1832.87
2002/3/21,1868.83
2002/3/22,1851.39
2002/3/25,1812.49
2002/3/26,1824.17
2002/3/27,1826.75
2002/3/28,1845.35
2002/3/29,1845.35
2002/4/1,1862.62
2002/4/2,1804.4
2002/4/3,1784.35
2002/4/4,1789.75
2002/4/5,1770.03
2002/4/8,1785.87
2002/4/9,1742.57
2002/4/10,1767.07
2002/4/11,1725.24
2002/4/12,1756.19
2002/4/15,1753.78
2002/4/16,1816.79
2002/4/17,1810.67
2002/4/18,1802.43
2002/4/19,1796.83
2002/4/22,1758.68
2002/4/23,1730.29
2002/4/24,1713.34
2002/4/25,1713.7
2002/4/26,1663.89
2002/4/29,1656.93
2002/4/30,1688.23
2002/5/1,1677.53
2002/5/2,1644.82
2002/5/3,1613.03
2002/5/6,1578.48
2002/5/7,1573.82
2002/5/8,1696.29
2002/5/9,1650.49
2002/5/10,1600.85
2002/5/13,1652.54
2002/5/14,1719.05
2002/5/15,1725.56
2002/5/16,1730.44
2002/5/17,1741.39
2002/5/20,1701.59
2002/5/21,1664.18
2002/5/22,1673.45
2002/5/23,1697.63
2002/5/24,1661.49
2002/5/27,1661.49
2002/5/28,1652.17
2002/5/29,1624.39
2002/5/30,1631.92
2002/5/31,1615.73
2002/6/3,1562.56
2002/6/4,1578.12
2002/6/5,1595.26
2002/6/6,1554.88
2002/6/7,1535.48
2002/6/10,1530.69
2002/6/11,1497.18
2002/6/12,1519.12
2002/6/13,1496.86
2002/6/14,1504.74
2002/6/17,1553.29
2002/6/18,1542.96
2002/6/19,1496.83
2002/6/20,1464.75
2002/6/21,1440.96
2002/6/24,1460.34
2002/6/25,1423.99
2002/6/26,1429.33
2002/6/27,1459.2
2002/6/28,1463.21
2002/7/1,1403.8
2002/7/2,1357.82
2002/7/3,1380.17
2002/7/4,1380.17
2002/7/5,1448.36
2002/7/8,1405.61
2002/7/9,1381.12
2002/7/10,1346.01
2002/7/11,1374.43
2002/7/12,1373.5
2002/7/15,1382.62
2002/7/16,1375.26
2002/7/17,1397.25
2002/7/18,1356.95
2002/7/19,1319.15
2002/7/22,1282.65
2002/7/23,1229.05
2002/7/24,1290.23
2002/7/25,1240.08
2002/7/26,1262.12
2002/7/29,1335.25
2002/7/30,1344.19
2002/7/31,1328.26
2002/8/1,1280
2002/8/2,1247.92
2002/8/5,1206.01
2002/8/6,1259.55
2002/8/7,1280.9
2002/8/8,1316.52
2002/8/9,1306.12
2002/8/12,1306.84
2002/8/13,1269.28
2002/8/14,1334.3
2002/8/15,1345.01
2002/8/16,1361.01
2002/8/19,1394.54
2002/8/20,1376.59
2002/8/21,1409.25
2002/8/22,1422.95
2002/8/23,1380.62
2002/8/26,1391.74
2002/8/27,1347.78
2002/8/28,1314.38
2002/8/29,1335.77
2002/8/30,1314.85
2002/9/2,1314.85
2002/9/3,1263.84
2002/9/4,1292.31
2002/9/5,1251
2002/9/6,1295.3
2002/9/9,1304.6
2002/9/10,1320.09
2002/9/11,1315.45
2002/9/12,1279.68
2002/9/13,1291.4
2002/9/16,1275.88
2002/9/17,1259.94
2002/9/18,1252.13
2002/9/19,1216.45
2002/9/20,1221.09
2002/9/23,1184.93
2002/9/24,1182.17
2002/9/25,1222.29
2002/9/26,1221.61
2002/9/27,1199.16
2002/9/30,1172.06
2002/10/1,1213.72
2002/10/2,1187.3
2002/10/3,1165.56
2002/10/4,1139.9
2002/10/7,1119.4
2002/10/8,1129.21
2002/10/9,1114.11
2002/10/10,1163.37
2002/10/11,1210.47
2002/10/14,1220.53
2002/10/15,1282.44
2002/10/16,1232.42
2002/10/17,1272.29
2002/10/18,1287.86
2002/10/21,1309.67
2002/10/22,1292.8
2002/10/23,1320.23
2002/10/24,1298.71
2002/10/25,1331.13
2002/10/28,1315.83
2002/10/29,1300.54
2002/10/30,1326.73
2002/10/31,1329.75
2002/11/1,1360.7
2002/11/4,1396.54
2002/11/5,1401.17
2002/11/6,1418.99
2002/11/7,1376.71
2002/11/8,1359.28
2002/11/11,1319.19
2002/11/12,1349.56
2002/11/13,1361.34
2002/11/14,1411.52
2002/11/15,1411.14
2002/11/18,1393.69
2002/11/19,1374.51
2002/11/20,1419.35
2002/11/21,1467.55
2002/11/22,1468.74
2002/11/25,1481.9
2002/11/26,1444.43
2002/11/27,1487.94
2002/11/28,1487.94
2002/11/29,1478.78
2002/12/2,1484.78
2002/12/3,1448.96
2002/12/4,1430.35
2002/12/5,1410.75
2002/12/6,1422.44
2002/12/9,1367.14
2002/12/10,1390.76
2002/12/11,1396.59
2002/12/12,1399.55
2002/12/13,1362.42
2002/12/16,1400.33
2002/12/17,1392.05
2002/12/18,1361.51
2002/12/19,1354.1
2002/12/20,1363.1
2002/12/23,1381.69
2002/12/24,1372.47
2002/12/25,1372.47
2002/12/26,1367.89
2002/12/27,1348.31
2002/12/30,1339.54
2002/12/31,1335.51
