",",
2002/1/1,7.7
2002/1/2,7.89
2002/1/3,7.89
2002/1/4,8.01
2002/1/7,8.01
2002/1/8,8.16
2002/1/9,8.3
2002/1/10,8.23
2002/1/11,8.12
2002/1/14,8.06
2002/1/15,7.92
2002/1/16,8.15
2002/1/17,8.01
2002/1/18,7.6
2002/1/21,7.73
2002/1/22,7.49
2002/1/23,7.75
2002/1/24,7.45
2002/1/25,7.43
2002/1/28,7.48
2002/1/29,7.39
2002/1/30,7
2002/1/31,6.82
2002/2/1,6.68
2002/2/4,6.75
2002/2/5,6.45
2002/2/6,6.75
2002/2/7,6.59
2002/2/8,6.58
2002/2/11,6.5
2002/2/12,6.31
2002/2/13,6.4
2002/2/14,6.53
2002/2/15,6.53
2002/2/18,6.53
2002/2/19,6.53
2002/2/20,6.53
2002/2/21,6.69
2002/2/22,6.57
2002/2/25,6.58
2002/2/26,6.35
2002/2/27,6.5
2002/2/28,6.14
2002/3/1,6.36
2002/3/4,6.63
2002/3/5,6.5
2002/3/6,6.71
2002/3/7,6.6
2002/3/8,6.61
2002/3/11,6.78
2002/3/12,6.81
2002/3/13,6.69
2002/3/14,6.79
2002/3/15,6.82
2002/3/18,6.85
2002/3/19,6.82
2002/3/20,6.62
2002/3/21,6.61
2002/3/22,6.38
2002/3/25,6.7
2002/3/26,6.9
2002/3/27,6.9
2002/3/28,6.9
2002/3/29,6.9
2002/4/1,6.87
2002/4/2,6.8
2002/4/3,6.83
2002/4/4,6.66
2002/4/5,6.7
2002/4/8,6.7
2002/4/9,6.54
2002/4/10,6.54
2002/4/11,6.88
2002/4/12,6.75
2002/4/15,6.8
2002/4/16,6.85
2002/4/17,6.85
2002/4/18,6.85
2002/4/19,6.9
2002/4/22,7.25
2002/4/23,7.24
2002/4/24,7.22
2002/4/25,7.12
2002/4/26,7.1
2002/4/29,6.94
2002/4/30,7.05
2002/5/1,5.81
2002/5/2,5.71
2002/5/3,5.71
2002/5/6,5.71
2002/5/7,5.98
2002/5/8,5.73
2002/5/9,5.88
2002/5/10,5.95
2002/5/13,6
2002/5/14,6.27
2002/5/15,6.29
2002/5/16,6.24
2002/5/17,6.49
2002/5/20,6.19
2002/5/21,6.24
2002/5/22,6.03
2002/5/23,6.17
2002/5/24,6.05
2002/5/27,6.1
2002/5/28,6.05
2002/5/29,6.09
2002/5/30,6.23
2002/5/31,6.25
2002/6/3,6.22
2002/6/4,6.21
2002/6/5,6.2
2002/6/6,6.22
2002/6/7,6.02
2002/6/10,6.09
2002/6/11,5.88
2002/6/12,5.65
2002/6/13,5.6
2002/6/14,5.65
2002/6/17,5.6
2002/6/18,5.38
2002/6/19,5.55
2002/6/20,5.42
2002/6/21,5.28
2002/6/24,5.28
2002/6/25,5.55
2002/6/26,5.85
2002/6/27,5.46
2002/6/28,5.81
2002/7/1,5.95
2002/7/2,6.01
2002/7/3,6
2002/7/4,6
2002/7/5,6
2002/7/8,6.13
2002/7/9,6.2
2002/7/10,6.45
2002/7/11,6.41
2002/7/12,6.55
2002/7/15,6.64
2002/7/16,6.36
2002/7/17,6.46
2002/7/18,6.38
2002/7/19,6.83
2002/7/22,6.65
2002/7/23,6.85
2002/7/24,6.8
2002/7/25,6.5
2002/7/26,6.6
2002/7/29,6.5
2002/7/30,6.1
2002/7/31,6.3
2002/8/1,6.51
2002/8/2,6.37
2002/8/5,6.25
2002/8/6,6.23
2002/8/7,6.39
2002/8/8,6.45
2002/8/9,6.45
2002/8/12,6.29
2002/8/13,6.15
2002/8/14,6.41
2002/8/15,6.3
2002/8/16,6.52
2002/8/19,6.17
2002/8/20,6.07
2002/8/21,6.2
2002/8/22,6.31
2002/8/23,6.35
2002/8/26,6.35
2002/8/27,6.11
2002/8/28,6.34
2002/8/29,6.15
2002/8/30,6.23
2002/9/2,6.23
2002/9/3,6.38
2002/9/4,6.59
2002/9/5,6.42
2002/9/6,6.5
2002/9/9,6.89
2002/9/10,7.14
2002/9/11,6.93
2002/9/12,7.05
2002/9/13,7.05
2002/9/16,7.25
2002/9/17,7
2002/9/18,7.14
2002/9/19,7.1
2002/9/20,7.31
2002/9/23,7.12
2002/9/24,7.03
2002/9/25,7.21
2002/9/26,7.2
2002/9/27,7.13
2002/9/30,7.35
2002/10/1,6.99
2002/10/2,7.09
2002/10/3,7.26
2002/10/4,7.26
2002/10/7,7.3
2002/10/8,7.6
2002/10/9,7.65
2002/10/10,7.59
2002/10/11,7.5
2002/10/14,7.4
2002/10/15,7.55
2002/10/16,7.52
2002/10/17,7.46
2002/10/18,7.6
2002/10/21,7.79
2002/10/22,7.6
2002/10/23,7.74
2002/10/24,7.57
2002/10/25,7.5
2002/10/28,7.49
2002/10/29,7.78
2002/10/30,7.82
2002/10/31,7.78
2002/11/1,7.81
2002/11/4,7.87
2002/11/5,8.05
2002/11/6,8.17
2002/11/7,8.17
2002/11/8,7.99
2002/11/11,7.95
2002/11/12,7.89
2002/11/13,7.56
2002/11/14,7.38
2002/11/15,7.37
2002/11/18,7.63
2002/11/19,7.27
2002/11/20,7.94
2002/11/21,7.83
2002/11/22,7.93
2002/11/25,8
2002/11/26,7.84
2002/11/27,7.88
2002/11/28,7.88
2002/11/29,7.88
2002/12/2,8.08
2002/12/3,8.17
2002/12/4,8.31
2002/12/5,8.08
2002/12/6,7.95
2002/12/9,7.75
2002/12/10,7.61
2002/12/11,7.99
2002/12/12,7.88
2002/12/13,7.95
2002/12/16,8.01
2002/12/17,7.97
2002/12/18,8.09
2002/12/19,7.69
2002/12/20,8.1
2002/12/23,7.9
2002/12/24,7.9
2002/12/25,7.9
2002/12/26,7.95
2002/12/27,7.97
2002/12/30,7.88
2002/12/31,7.88
2003/1/1,8.05
2003/1/2,8.14
2003/1/3,7.85
2003/1/6,8.06
2003/1/7,8.05
2003/1/8,8.19
2003/1/9,7.98
2003/1/10,8.02
2003/1/13,8.02
2003/1/14,8.01
2003/1/15,8.1
2003/1/16,8.03
2003/1/17,8.25
2003/1/20,7.84
2003/1/21,8.09
2003/1/22,8.03
2003/1/23,8.1
2003/1/24,8.42
2003/1/27,8.53
2003/1/28,8.86
2003/1/29,8.75
2003/1/30,8.83
2003/1/31,8.87
2003/2/3,8.78
2003/2/4,8.65
2003/2/5,8.97
2003/2/6,9.14
2003/2/7,9.23
2003/2/10,9.37
2003/2/11,9.14
2003/2/12,9.07
2003/2/13,8.83
2003/2/14,9.07
2003/2/17,9.13
2003/2/18,9.17
2003/2/19,9.25
2003/2/20,9.16
2003/2/21,9.04
2003/2/24,8.74
2003/2/25,8.75
2003/2/26,8.86
2003/2/27,8.87
2003/2/28,8.95
2003/3/3,8.76
2003/3/4,8.66
2003/3/5,8.39
2003/3/6,8.64
2003/3/7,8.67
2003/3/10,8.36
2003/3/11,8.47
2003/3/12,8.1
2003/3/13,7.92
2003/3/14,8.15
2003/3/17,8.08
2003/3/18,7.92
2003/3/19,7.92
2003/3/20,8.1
2003/3/21,8.1
2003/3/24,8.13
2003/3/25,7.94
2003/3/26,7.86
2003/3/27,7.74
2003/3/28,8.06
2003/3/31,7.98
2003/4/1,7.83
2003/4/2,7.9
2003/4/3,8.05
2003/4/4,7.98
2003/4/7,7.87
2003/4/8,7.6
2003/4/9,7.58
2003/4/10,7.55
2003/4/11,7.43
2003/4/14,7.42
2003/4/15,7.47
2003/4/16,7.54
2003/4/17,7.54
2003/4/18,7.72
2003/4/21,7.9
2003/4/22,7.92
2003/4/23,8.04
2003/4/24,7.98
2003/4/25,8.1
2003/4/28,7.66
2003/4/29,7.44
2003/4/30,7.4
2003/5/1,7.48
2003/5/2,7.28
2003/5/5,7.08
2003/5/6,7.18
2003/5/7,6.9
2003/5/8,6.86
2003/5/9,7.07
2003/5/12,7.2
2003/5/13,6.96
2003/5/14,6.96
2003/5/15,6.97
2003/5/16,7.06
2003/5/19,7.22
2003/5/20,7.4
2003/5/21,7.17
2003/5/22,7.38
2003/5/23,7.17
2003/5/26,7.55
2003/5/27,7.35
2003/5/28,7.19
2003/5/29,7.14
2003/5/30,7.29
2003/6/2,7.12
2003/6/3,6.97
2003/6/4,6.87
2003/6/5,6.79
2003/6/6,6.84
2003/6/9,6.79
2003/6/10,6.85
2003/6/11,6.71
2003/6/12,6.59
2003/6/13,6.69
2003/6/16,6.71
2003/6/17,6.65
2003/6/18,6.65
2003/6/19,6.68
2003/6/20,6.71
2003/6/23,6.51
2003/6/24,6.54
2003/6/25,6.48
2003/6/26,6.53
2003/6/27,6.34
2003/6/30,6.37
2003/7/1,6.42
2003/7/2,6.6
2003/7/3,6.54
2003/7/4,6.59
2003/7/7,6.66
2003/7/8,6.68
2003/7/9,6.73
2003/7/10,6.59
2003/7/11,6.66
2003/7/14,6.74
2003/7/15,6.81
2003/7/16,6.8
2003/7/17,6.85
2003/7/18,7.01
2003/7/21,7
2003/7/22,7.19
2003/7/23,7.07
2003/7/24,7.03
2003/7/25,7.1
2003/7/28,7.3
2003/7/29,7.45
2003/7/30,7.2
2003/7/31,7.34
2003/8/1,7.39
2003/8/4,7.48
2003/8/5,7.4
2003/8/6,7.38
2003/8/7,6.94
2003/8/8,6.75
2003/8/11,7.01
2003/8/12,6.8
2003/8/13,6.62
2003/8/14,6.61
2003/8/15,6.59
2003/8/18,6.65
2003/8/19,6.55
2003/8/20,6.69
2003/8/21,6.52
2003/8/22,6.58
2003/8/25,6.65
2003/8/26,6.7
2003/8/27,6.58
2003/8/28,6.58
2003/8/29,6.25
2003/9/1,6.21
2003/9/2,6.03
2003/9/3,6.06
2003/9/4,5.89
2003/9/5,6.04
2003/9/8,5.82
2003/9/9,5.86
2003/9/10,6.05
2003/9/11,5.85
2003/9/12,5.99
2003/9/15,5.73
2003/9/16,5.94
2003/9/17,5.81
2003/9/18,5.91
2003/9/19,5.86
2003/9/22,6
2003/9/23,6.07
2003/9/24,6.05
2003/9/25,5.89
2003/9/26,6.05
2003/9/29,6.28
2003/9/30,6.34
2003/10/1,6.34
2003/10/2,6.23
2003/10/3,6.29
2003/10/6,6.01
2003/10/7,5.93
2003/10/8,5.91
2003/10/9,5.87
2003/10/10,5.79
2003/10/13,5.78
2003/10/14,6.03
2003/10/15,5.91
2003/10/16,5.78
2003/10/17,5.76
2003/10/20,5.82
2003/10/21,5.88
2003/10/22,5.75
2003/10/23,5.75
2003/10/24,5.93
2003/10/27,5.99
2003/10/28,5.94
2003/10/29,5.92
2003/10/30,6.1
2003/10/31,5.73
2003/11/3,5.71
2003/11/4,5.82
2003/11/5,5.85
2003/11/6,5.92
2003/11/7,5.95
2003/11/10,6.1
2003/11/11,6.07
2003/11/12,6.12
2003/11/13,6.3
2003/11/14,6.28
2003/11/17,6.22
2003/11/18,6.25
2003/11/19,6.45
2003/11/20,6.3
2003/11/21,6.11
2003/11/24,5.96
2003/11/25,6.08
2003/11/26,6.19
2003/11/27,6.19
2003/11/28,6.2
2003/12/1,6.2
2003/12/2,6.38
2003/12/3,6.53
2003/12/4,6.6
2003/12/5,6.55
2003/12/8,6.51
2003/12/9,6.64
2003/12/10,6.6
2003/12/11,6.61
2003/12/12,6.67
2003/12/15,6.45
2003/12/16,6.48
2003/12/17,6.47
2003/12/18,6.32
2003/12/19,5.95
2003/12/22,5.8
2003/12/23,5.87
2003/12/24,5.87
2003/12/25,5.87
2003/12/26,5.76
2003/12/29,5.71
2003/12/30,5.67
2003/12/31,5.71
2004/1/1,5.57
2004/1/2,5.57
2004/1/5,5.6
2004/1/6,5.85
2004/1/7,5.84
2004/1/8,5.66
2004/1/9,5.9
2004/1/12,5.87
2004/1/13,5.88
2004/1/14,5.8
2004/1/15,5.63
2004/1/16,5.79
2004/1/19,5.84
2004/1/20,5.88
2004/1/21,5.83
2004/1/22,5.89
2004/1/23,5.87
2004/1/26,5.85
2004/1/27,5.9
2004/1/28,6
2004/1/29,5.9
2004/1/30,5.91
2004/2/2,5.77
2004/2/3,5.8
2004/2/4,5.65
2004/2/5,5.55
2004/2/6,5.55
2004/2/9,5.48
2004/2/10,5.74
2004/2/11,5.63
2004/2/12,5.7
2004/2/13,5.78
2004/2/16,5.95
2004/2/17,5.9
2004/2/18,5.85
2004/2/19,5.87
2004/2/20,6.04
2004/2/23,6.04
2004/2/24,6.15
2004/2/25,6.14
2004/2/26,6.32
2004/2/27,6.13
2004/3/1,6.19
2004/3/2,6.1
2004/3/3,6.03
2004/3/4,6.13
2004/3/5,6.17
2004/3/8,6.22
2004/3/9,6.35
2004/3/10,6.25
2004/3/11,6.62
2004/3/12,6.64
2004/3/15,6.74
2004/3/16,6.7
2004/3/17,6.6
2004/3/18,6.8
2004/3/19,6.82
2004/3/22,6.92
2004/3/23,7.05
2004/3/24,7.03
2004/3/25,6.57
2004/3/26,6.04
2004/3/29,6.05
2004/3/30,6.37
2004/3/31,6.35
2004/4/1,6.2
2004/4/2,6.36
2004/4/5,6.29
2004/4/6,6.49
2004/4/7,6.73
2004/4/8,6.73
2004/4/9,6.73
2004/4/12,6.67
2004/4/13,6.63
2004/4/14,6.81
2004/4/15,6.6
2004/4/16,6.84
2004/4/19,6.6
2004/4/20,6.65
2004/4/21,6.63
2004/4/22,6.63
2004/4/23,6.48
2004/4/26,6.58
2004/4/27,6.79
2004/4/28,6.35
2004/4/29,6.83
2004/4/30,6.83
2004/5/3,6.59
2004/5/4,6.59
2004/5/5,6.3
2004/5/6,6.51
2004/5/7,6.17
2004/5/10,6.04
2004/5/11,5.92
2004/5/12,6.09
2004/5/13,5.99
2004/5/14,6.05
2004/5/17,6.33
2004/5/18,6.41
2004/5/19,6.26
2004/5/20,6.24
2004/5/21,6.38
2004/5/24,6.44
2004/5/25,6.64
2004/5/26,6.76
2004/5/27,6.73
2004/5/28,6.73
2004/5/31,6.99
2004/6/1,7.13
2004/6/2,6.85
2004/6/3,6.93
2004/6/4,7.09
2004/6/7,7.04
2004/6/8,6.78
2004/6/9,6.73
2004/6/10,6.63
2004/6/11,6.48
2004/6/14,6.49
2004/6/15,6.61
2004/6/16,6.96
2004/6/17,7.13
2004/6/18,6.5
2004/6/21,6.93
2004/6/22,7
2004/6/23,7.09
2004/6/24,7.26
2004/6/25,7.36
2004/6/28,7.16
2004/6/29,7.32
2004/6/30,7.25
2004/7/1,7.45
2004/7/2,7.86
2004/7/5,7.9
2004/7/6,8.03
2004/7/7,8.17
2004/7/8,8
2004/7/9,8.25
2004/7/12,8.05
2004/7/13,7.6
2004/7/14,8.18
2004/7/15,7.9
2004/7/16,8.1
2004/7/19,8.08
2004/7/20,7.9
2004/7/21,7.91
2004/7/22,7.77
2004/7/23,7.85
2004/7/26,8
2004/7/27,7.9
2004/7/28,8.03
2004/7/29,7.93
2004/7/30,8.03
2004/8/2,8.09
2004/8/3,8.05
2004/8/4,7.7
2004/8/5,7.73
2004/8/6,7.77
2004/8/9,7.65
2004/8/10,7.58
2004/8/11,7.48
2004/8/12,7.58
2004/8/13,7.45
2004/8/16,7.22
2004/8/17,7.26
2004/8/18,7.5
2004/8/19,7.39
2004/8/20,7.45
2004/8/23,7.5
2004/8/24,7.39
2004/8/25,7.42
2004/8/26,7.37
2004/8/27,7.48
2004/8/30,7.58
2004/8/31,7.9
2004/9/1,7.95
2004/9/2,7.95
2004/9/3,7.85
2004/9/6,7.85
2004/9/7,7.54
2004/9/8,7.72
2004/9/9,7.48
2004/9/10,7.61
2004/9/13,7.43
2004/9/14,7.44
2004/9/15,7.33
2004/9/16,7.34
2004/9/17,7.24
2004/9/20,7.03
2004/9/21,7.32
2004/9/22,7.43
2004/9/23,7.9
2004/9/24,7.84
2004/9/27,8.39
2004/9/28,8.22
2004/9/29,8.35
2004/9/30,8.51
2004/10/1,8.35
2004/10/4,8.38
2004/10/5,8.55
2004/10/6,8.3
2004/10/7,8.3
2004/10/8,8.67
2004/10/11,8.87
2004/10/12,8.8
2004/10/13,8.57
2004/10/14,8.7
2004/10/15,8.6
2004/10/18,8.4
2004/10/19,8.48
2004/10/20,8.54
2004/10/21,8.53
2004/10/22,8.38
2004/10/25,8.11
2004/10/26,8.28
2004/10/27,8.16
2004/10/28,8
2004/10/29,8.07
2004/11/1,7.93
2004/11/2,7.93
2004/11/3,7.84
2004/11/4,7.95
2004/11/5,8
2004/11/8,8.05
2004/11/9,7.91
2004/11/10,8.1
2004/11/11,8.08
2004/11/12,7.91
2004/11/15,8.19
2004/11/16,8.45
2004/11/17,8.14
2004/11/18,8.33
2004/11/19,8.3
2004/11/22,8.37
2004/11/23,8.36
2004/11/24,8.42
2004/11/25,8.43
2004/11/26,8.43
2004/11/29,8.36
2004/11/30,8.27
2004/12/1,8.3
2004/12/2,8.12
2004/12/3,8.21
2004/12/6,8.27
2004/12/7,7.98
2004/12/8,8.07
2004/12/9,7.98
2004/12/10,8.09
2004/12/13,8.06
2004/12/14,7.94
2004/12/15,7.86
2004/12/16,7.88
2004/12/17,8.05
2004/12/20,8.31
2004/12/21,8.28
2004/12/22,8.36
2004/12/23,8.56
2004/12/24,8.62
2004/12/27,8.62
2004/12/28,8.67
2004/12/29,8.63
2004/12/30,8.59
2004/12/31,8.7
2005/1/3,8.8
2005/1/4,8.68
2005/1/5,8.68
2005/1/6,8.74
2005/1/7,8.31
2005/1/10,8.23
2005/1/11,8.2
2005/1/12,8.34
2005/1/13,8.45
2005/1/14,8.61
2005/1/17,8.58
2005/1/18,8.61
2005/1/19,8.74
2005/1/20,8.85
2005/1/21,8.78
2005/1/24,8.82
2005/1/25,9.08
2005/1/26,9.4
2005/1/27,9.27
2005/1/28,9.26
2005/1/31,9.13
2005/2/1,9.05
2005/2/2,8.88
2005/2/3,9.09
2005/2/4,9.05
2005/2/7,9.1
2005/2/8,9.27
2005/2/9,9.23
2005/2/10,9.32
2005/2/11,9.33
2005/2/14,9.23
2005/2/15,9.3
2005/2/16,9.08
2005/2/17,9.13
2005/2/18,8.93
2005/2/21,8.85
2005/2/22,9.24
2005/2/23,9.11
2005/2/24,8.93
2005/2/25,8.8
2005/2/28,9.04
2005/3/1,8.81
2005/3/2,8.94
2005/3/3,8.81
2005/3/4,8.77
2005/3/7,8.83
2005/3/8,8.98
2005/3/9,9.11
2005/3/10,8.99
2005/3/11,9.21
2005/3/14,9.25
2005/3/15,9.12
2005/3/16,9.2
2005/3/17,9.07
2005/3/18,8.97
2005/3/21,8.74
2005/3/22,8.75
2005/3/23,8.69
2005/3/24,8.64
2005/3/25,8.64
2005/3/28,8.59
2005/3/29,8.47
2005/3/30,8.65
2005/3/31,8.72
2005/4/1,8.6
2005/4/4,8.63
2005/4/5,8.75
2005/4/6,8.69
2005/4/7,8.9
2005/4/8,8.62
2005/4/11,8.4
2005/4/12,8.57
2005/4/13,8.46
2005/4/14,8.3
2005/4/15,8.25
2005/4/18,8.48
2005/4/19,8.53
2005/4/20,8.62
2005/4/21,8.69
2005/4/22,8.55
2005/4/25,8.57
2005/4/26,8.72
2005/4/27,8.78
2005/4/28,8.65
2005/4/29,8.72
2005/5/2,8.78
2005/5/3,8.61
2005/5/4,8.44
2005/5/5,8.33
2005/5/6,8.52
2005/5/9,8.44
2005/5/10,8.44
2005/5/11,8.6
2005/5/12,8.33
2005/5/13,8.38
2005/5/16,8.37
2005/5/17,8.34
2005/5/18,8.54
2005/5/19,8.67
2005/5/20,8.7
2005/5/23,8.75
2005/5/24,8.68
2005/5/25,8.81
2005/5/26,8.88
2005/5/27,8.91
2005/5/30,8.93
2005/5/31,8.89
2005/6/1,8.83
2005/6/2,8.88
2005/6/3,9.03
2005/6/6,8.94
2005/6/7,8.93
2005/6/8,8.96
2005/6/9,9.01
2005/6/10,9.07
2005/6/13,9
2005/6/14,8.95
2005/6/15,8.83
2005/6/16,9.01
2005/6/17,9.13
2005/6/20,9.13
2005/6/21,9.16
2005/6/22,9.12
2005/6/23,9.26
2005/6/24,9.21
2005/6/27,9.49
2005/6/28,9.14
2005/6/29,9.16
2005/6/30,9.43
2005/7/1,9.35
2005/7/4,9.45
2005/7/5,9.44
2005/7/6,9.3
2005/7/7,9.47
2005/7/8,9.65
2005/7/11,9.53
2005/7/12,9.6
2005/7/13,9.8
2005/7/14,9.64
2005/7/15,9.75
2005/7/18,9.47
2005/7/19,9.62
2005/7/20,9.35
2005/7/21,9.66
2005/7/22,9.85
2005/7/25,10.18
2005/7/26,10.12
2005/7/27,9.82
2005/7/28,9.94
2005/7/29,9.87
2005/8/1,10.06
2005/8/2,10.3
2005/8/3,10.28
2005/8/4,10.25
2005/8/5,10.03
2005/8/8,10.2
2005/8/9,9.92
2005/8/10,9.93
2005/8/11,9.95
2005/8/12,10.07
2005/8/15,9.8
2005/8/16,9.77
2005/8/17,9.95
2005/8/18,9.66
2005/8/19,9.73
2005/8/22,9.55
2005/8/23,9.6
2005/8/24,10
2005/8/25,9.75
2005/8/26,9.83
2005/8/29,9.9
2005/8/30,10.1
2005/8/31,10.02
2005/9/1,10.03
2005/9/2,10.14
2005/9/5,10.33
2005/9/6,10.03
2005/9/7,9.98
2005/9/8,10.22
2005/9/9,10.33
2005/9/12,10.35
2005/9/13,10.23
2005/9/14,10.07
2005/9/15,10.22
2005/9/16,10.38
2005/9/19,10.38
2005/9/20,10.31
2005/9/21,10.3
2005/9/22,10.39
2005/9/23,10.24
2005/9/26,10.28
2005/9/27,10.8
2005/9/28,11.01
2005/9/29,10.78
2005/9/30,10.9
2005/10/3,11.18
2005/10/4,10.85
2005/10/5,10.98
2005/10/6,10.87
2005/10/7,11.03
2005/10/10,11.22
2005/10/11,11.26
2005/10/12,11.15
2005/10/13,11.12
2005/10/14,11.18
2005/10/17,10.9
2005/10/18,11.19
2005/10/19,11.2
2005/10/20,11.18
2005/10/21,11.35
2005/10/24,11.13
2005/10/25,11.35
2005/10/26,11.28
2005/10/27,11.28
2005/10/28,10.95
2005/10/31,10.75
2005/11/1,10.9
2005/11/2,11.07
2005/11/3,11.14
2005/11/4,11.11
2005/11/7,10.82
2005/11/8,10.78
2005/11/9,10.78
2005/11/10,11.07
2005/11/11,11.13
2005/11/14,11.38
2005/11/15,11.7
2005/11/16,11.67
2005/11/17,11.7
2005/11/18,11.6
2005/11/21,11.68
2005/11/22,11.68
2005/11/23,11.68
2005/11/24,11.8
2005/11/25,11.95
2005/11/28,12.05
2005/11/29,12.05
2005/11/30,11.95
2005/12/1,12.55
2005/12/2,12.51
2005/12/5,12.76
2005/12/6,12.69
2005/12/7,12.88
2005/12/8,13.21
2005/12/9,13.16
2005/12/12,13.36
2005/12/13,13.2
2005/12/14,13.12
2005/12/15,13.32
2005/12/16,13.65
2005/12/19,13.8
2005/12/20,13.68
2005/12/21,13.63
2005/12/22,14.14
2005/12/23,13.63
2005/12/26,14.1
2005/12/27,14.05
2005/12/28,14.16
2005/12/29,14.24
2005/12/30,13.63
2006/1/2,14.13
2006/1/3,13.78
2006/1/4,14.37
2006/1/5,14.35
2006/1/6,14.28
2006/1/9,14
2006/1/10,14.19
2006/1/11,14.22
2006/1/12,14.3
2006/1/13,15.09
2006/1/16,15.17
2006/1/17,15.47
2006/1/18,15.45
2006/1/19,16.07
2006/1/20,17.68
2006/1/23,17.1
2006/1/24,18.05
2006/1/25,18
2006/1/26,18.33
2006/1/27,18.46
2006/1/30,18.2
2006/1/31,17.92
2006/2/1,18.34
2006/2/2,19.25
2006/2/3,18.95
2006/2/6,18.51
2006/2/7,17.92
2006/2/8,18.8
2006/2/9,17.84
2006/2/10,17.61
2006/2/13,17.45
2006/2/14,17.32
2006/2/15,17.72
2006/2/16,17.61
2006/2/17,17.28
2006/2/20,17.43
2006/2/21,17.98
2006/2/22,18.65
2006/2/23,17.85
2006/2/24,17.77
2006/2/27,16.7
2006/2/28,17.17
2006/3/1,16.69
2006/3/2,17.08
2006/3/3,17.35
2006/3/6,17.75
2006/3/7,17.18
2006/3/8,16.88
2006/3/9,16.49
2006/3/10,16.83
2006/3/13,17.08
2006/3/14,16.65
2006/3/15,16.8
2006/3/16,16.82
2006/3/17,16.8
2006/3/20,16.97
2006/3/21,17.41
2006/3/22,16.91
2006/3/23,17.15
2006/3/24,17.4
2006/3/27,18.09
2006/3/28,18.1
2006/3/29,18.42
2006/3/30,18.52
2006/3/31,18.2
2006/4/3,18.38
2006/4/4,17.91
2006/4/5,17.99
2006/4/6,17.92
2006/4/7,17.47
2006/4/10,17.46
2006/4/11,17.25
2006/4/12,16.98
2006/4/13,16.98
2006/4/14,17.15
2006/4/17,17.33
2006/4/18,17.72
2006/4/19,17.48
2006/4/20,17.15
2006/4/21,17.36
2006/4/24,17.25
2006/4/25,17.04
2006/4/26,17.02
2006/4/27,16.87
2006/4/28,17.17
2006/5/1,17.48
2006/5/2,17.66
2006/5/3,17.34
2006/5/4,17.05
2006/5/5,17.3
2006/5/8,17.07
2006/5/9,17.32
2006/5/10,17.28
2006/5/11,17.75
2006/5/12,17.25
2006/5/15,16.77
2006/5/16,17.13
2006/5/17,16.63
2006/5/18,16.29
2006/5/19,16.22
2006/5/22,16.34
2006/5/23,16.37
2006/5/24,16.11
2006/5/25,15.99
2006/5/26,15.99
2006/5/29,15.93
2006/5/30,15.96
2006/5/31,15.35
2006/6/1,15.24
2006/6/2,15.51
2006/6/5,15.29
2006/6/6,14.99
2006/6/7,15.07
2006/6/8,15.13
2006/6/9,15.4
2006/6/12,14.85
2006/6/13,14.81
2006/6/14,15.05
2006/6/15,15.28
2006/6/16,14.94
2006/6/19,15.08
2006/6/20,15.64
2006/6/21,16.17
2006/6/22,15.78
2006/6/23,15.58
2006/6/26,15.99
2006/6/27,15.79
2006/6/28,15.92
2006/6/29,15.93
2006/6/30,16.55
2006/7/3,16.55
2006/7/4,16.81
2006/7/5,17.19
2006/7/6,17.07
2006/7/7,16.7
2006/7/10,16.78
2006/7/11,16.53
2006/7/12,16.66
2006/7/13,16.24
2006/7/14,15.98
2006/7/17,15.91
2006/7/18,15.58
2006/7/19,15.53
2006/7/20,15.56
2006/7/21,15.79
2006/7/24,15.53
2006/7/25,15.28
2006/7/26,15.05
2006/7/27,15.05
2006/7/28,15.21
2006/7/31,15.21
2006/8/1,14.86
2006/8/2,14.62
2006/8/3,14.76
2006/8/4,14.65
2006/8/7,14.35
2006/8/8,14.27
2006/8/9,14.33
2006/8/10,13.82
2006/8/11,12.99
2006/8/14,13.28
2006/8/15,13.14
2006/8/16,12.69
2006/8/17,12.68
2006/8/18,12.66
2006/8/21,12.58
2006/8/22,12.94
2006/8/23,12.88
2006/8/24,12.87
2006/8/25,12.72
2006/8/28,12.48
2006/8/29,12.15
2006/8/30,12.47
2006/8/31,12.06
2006/9/1,12.08
2006/9/4,12.1
2006/9/5,12.22
2006/9/6,12.27
2006/9/7,12.54
2006/9/8,12.13
2006/9/11,12.31
2006/9/12,13.04
2006/9/13,12.82
2006/9/14,13.06
2006/9/15,12.99
2006/9/18,12.88
2006/9/19,12.68
2006/9/20,12.14
2006/9/21,11.12
2006/9/22,10.53
2006/9/25,10.85
2006/9/26,10.87
2006/9/27,11.25
2006/9/28,11.81
2006/9/29,11.45
2006/10/2,11.07
2006/10/3,11.31
2006/10/4,11.32
2006/10/5,11.3
2006/10/6,11.66
2006/10/9,11.75
2006/10/10,11.28
2006/10/11,11.29
2006/10/12,11.31
2006/10/13,11.83
2006/10/16,12.59
2006/10/17,11.7
2006/10/18,11.7
2006/10/19,11.81
2006/10/20,11.91
2006/10/23,11.81
2006/10/24,11.99
2006/10/25,11.91
2006/10/26,11.87
2006/10/27,11.56
2006/10/30,11.65
2006/10/31,11.62
2006/11/1,11.65
2006/11/2,11.44
2006/11/3,11.86
2006/11/6,11.7
2006/11/7,12.03
2006/11/8,12.22
2006/11/9,11.9
2006/11/10,11.76
2006/11/13,11.74
2006/11/14,11.86
2006/11/15,11.64
2006/11/16,11.45
2006/11/17,11.57
2006/11/20,11.56
2006/11/21,11.54
2006/11/22,11.69
2006/11/23,11.69
2006/11/24,11.83
2006/11/27,11.97
2006/11/28,12.22
2006/11/29,12.2
2006/11/30,12.13
2006/12/1,11.71
2006/12/4,11.74
2006/12/5,11.51
2006/12/6,11.26
2006/12/7,11.37
2006/12/8,11.38
2006/12/11,11.25
2006/12/12,11.18
2006/12/13,11.13
2006/12/14,11.23
2006/12/15,11.76
2006/12/18,11.78
2006/12/19,11.76
2006/12/20,11.69
2006/12/21,11.72
2006/12/22,11.72
2006/12/25,11.68
2006/12/26,11.62
2006/12/27,11.69
2006/12/28,11.63
2006/12/29,11.63
2007/1/1,11.53
2007/1/2,11.42
2007/1/3,11.24
2007/1/4,11.06
2007/1/5,11.14
2007/1/8,11.12
2007/1/9,11.16
2007/1/10,11.07
2007/1/11,11
2007/1/12,10.98
2007/1/15,10.96
2007/1/16,10.79
2007/1/17,10.77
2007/1/18,10.89
2007/1/19,10.98
2007/1/22,10.86
2007/1/23,10.84
2007/1/24,10.78
2007/1/25,10.81
2007/1/26,10.71
2007/1/29,10.66
2007/1/30,10.71
2007/1/31,10.72
2007/2/1,10.59
2007/2/2,10.6
2007/2/5,10.31
2007/2/6,10.22
2007/2/7,10.36
2007/2/8,10.48
2007/2/9,10.39
2007/2/12,10.35
2007/2/13,10.45
2007/2/14,10.88
2007/2/15,10.87
2007/2/16,10.74
2007/2/19,10.6
2007/2/20,10.47
2007/2/21,10.77
2007/2/22,10.71
2007/2/23,10.76
2007/2/26,10.97
2007/2/27,10.78
2007/2/28,10.95
2007/3/1,11.16
2007/3/2,10.67
2007/3/5,10.75
2007/3/6,10.68
2007/3/7,10.61
2007/3/8,10.52
2007/3/9,10.4
2007/3/12,10.45
2007/3/13,10.43
2007/3/14,10.27
2007/3/15,10.31
2007/3/16,10.28
2007/3/19,10.3
2007/3/20,10.29
2007/3/21,10.34
2007/3/22,10.33
2007/3/23,10.16
2007/3/26,10.27
2007/3/27,10.29
2007/3/28,10.05
2007/3/29,10.08
2007/3/30,9.94
2007/4/2,9.95
2007/4/3,9.91
2007/4/4,9.98
2007/4/5,9.98
2007/4/6,10.11
2007/4/9,9.89
2007/4/10,10.02
2007/4/11,10.01
2007/4/12,10
2007/4/13,9.76
2007/4/16,9.76
2007/4/17,9.55
2007/4/18,9.66
2007/4/19,9.61
2007/4/20,9.38
2007/4/23,9.33
2007/4/24,9.44
2007/4/25,9.53
2007/4/26,9.36
2007/4/27,9.26
2007/4/30,9.55
2007/5/1,9.54
2007/5/2,9.65
2007/5/3,9.73
2007/5/4,9.71
2007/5/7,9.62
2007/5/8,9.67
2007/5/9,9.63
2007/5/10,9.67
2007/5/11,9.51
2007/5/14,9.08
2007/5/15,9.1
2007/5/16,9.09
2007/5/17,9
2007/5/18,9.19
2007/5/21,9.1
2007/5/22,9.08
2007/5/23,9.22
2007/5/24,9.59
2007/5/25,9.55
2007/5/28,9.5
2007/5/29,9.5
2007/5/30,9.53
2007/5/31,9.56
2007/6/1,9.29
2007/6/4,8.96
2007/6/5,9.07
2007/6/6,8.96
2007/6/7,8.96
2007/6/8,9.12
2007/6/11,8.97
2007/6/12,8.88
2007/6/13,8.87
2007/6/14,9.01
2007/6/15,9.54
2007/6/18,9.47
2007/6/19,9.46
2007/6/20,9.47
2007/6/21,9.67
2007/6/22,9.43
2007/6/25,9.66
2007/6/26,9.62
2007/6/27,9.58
2007/6/28,9.53
2007/6/29,9.63
2007/7/2,9.83
2007/7/3,9.87
2007/7/4,9.9
2007/7/5,9.91
2007/7/6,9.99
2007/7/9,9.99
2007/7/10,10.09
2007/7/11,10.02
2007/7/12,10.17
2007/7/13,10.12
2007/7/16,10.19
2007/7/17,10.39
2007/7/18,10.59
2007/7/19,10.61
2007/7/20,10.37
2007/7/23,10.42
2007/7/24,10.38
2007/7/25,10.43
2007/7/26,10.21
2007/7/27,10.21
2007/7/30,10.39
2007/7/31,10.32
2007/8/1,10.32
2007/8/2,10.34
2007/8/3,10.08
2007/8/6,10.04
2007/8/7,10.02
2007/8/8,10.02
2007/8/9,9.8
2007/8/10,9.68
2007/8/13,9.72
2007/8/14,9.67
2007/8/15,9.34
2007/8/16,9.6
2007/8/17,9.62
2007/8/20,9.52
2007/8/21,9.72
2007/8/22,9.74
2007/8/23,9.61
2007/8/24,9.67
2007/8/27,9.66
2007/8/28,9.61
2007/8/29,9.72
2007/8/30,9.69
2007/8/31,9.69
2007/9/3,9.68
2007/9/4,9.62
2007/9/5,9.63
2007/9/6,9.66
2007/9/7,9.57
2007/9/10,9.56
2007/9/11,9.53
2007/9/12,9.47
2007/9/13,9.6
2007/9/14,9.55
2007/9/17,9.54
2007/9/18,9.89
2007/9/19,10.05
2007/9/20,10
2007/9/21,10.07
2007/9/24,10.02
2007/9/25,9.94
2007/9/26,10.02
2007/9/27,9.97
2007/9/28,9.94
2007/10/1,10.01
2007/10/2,9.84
2007/10/3,9.81
2007/10/4,9.81
2007/10/5,9.77
2007/10/8,9.9
2007/10/9,9.75
2007/10/10,9.83
2007/10/11,9.83
2007/10/12,9.96
2007/10/15,10.14
2007/10/16,10.1
2007/10/17,10.08
2007/10/18,10.19
2007/10/19,10.15
2007/10/22,10.17
2007/10/23,10.12
2007/10/24,10.19
2007/10/25,10.19
2007/10/26,10.16
2007/10/29,10.11
2007/10/30,10.11
2007/10/31,10.05
2007/11/1,9.99
2007/11/2,10.06
2007/11/5,10.04
2007/11/6,10.17
2007/11/7,10.28
2007/11/8,10.29
2007/11/9,10.19
2007/11/12,10.13
2007/11/13,10.11
2007/11/14,10.14
2007/11/15,10.11
2007/11/16,10.09
2007/11/19,10.06
2007/11/20,10.02
2007/11/21,10.03
2007/11/22,10.03
2007/11/23,10.04
2007/11/26,10.01
2007/11/27,9.96
2007/11/28,10.2
2007/11/29,10.05
2007/11/30,10.01
2007/12/3,9.98
2007/12/4,10.01
2007/12/5,10.11
2007/12/6,10.11
2007/12/7,10.15
2007/12/10,10.32
2007/12/11,10.46
2007/12/12,10.48
2007/12/13,10.5
2007/12/14,10.64
2007/12/17,10.9
2007/12/18,10.83
2007/12/19,10.91
2007/12/20,11.27
2007/12/21,11.25
2007/12/24,11.19
2007/12/25,11.19
2007/12/26,11.13
2007/12/27,11.19
2007/12/28,11.19
2007/12/31,11.07
2008/1/1,11.04
2008/1/2,11
2008/1/3,11.37
2008/1/4,11.57
2008/1/7,11.63
2008/1/8,11.65
2008/1/9,11.76
2008/1/10,11.74
2008/1/11,11.68
2008/1/14,11.86
2008/1/15,11.85
2008/1/16,12.1
2008/1/17,12.75
2008/1/18,12.31
2008/1/21,12.1
2008/1/22,11.88
2008/1/23,11.76
2008/1/24,11.77
2008/1/25,12.23
2008/1/28,12.55
2008/1/29,12.51
2008/1/30,12.76
2008/1/31,12.75
2008/2/1,12.74
2008/2/4,12.59
2008/2/5,12.23
2008/2/6,12.48
2008/2/7,12.36
2008/2/8,13.04
2008/2/11,13
2008/2/12,12.74
2008/2/13,13.14
2008/2/14,13.51
2008/2/15,13.65
2008/2/18,13.65
2008/2/19,14
2008/2/20,14
2008/2/21,14.18
2008/2/22,14.13
2008/2/25,14.1
2008/2/26,14.43
2008/2/27,14.51
2008/2/28,14.48
2008/2/29,14.55
2008/3/3,15.21
2008/3/4,14.56
2008/3/5,14.79
2008/3/6,13.87
2008/3/7,13.65
2008/3/10,13.35
2008/3/11,13.73
2008/3/12,13.48
2008/3/13,13.9
2008/3/14,13.88
2008/3/17,12.44
2008/3/18,12.61
2008/3/19,12.14
2008/3/20,12.25
2008/3/21,12.26
2008/3/24,12.27
2008/3/25,12.51
2008/3/26,12.59
2008/3/27,12.5
2008/3/28,12.12
2008/3/31,12.11
2008/4/1,11.96
2008/4/2,12.22
2008/4/3,12.27
2008/4/4,12.05
2008/4/7,12.62
2008/4/8,12.41
2008/4/9,12.91
2008/4/10,13.07
2008/4/11,12.93
2008/4/14,12.99
2008/4/15,13.3
2008/4/16,13.31
2008/4/17,13.26
2008/4/18,13.22
2008/4/21,12.56
2008/4/22,12.91
2008/4/23,12.69
2008/4/24,12.27
2008/4/25,12.21
2008/4/28,11.85
2008/4/29,11.6
2008/4/30,11.72
2008/5/1,12.25
2008/5/2,12.34
2008/5/5,12.32
2008/5/6,12.73
2008/5/7,12.7
2008/5/8,12.51
2008/5/9,12.7
2008/5/12,12.8
2008/5/13,12.32
2008/5/14,12.15
2008/5/15,12.1
2008/5/16,12.21
2008/5/19,11.99
2008/5/20,11.87
2008/5/21,12.1
2008/5/22,11.88
2008/5/23,11.56
2008/5/26,11.56
2008/5/27,11.43
2008/5/28,11.34
2008/5/29,11.35
2008/5/30,11.42
2008/6/2,11.69
2008/6/3,11.2
2008/6/4,11.03
2008/6/5,10.98
2008/6/6,11.14
2008/6/9,11.13
2008/6/10,11.2
2008/6/11,11.79
2008/6/12,11.68
2008/6/13,11.95
2008/6/16,12.26
2008/6/17,12.39
2008/6/18,12.82
2008/6/19,12.73
2008/6/20,13.1
2008/6/23,12.92
2008/6/24,12.78
2008/6/25,12.74
2008/6/26,13.01
2008/6/27,12.83
2008/6/30,13.25
2008/7/1,14.73
2008/7/2,14.92
2008/7/3,14.92
2008/7/4,14.92
2008/7/7,14.5
2008/7/8,14.76
2008/7/9,14.89
2008/7/10,14.66
2008/7/11,15.08
2008/7/14,14.74
2008/7/15,15.06
2008/7/16,14.84
2008/7/17,13.82
2008/7/18,13.6
2008/7/21,13.58
2008/7/22,13.11
2008/7/23,13.12
2008/7/24,13.26
2008/7/25,13.44
2008/7/28,13.3
2008/7/29,13.74
2008/7/30,14.25
2008/7/31,14.74
2008/8/1,14.89
2008/8/4,14.23
2008/8/5,14.76
2008/8/6,14.99
2008/8/7,14.56
2008/8/8,14.37
2008/8/11,14.2
2008/8/12,14.44
2008/8/13,14.76
2008/8/14,14.31
2008/8/15,14.08
2008/8/18,14.57
2008/8/19,14.58
2008/8/20,14.58
2008/8/21,15.09
2008/8/22,15.09
2008/8/25,15.01
2008/8/26,15.1
2008/8/27,14.65
2008/8/28,14.37
2008/8/29,14.03
2008/9/1,14.03
2008/9/2,14.02
2008/9/3,13.82
2008/9/4,13.92
2008/9/5,13.71
2008/9/8,13.53
2008/9/9,13.35
2008/9/10,13.39
2008/9/11,13.16
2008/9/12,13.59
2008/9/15,13.4
2008/9/16,13.23
2008/9/17,13.44
2008/9/18,12.95
2008/9/19,13.05
2008/9/22,13.61
2008/9/23,13.35
2008/9/24,13.54
2008/9/25,14.13
2008/9/26,14.1
2008/9/29,13.55
2008/9/30,13.31
2008/10/1,14.08
2008/10/2,13.19
2008/10/3,12.76
2008/10/6,11.94
2008/10/7,12.17
2008/10/8,12.04
2008/10/9,12.04
2008/10/10,11.4
2008/10/13,11.86
2008/10/14,11.89
2008/10/15,11.36
2008/10/16,11.36
2008/10/17,11.82
2008/10/20,11.75
2008/10/21,11.49
2008/10/22,11.24
2008/10/23,11.12
2008/10/24,11.04
2008/10/27,11.2
2008/10/28,11.37
2008/10/29,12.3
2008/10/30,12.07
2008/10/31,12.24
2008/11/3,12.4
2008/11/4,12.92
2008/11/5,12.87
2008/11/6,12.14
2008/11/7,12.3
2008/11/10,12.26
2008/11/11,12.08
2008/11/12,11.92
2008/11/13,11.73
2008/11/14,11.95
2008/11/17,12.02
2008/11/18,11.89
2008/11/19,11.95
2008/11/20,11.8
2008/11/21,11.56
2008/11/24,11.96
2008/11/25,11.91
2008/11/26,12.15
2008/11/27,12.15
2008/11/28,12.26
2008/12/1,12.02
2008/12/2,12.03
2008/12/3,11.58
2008/12/4,11.24
2008/12/5,11.02
2008/12/8,11.68
2008/12/9,11.58
2008/12/10,12.04
2008/12/11,12.31
2008/12/12,12.09
2008/12/15,11.98
2008/12/16,12.15
2008/12/17,12.22
2008/12/18,12.32
2008/12/19,11.53
2008/12/22,11.48
2008/12/23,11.46
2008/12/24,11.28
2008/12/25,11.42
2008/12/26,11.57
2008/12/29,11.67
2008/12/30,11.83
2008/12/31,12.26
2009/1/1,11.46
2009/1/2,12.31
2009/1/5,12.33
2009/1/6,12.75
2009/1/7,12.47
2009/1/8,12.47
2009/1/9,12.46
2009/1/12,11.94
2009/1/13,11.99
2009/1/14,11.85
2009/1/15,12.26
2009/1/16,12.55
2009/1/19,12.55
2009/1/20,12.83
2009/1/21,12.79
2009/1/22,12.6
2009/1/23,12.88
2009/1/26,13.08
2009/1/27,13.12
2009/1/28,13.14
2009/1/29,12.89
2009/1/30,12.94
2009/2/2,12.99
2009/2/3,12.89
2009/2/4,12.82
2009/2/5,13.22
2009/2/6,13.35
2009/2/9,13.49
2009/2/10,13.44
2009/2/11,13.44
2009/2/12,13.44
2009/2/13,13.5
2009/2/16,13.5
2009/2/17,13.23
2009/2/18,12.95
2009/2/19,13.11
2009/2/20,13
2009/2/23,12.95
2009/2/24,13.09
2009/2/25,13.38
2009/2/26,13.86
2009/2/27,13.94
2009/3/2,13.04
2009/3/3,13.03
2009/3/4,13.54
2009/3/5,13.19
2009/3/6,13.14
2009/3/9,12.86
2009/3/10,12.97
2009/3/11,13.2
2009/3/12,13.45
2009/3/13,13.29
2009/3/16,13.39
2009/3/17,13.51
2009/3/18,13.66
2009/3/19,14.02
2009/3/20,14.01
2009/3/23,13.9
2009/3/24,13.63
2009/3/25,13.54
2009/3/26,13.45
2009/3/27,13.36
2009/3/30,13.21
2009/3/31,13.36
2009/4/1,13.36
2009/4/2,13.67
2009/4/3,13.22
2009/4/6,12.92
2009/4/7,12.95
2009/4/8,13.04
2009/4/9,13.04
2009/4/10,13.04
2009/4/13,13.04
2009/4/14,13.76
2009/4/15,13.67
2009/4/16,13.43
2009/4/17,13.74
2009/4/20,13.42
2009/4/21,13.54
2009/4/22,13.66
2009/4/23,13.77
2009/4/24,14.27
2009/4/27,14.03
2009/4/28,14.17
2009/4/29,14.22
2009/4/30,14.45
2009/5/1,14.45
2009/5/4,15.39
2009/5/5,15.55
2009/5/6,15.73
2009/5/7,15.85
2009/5/8,15.63
2009/5/11,15.94
2009/5/12,16.17
2009/5/13,15.96
2009/5/14,16.06
2009/5/15,15.6
2009/5/18,16.26
2009/5/19,16.32
2009/5/20,16.1
2009/5/21,16.34
2009/5/22,16.42
2009/5/25,16.42
2009/5/26,16.68
2009/5/27,16.57
2009/5/28,16.43
2009/5/29,16.36
2009/6/1,16.62
2009/6/2,16.32
2009/6/3,15.92
2009/6/4,16.22
2009/6/5,16.46
2009/6/8,16.29
2009/6/9,16.41
2009/6/10,16.25
2009/6/11,16.28
2009/6/12,16.15
2009/6/15,15.76
2009/6/16,15.65
2009/6/17,15.83
2009/6/18,15.73
2009/6/19,15.91
2009/6/22,16
2009/6/23,16.76
2009/6/24,16.88
2009/6/25,17.49
2009/6/26,17.1
2009/6/29,17.72
2009/6/30,17.65
2009/7/1,18.22
2009/7/2,18.05
2009/7/3,18.05
2009/7/6,17.83
2009/7/7,17.53
2009/7/8,17.78
2009/7/9,17.71
2009/7/10,17.88
2009/7/13,18.27
2009/7/14,18.41
2009/7/15,18.48
2009/7/16,18.09
2009/7/17,18
2009/7/20,18.44
2009/7/21,18.49
2009/7/22,18.66
2009/7/23,18.66
2009/7/24,18.96
2009/7/27,19.05
2009/7/28,19.08
2009/7/29,19.09
2009/7/30,19.34
2009/7/31,19.21
2009/8/3,19.73
2009/8/4,20.02
2009/8/5,20.07
2009/8/6,20.49
2009/8/7,21.46
2009/8/10,22.6
2009/8/11,22.57
2009/8/12,23.59
2009/8/13,22.88
2009/8/14,22.65
2009/8/17,22.68
2009/8/18,22.57
2009/8/19,23.44
2009/8/20,22.78
2009/8/21,22.64
2009/8/24,22.6
2009/8/25,22.67
2009/8/26,23.09
2009/8/27,23.25
2009/8/28,24.22
2009/8/31,25.18
2009/9/1,24.97
2009/9/2,24.4
2009/9/3,23.93
2009/9/4,22.39
2009/9/7,22.39
2009/9/8,21.72
2009/9/9,21.85
2009/9/10,22.71
2009/9/11,22.14
2009/9/14,23
2009/9/15,22.69
2009/9/16,23.33
2009/9/17,23.36
2009/9/18,22.65
2009/9/21,22.6
2009/9/22,22.96
2009/9/23,22.38
2009/9/24,22.25
2009/9/25,22.48
2009/9/28,23.45
2009/9/29,24.27
2009/9/30,24.76
2009/10/1,24.08
2009/10/2,23.25
2009/10/5,23.66
2009/10/6,23.46
2009/10/7,22.62
2009/10/8,22.07
2009/10/9,20.82
2009/10/12,21.19
2009/10/13,22.3
2009/10/14,22.23
2009/10/15,23.33
2009/10/16,23.36
2009/10/19,23.56
2009/10/20,23.03
2009/10/21,23.47
2009/10/22,22.57
2009/10/23,22.58
2009/10/26,22.43
2009/10/27,22.16
2009/10/28,21.44
2009/10/29,22.3
2009/10/30,22.26
2009/11/2,22.89
2009/11/3,23.41
2009/11/4,23.05
2009/11/5,22.23
2009/11/6,22.23
2009/11/9,21.91
2009/11/10,21.37
2009/11/11,22.11
2009/11/12,22.12
2009/11/13,22.19
2009/11/16,22.66
2009/11/17,22.57
2009/11/18,22.79
2009/11/19,22.27
2009/11/20,22.01
2009/11/23,21.7
2009/11/24,21.64
2009/11/25,21.88
2009/11/26,22.09
2009/11/27,22.3
2009/11/30,22.18
2009/12/1,21.83
2009/12/2,22.19
2009/12/3,22.28
2009/12/4,21.79
2009/12/7,21.77
2009/12/8,21.55
2009/12/9,21.46
2009/12/10,22.37
2009/12/11,22.97
2009/12/14,24.02
2009/12/15,23.4
2009/12/16,24.29
2009/12/17,24.66
2009/12/18,24.53
2009/12/21,24.05
2009/12/22,24.81
2009/12/23,24.73
2009/12/24,25.08
2009/12/25,24.73
2009/12/28,25.11
2009/12/29,24.84
2009/12/30,24.96
2009/12/31,25.07
2010/1/1,25.07
2010/1/4,25.72
2010/1/5,25.83
2010/1/6,26.46
2010/1/7,26.24
2010/1/8,25.71
2010/1/11,25.12
2010/1/12,25.56
2010/1/13,26.24
2010/1/14,25.99
2010/1/15,25.87
2010/1/18,26.41
2010/1/19,26.94
2010/1/20,27.06
2010/1/21,27.27
2010/1/22,26.8
2010/1/25,27.6
2010/1/26,27.19
2010/1/27,26.48
2010/1/28,27.05
2010/1/29,27.74
2010/2/1,27.37
2010/2/2,27.58
2010/2/3,27.04
2010/2/4,26.27
2010/2/5,24.98
2010/2/8,25.38
2010/2/9,25.81
2010/2/10,25.51
2010/2/11,26.33
2010/2/12,25.82
2010/2/15,26.05
2010/2/16,26.28
2010/2/17,25.15
2010/2/18,25.4
2010/2/19,25.56
2010/2/22,23.82
2010/2/23,23.43
2010/2/24,24.07
2010/2/25,23.42
2010/2/26,23.27
2010/3/1,21.13
2010/3/2,21.22
2010/3/3,20.68
2010/3/4,20.49
2010/3/5,20.97
2010/3/8,20.56
2010/3/9,19.45
2010/3/10,18.96
2010/3/11,18.58
2010/3/12,18.96
2010/3/15,18.74
2010/3/16,17.77
2010/3/17,17.9
2010/3/18,18.52
2010/3/19,18.3
2010/3/22,17.64
2010/3/23,16.49
2010/3/24,17.5
2010/3/25,16.97
2010/3/26,16.85
2010/3/29,17.32
2010/3/30,17.7
2010/3/31,16.53
2010/4/1,16.8
2010/4/2,16.53
2010/4/5,16.7
2010/4/6,16.27
2010/4/7,16.53
2010/4/8,16.36
2010/4/9,16.8
2010/4/12,16.92
2010/4/13,17.31
2010/4/14,17.74
2010/4/15,17.18
2010/4/16,16.37
2010/4/19,17.26
2010/4/20,16.75
2010/4/21,16.83
2010/4/22,16.35
2010/4/23,15.95
2010/4/26,16.02
2010/4/27,15.53
2010/4/28,15.01
2010/4/29,15.42
2010/4/30,15.42
2010/5/3,15.7
2010/5/4,15.21
2010/5/5,15.08
2010/5/6,14.38
2010/5/7,14.45
2010/5/10,14.86
2010/5/11,14.62
2010/5/12,15.3
2010/5/13,15.29
2010/5/14,14.79
2010/5/17,14.53
2010/5/18,15.41
2010/5/19,15.46
2010/5/20,15.47
2010/5/21,16
2010/5/24,15.67
2010/5/25,15.71
2010/5/26,15.8
2010/5/27,15.47
2010/5/28,14.84
2010/5/31,14.84
2010/6/1,15.06
2010/6/2,14.65
2010/6/3,14.66
2010/6/4,15.05
2010/6/7,14.91
2010/6/8,15.36
2010/6/9,15.64
2010/6/10,15.78
2010/6/11,16.1
2010/6/14,16.25
2010/6/15,16.28
2010/6/16,16.35
2010/6/17,15.91
2010/6/18,15.68
2010/6/21,16.28
2010/6/22,16.25
2010/6/23,16.14
2010/6/24,16.56
2010/6/25,16.84
2010/6/28,16.45
2010/6/29,16.24
2010/6/30,16.89
2010/7/1,16.47
2010/7/2,16.8
2010/7/5,16.8
2010/7/6,16.77
2010/7/7,17.08
2010/7/8,17.1
2010/7/9,16.66
2010/7/12,17.2
2010/7/13,17.34
2010/7/14,17.14
2010/7/15,17.48
2010/7/16,17.19
2010/7/19,17.59
2010/7/20,17.25
2010/7/21,17.44
2010/7/22,17.86
2010/7/23,17.86
2010/7/26,18.13
2010/7/27,17.96
2010/7/28,18.24
2010/7/29,18.53
2010/7/30,18.62
2010/8/2,18.6
2010/8/3,17.96
2010/8/4,18.21
2010/8/5,17.68
2010/8/6,17.79
2010/8/9,17.45
2010/8/10,18.05
2010/8/11,17.78
2010/8/12,18.25
2010/8/13,18.63
2010/8/16,18.35
2010/8/17,18.72
2010/8/18,18.71
2010/8/19,18.62
2010/8/20,18.86
2010/8/23,19.07
2010/8/24,19.22
2010/8/25,19.2
2010/8/26,18.64
2010/8/27,19.17
2010/8/30,19.21
2010/8/31,19.11
2010/9/1,19.78
2010/9/2,20.08
2010/9/3,19.97
2010/9/6,19.97
2010/9/7,20.75
2010/9/8,20.63
2010/9/9,21.36
2010/9/10,21.64
2010/9/13,22.35
2010/9/14,23.12
2010/9/15,22.54
2010/9/16,23.1
2010/9/17,23.14
2010/9/20,22.91
2010/9/21,22.58
2010/9/22,23
2010/9/23,23.37
2010/9/24,24.14
2010/9/27,24.72
2010/9/28,25.15
2010/9/29,24.94
2010/9/30,23.52
2010/10/1,21.54
2010/10/4,21.35
2010/10/5,21.91
2010/10/6,21.79
2010/10/7,23.03
2010/10/8,23.96
2010/10/11,24.32
2010/10/12,24.84
2010/10/13,24.84
2010/10/14,25.24
2010/10/15,24.6
2010/10/18,24.9
2010/10/19,25.47
2010/10/20,26.05
2010/10/21,25.72
2010/10/22,25.63
2010/10/25,26.11
2010/10/26,25.82
2010/10/27,26.27
2010/10/28,26.61
2010/10/29,26.85
2010/11/1,27.2
2010/11/2,27.83
2010/11/3,27.8
2010/11/4,29.13
2010/11/5,29.14
2010/11/8,29.12
2010/11/9,30.2
2010/11/10,30.03
2010/11/11,27.04
2010/11/12,23.74
2010/11/15,24.42
2010/11/16,24.42
2010/11/17,23.61
2010/11/18,23.87
2010/11/19,25.6
2010/11/22,23.72
2010/11/23,24.13
2010/11/24,24.91
2010/11/25,25.42
2010/11/26,25.42
2010/11/29,25.68
2010/11/30,25.77
2010/12/1,25.67
2010/12/2,25.81
2010/12/3,25.81
2010/12/6,26.7
2010/12/7,26.23
2010/12/8,25.65
2010/12/9,26.21
2010/12/10,25.96
2010/12/13,26.37
2010/12/14,27.51
2010/12/15,27.65
2010/12/16,27.98
2010/12/17,27.88
2010/12/20,29.16
2010/12/21,29.5
2010/12/22,29.47
2010/12/23,30.33
2010/12/24,30.23
2010/12/27,30.13
2010/12/28,30.64
2010/12/29,30.64
2010/12/30,30.28
2010/12/31,27.57
2011/1/3,29.91
2011/1/4,29.21
2011/1/5,28.25
2011/1/6,29.26
2011/1/7,27.63
2011/1/10,29.06
2011/1/11,29.39
2011/1/12,30.22
2011/1/13,29.74
2011/1/14,29.8
2011/1/17,28.89
2011/1/18,28.89
2011/1/19,29.25
2011/1/20,29.17
2011/1/21,29.2
2011/1/24,29.9
2011/1/25,29.92
2011/1/26,29.47
2011/1/27,30.5
2011/1/28,31.23
2011/1/31,31.15
2011/2/1,31.26
2011/2/2,31.32
2011/2/3,32.57
2011/2/4,30.28
2011/2/7,30.24
2011/2/8,30.55
2011/2/9,29.3
2011/2/10,29.56
2011/2/11,30.02
2011/2/14,29.27
2011/2/15,28.8
2011/2/16,28.39
2011/2/17,29.34
2011/2/18,28.95
2011/2/21,28.6
2011/2/22,28.6
2011/2/23,28.57
2011/2/24,27.55
2011/2/25,27.92
2011/2/28,28.97
2011/3/1,29.74
2011/3/2,27.24
2011/3/3,28.16
2011/3/4,28.32
2011/3/7,27.75
2011/3/8,27.92
2011/3/9,28.42
2011/3/10,28.14
2011/3/11,26.7
2011/3/14,26.79
2011/3/15,25.95
2011/3/16,23.91
2011/3/17,24.03
2011/3/18,24.96
2011/3/21,25.85
2011/3/22,25.66
2011/3/23,25.5
2011/3/24,24.93
2011/3/25,25.98
2011/3/28,25.3
2011/3/29,25.28
2011/3/30,25.59
2011/3/31,25.44
2011/4/1,25.79
2011/4/4,23.62
2011/4/5,26.05
2011/4/6,25.41
2011/4/7,25.57
2011/4/8,25.07
2011/4/11,25.18
2011/4/12,24.76
2011/4/13,24.11
2011/4/14,23.58
2011/4/15,23.56
2011/4/18,23.39
2011/4/19,23.2
2011/4/20,24.07
2011/4/21,24.28
2011/4/22,24.09
2011/4/25,23.89
2011/4/26,23.76
2011/4/27,23.56
2011/4/28,23.12
2011/4/29,22.76
2011/5/2,22.36
2011/5/3,22.44
2011/5/4,21.8
2011/5/5,21.22
2011/5/6,20.89
2011/5/9,21.25
2011/5/10,22.11
2011/5/11,21.31
2011/5/12,21.62
2011/5/13,21.58
2011/5/16,21.58
2011/5/17,21.77
2011/5/18,22.46
2011/5/19,21.78
2011/5/20,22.27
2011/5/23,21.49
2011/5/24,21.91
2011/5/25,22.49
2011/5/26,22.61
2011/5/27,22.96
2011/5/30,23.04
2011/5/31,23.11
2011/6/1,22.45
2011/6/2,23.5
2011/6/3,23.78
2011/6/6,23.78
2011/6/7,23.81
2011/6/8,24.23
2011/6/9,24.26
2011/6/10,24.84
2011/6/13,24.72
2011/6/14,24.47
2011/6/15,24.37
2011/6/16,25.15
2011/6/17,25.6
2011/6/20,26.44
2011/6/21,26.48
2011/6/22,26.24
2011/6/23,26.39
2011/6/24,26.3
2011/6/27,26.36
2011/6/28,27.46
2011/6/29,27.46
2011/6/30,26.8
2011/7/1,26.43
2011/7/4,26.63
2011/7/5,26.82
2011/7/6,26.89
2011/7/7,28.29
2011/7/8,28.24
2011/7/11,27.9
2011/7/12,29.22
2011/7/13,28.88
2011/7/14,27.93
2011/7/15,27.78
2011/7/18,27.82
2011/7/19,27.79
2011/7/20,27.92
2011/7/21,28.62
2011/7/22,29.78
2011/7/25,29.34
2011/7/26,29.54
2011/7/27,29.7
2011/7/28,28.59
2011/7/29,28.44
2011/8/1,27.8
2011/8/2,27.17
2011/8/3,26.71
2011/8/4,26.74
2011/8/5,26.49
2011/8/8,25.9
2011/8/9,26.21
2011/8/10,26.31
2011/8/11,26.78
2011/8/12,26.87
2011/8/15,26.53
2011/8/16,27.08
2011/8/17,28.49
2011/8/18,28.12
2011/8/19,29.5
2011/8/22,29.4
2011/8/23,29.49
2011/8/24,28.92
2011/8/25,28.59
2011/8/26,29.1
2011/8/29,28.78
2011/8/30,28.53
2011/8/31,28.66
2011/9/1,28.52
2011/9/2,28.16
2011/9/5,27.77
2011/9/6,27.37
2011/9/7,27.54
2011/9/8,27.66
2011/9/9,27.68
2011/9/12,28.19
2011/9/13,28.07
2011/9/14,28.22
2011/9/15,28.22
2011/9/16,26.44
2011/9/19,26.8
2011/9/20,26.75
2011/9/21,25.94
2011/9/22,24.86
2011/9/23,24.86
2011/9/26,24.32
2011/9/27,24.9
2011/9/28,24.56
2011/9/29,25.98
2011/9/30,25.41
2011/10/3,24.08
2011/10/4,23.95
2011/10/5,24.04
2011/10/6,23.92
2011/10/7,24.39
2011/10/10,25.38
2011/10/11,25.05
2011/10/12,25.16
2011/10/13,25.99
2011/10/14,26.87
2011/10/17,26.72
2011/10/18,26.78
2011/10/19,26.06
2011/10/20,25.94
2011/10/21,25.64
2011/10/24,26.21
2011/10/25,26.08
2011/10/26,25.58
2011/10/27,26.03
2011/10/28,25.48
2011/10/31,25.48
2011/11/1,24.78
2011/11/2,24.8
2011/11/3,24.96
2011/11/4,24.82
2011/11/7,24.74
2011/11/8,25.27
2011/11/9,24.8
2011/11/10,24.81
2011/11/11,24.47
2011/11/14,24.22
2011/11/15,24.24
2011/11/16,24.03
2011/11/17,23.62
2011/11/18,23.52
2011/11/21,23.62
2011/11/22,23.05
2011/11/23,22.75
2011/11/24,22.66
2011/11/25,22.57
2011/11/28,22.57
2011/11/29,22.82
2011/11/30,23.33
2011/12/1,23.29
2011/12/2,23.11
2011/12/5,23.7
2011/12/6,23.75
2011/12/7,22.75
2011/12/8,23.71
2011/12/9,22.97
2011/12/12,22.89
2011/12/13,23.07
2011/12/14,24.4
2011/12/15,22.43
2011/12/16,22.73
2011/12/19,22.77
2011/12/20,22.77
2011/12/21,23.08
2011/12/22,23.04
2011/12/23,23.13
2011/12/26,23.13
2011/12/27,23.16
2011/12/28,22.77
2011/12/29,23.15
2011/12/30,22.94
2012/1/2,22.94
2012/1/3,23.98
2012/1/4,23.97
2012/1/5,22.75
2012/1/6,22.93
2012/1/9,22.98
2012/1/10,22.96
2012/1/11,23.32
2012/1/12,22.91
2012/1/13,23.4
2012/1/16,23.53
2012/1/17,23.39
2012/1/18,23.5
2012/1/19,23.95
2012/1/20,24.22
2012/1/23,24.32
2012/1/24,24.32
2012/1/25,24.28
2012/1/26,24.01
2012/1/27,24.19
2012/1/30,23.69
2012/1/31,23.33
2012/2/1,23.1
2012/2/2,22.95
2012/2/3,23.32
2012/2/6,23.79
2012/2/7,23.67
2012/2/8,23.75
2012/2/9,23.82
2012/2/10,23.91
2012/2/13,23.9
2012/2/14,23.49
2012/2/15,23.68
2012/2/16,23.82
2012/2/17,23.85
2012/2/20,24.18
2012/2/21,24.51
2012/2/22,24.79
2012/2/23,24.93
2012/2/24,25.24
2012/2/27,25.53
2012/2/28,25.53
2012/2/29,25.32
2012/3/1,24.47
2012/3/2,24.49
2012/3/5,24.18
2012/3/6,23.53
2012/3/7,23.39
2012/3/8,23.34
2012/3/9,23.13
2012/3/12,23.22
2012/3/13,23.54
2012/3/14,23.54
2012/3/15,23.8
2012/3/16,24.66
2012/3/19,24.61
2012/3/20,24.87
2012/3/21,24.85
2012/3/22,24.51
2012/3/23,24.8
2012/3/26,24.11
2012/3/27,23.78
2012/3/28,23.71
2012/3/29,23.99
2012/3/30,24.13
2012/4/2,24.08
2012/4/3,23.78
2012/4/4,23.91
2012/4/5,24.08
2012/4/6,23.98
2012/4/9,24.08
2012/4/10,23.51
2012/4/11,23.57
2012/4/12,23.85
2012/4/13,23.12
2012/4/16,22.62
2012/4/17,22.82
2012/4/18,22.23
2012/4/19,22
2012/4/20,21.82
2012/4/23,21.8
2012/4/24,21.86
2012/4/25,21.99
2012/4/26,21.4
2012/4/27,21.35
2012/4/30,21.27
2012/5/1,21.52
2012/5/2,21.13
2012/5/3,21.2
2012/5/4,21.2
2012/5/7,21.54
2012/5/8,20.97
2012/5/9,20.96
2012/5/10,20.99
2012/5/11,20.79
2012/5/14,20.82
2012/5/15,20.96
2012/5/16,21.23
2012/5/17,21.36
2012/5/18,20.98
2012/5/21,20.91
2012/5/22,20.38
2012/5/23,20.14
2012/5/24,20.18
2012/5/25,20.2
2012/5/28,20.15
2012/5/29,20.1
2012/5/30,20.02
2012/5/31,19.98
2012/6/1,19.69
2012/6/4,19.52
2012/6/5,19.59
2012/6/6,20.26
2012/6/7,20.08
2012/6/8,20.25
2012/6/11,20.53
2012/6/12,20.38
2012/6/13,20.38
2012/6/14,19.93
2012/6/15,20.51
2012/6/18,20.47
2012/6/19,21.23
2012/6/20,21.4
2012/6/21,21.19
2012/6/22,20.18
2012/6/25,20.3
2012/6/26,20.56
2012/6/27,21.29
2012/6/28,20.95
2012/6/29,21.44
2012/7/2,21.58
2012/7/3,22.04
2012/7/4,22.09
2012/7/5,22.14
2012/7/6,22.44
2012/7/9,22.92
2012/7/10,22.81
2012/7/11,23.09
2012/7/12,22.72
2012/7/13,22.97
2012/7/16,23
2012/7/17,22.98
2012/7/18,23.11
2012/7/19,23.34
2012/7/20,23.73
2012/7/23,23.72
2012/7/24,23.47
2012/7/25,23.59
2012/7/26,22.66
2012/7/27,22.67
2012/7/30,22.86
2012/7/31,22.69
2012/8/1,22.69
2012/8/2,22.24
2012/8/3,22.19
2012/8/6,22.02
2012/8/7,21.66
2012/8/8,21.35
2012/8/9,21.02
2012/8/10,20.96
2012/8/13,20.63
2012/8/14,20.62
2012/8/15,20.69
2012/8/16,20.65
2012/8/17,20.63
2012/8/20,20.89
2012/8/21,20.26
2012/8/22,20.35
2012/8/23,20.07
2012/8/24,20.04
2012/8/27,20.02
2012/8/28,20.52
2012/8/29,20.17
2012/8/30,20.21
2012/8/31,20.26
2012/9/3,20.07
2012/9/4,19.87
2012/9/5,19.52
2012/9/6,19.35
2012/9/7,19.75
2012/9/10,19.91
2012/9/11,19.93
2012/9/12,20.2
2012/9/13,20.22
2012/9/14,20.51
2012/9/17,20.55
2012/9/18,19.95
2012/9/19,19.49
2012/9/20,19.73
2012/9/21,19.88
2012/9/24,20.04
2012/9/25,20.45
2012/9/26,20.13
2012/9/27,20.14
2012/9/28,20.15
2012/10/1,20.09
2012/10/2,21.5
2012/10/3,21.51
2012/10/4,21.55
2012/10/5,21.48
2012/10/8,21.35
2012/10/9,21.36
2012/10/10,21.22
2012/10/11,20.37
2012/10/12,19.99
2012/10/15,19.79
2012/10/16,20.08
2012/10/17,20.05
2012/10/18,19.72
2012/10/19,20.13
2012/10/22,19.96
2012/10/23,19.55
2012/10/24,19.59
2012/10/25,19.44
2012/10/26,19.27
2012/10/29,19.31
2012/10/30,19.46
2012/10/31,19.46
2012/11/1,19.31
2012/11/2,19.4
2012/11/5,19.32
2012/11/6,19.63
2012/11/7,19.06
2012/11/8,18.94
2012/11/9,19.12
2012/11/12,19.38
2012/11/13,19.41
2012/11/14,19.28
2012/11/15,19.09
2012/11/16,19.19
2012/11/19,19.88
2012/11/20,19.86
2012/11/21,19.61
2012/11/22,19.39
2012/11/23,19.17
2012/11/26,19.2
2012/11/27,19.29
2012/11/28,19.21
2012/11/29,19.39
2012/11/30,19.38
2012/12/3,19.73
2012/12/4,19.41
2012/12/5,19.58
2012/12/6,19.44
2012/12/7,19.35
2012/12/10,18.9
2012/12/11,19.01
2012/12/12,18.7
2012/12/13,18.68
2012/12/14,19.12
2012/12/17,19.5
2012/12/18,19.52
2012/12/19,19.34
2012/12/20,19.37
2012/12/21,19.4
2012/12/24,19.18
2012/12/25,19.18
2012/12/26,19.22
2012/12/27,19.59
2012/12/28,19.54
2012/12/31,19.62
2013/1/1,19.62
2013/1/2,19.78
2013/1/3,19.24
2013/1/4,19.01
2013/1/7,19.08
2013/1/8,18.94
2013/1/9,18.99
2013/1/10,19.22
2013/1/11,19.39
2013/1/14,19.17
2013/1/15,18.91
2013/1/16,18.73
2013/1/17,18.65
2013/1/18,18.58
2013/1/21,18.44
2013/1/22,18.3
2013/1/23,18.61
2013/1/24,18.56
2013/1/25,18.52
2013/1/28,18.83
2013/1/29,18.53
2013/1/30,18.83
2013/1/31,18.92
2013/2/1,19.01
2013/2/4,18.83
2013/2/5,18.71
2013/2/6,18.3
2013/2/7,18.27
2013/2/8,18.26
2013/2/11,18.52
2013/2/12,18.14
2013/2/13,18.28
2013/2/14,17.89
2013/2/15,17.88
2013/2/18,17.98
2013/2/19,18.08
2013/2/20,18.24
2013/2/21,18.03
2013/2/22,18.23
2013/2/25,18.14
2013/2/26,18.03
2013/2/27,18.06
2013/2/28,18.41
2013/3/1,18.14
2013/3/4,18.28
2013/3/5,18.37
2013/3/6,18.32
2013/3/7,18.79
2013/3/8,18.76
2013/3/11,18.9
2013/3/12,18.87
2013/3/13,18.86
2013/3/14,18.9
2013/3/15,18.95
2013/3/18,18.44
2013/3/19,18.5
2013/3/20,18.53
2013/3/21,18.39
2013/3/22,18.34
2013/3/25,18.13
2013/3/26,17.96
2013/3/27,17.97
2013/3/28,17.84
2013/3/29,17.84
2013/4/1,17.85
2013/4/2,17.78
2013/4/3,17.7
2013/4/4,17.81
2013/4/5,17.79
2013/4/8,17.83
2013/4/9,17.85
2013/4/10,18.01
2013/4/11,17.93
2013/4/12,18.03
2013/4/15,17.76
2013/4/16,18.03
2013/4/17,17.92
2013/4/18,17.76
2013/4/19,18.03
2013/4/22,17.9
2013/4/23,17.82
2013/4/24,17.51
2013/4/25,17.51
2013/4/26,17.53
2013/4/29,17.59
2013/4/30,17.75
2013/5/1,17.89
2013/5/2,18.14
2013/5/3,18.06
2013/5/6,18.32
2013/5/7,18.18
2013/5/8,18.01
2013/5/9,18.03
2013/5/10,17.97
2013/5/13,17.82
2013/5/14,17.6
2013/5/15,17.5
2013/5/16,17.37
2013/5/17,17.41
2013/5/20,17.34
2013/5/21,17.42
2013/5/22,17.23
2013/5/23,17.32
2013/5/24,17.4
2013/5/27,17.4
2013/5/28,17.26
2013/5/29,17.18
2013/5/30,17.15
2013/5/31,17.1
2013/6/3,17
2013/6/4,16.94
2013/6/5,16.91
2013/6/6,16.96
2013/6/7,16.97
2013/6/10,16.94
2013/6/11,16.86
2013/6/12,16.77
2013/6/13,16.75
2013/6/14,17.28
2013/6/17,17.42
2013/6/18,17.24
2013/6/19,17.45
2013/6/20,16.83
2013/6/21,17.12
2013/6/24,17.34
2013/6/25,17.5
2013/6/26,17.47
2013/6/27,17.1
2013/6/28,17.01
2013/7/1,17.26
2013/7/2,17.1
2013/7/3,16.96
2013/7/4,16.89
2013/7/5,16.81
2013/7/8,16.86
2013/7/9,16.86
2013/7/10,16.77
2013/7/11,16.63
2013/7/12,16.59
2013/7/15,16.66
2013/7/16,16.51
2013/7/17,16.53
2013/7/18,16.64
2013/7/19,16.73
2013/7/22,16.84
2013/7/23,16.77
2013/7/24,16.59
2013/7/25,16.79
2013/7/26,16.83
2013/7/29,17.21
2013/7/30,17.22
2013/7/31,17.25
2013/8/1,17.14
2013/8/2,17.15
2013/8/5,16.95
2013/8/6,16.93
2013/8/7,17.16
2013/8/8,17.18
2013/8/9,17.32
2013/8/12,17.47
2013/8/13,17.53
2013/8/14,17.53
2013/8/15,17.47
2013/8/16,17.27
2013/8/19,16.88
2013/8/20,16.85
2013/8/21,16.68
2013/8/22,16.62
2013/8/23,16.79
2013/8/26,16.91
2013/8/27,16.76
2013/8/28,16.74
2013/8/29,16.69
2013/8/30,16.68
2013/9/2,16.75
2013/9/3,16.81
2013/9/4,16.74
2013/9/5,16.87
2013/9/6,17.11
2013/9/9,17.3
2013/9/10,17.45
2013/9/11,17.46
2013/9/12,17.52
2013/9/13,17.46
2013/9/16,17.3
2013/9/17,17.17
2013/9/18,17.26
2013/9/19,17.52
2013/9/20,17.52
2013/9/23,17.56
2013/9/24,17.72
2013/9/25,17.96
2013/9/26,17.93
2013/9/27,17.43
2013/9/30,17.9
2013/10/1,18.23
2013/10/2,18.38
2013/10/3,18.41
2013/10/4,18.38
2013/10/7,18.49
2013/10/8,18.53
2013/10/9,18.48
2013/10/10,18.61
2013/10/11,18.8
2013/10/14,18.91
2013/10/15,18.59
2013/10/16,18.86
2013/10/17,18.84
2013/10/18,19.23
2013/10/21,19.17
2013/10/22,19.2
2013/10/23,19.07
2013/10/24,18.8
2013/10/25,18.85
2013/10/28,18.73
2013/10/29,18.31
2013/10/30,18.2
2013/10/31,18.19
2013/11/1,18.09
2013/11/4,18.16
2013/11/5,18.09
2013/11/6,17.96
2013/11/7,17.9
2013/11/8,17.94
2013/11/11,17.83
2013/11/12,17.74
2013/11/13,17.68
2013/11/14,17.55
2013/11/15,17.5
2013/11/18,17.67
2013/11/19,17.6
2013/11/20,17.6
2013/11/21,17.57
2013/11/22,17.46
2013/11/25,17.39
2013/11/26,17.36
2013/11/27,17.31
2013/11/28,17.27
2013/11/29,17.23
2013/12/2,17.08
2013/12/3,16.94
2013/12/4,16.8
2013/12/5,16.8
2013/12/6,16.73
2013/12/9,16.68
2013/12/10,16.76
2013/12/11,16.65
2013/12/12,16.44
2013/12/13,16.4
2013/12/16,16.4
2013/12/17,16.11
2013/12/18,16.05
2013/12/19,16.3
2013/12/20,16.58
2013/12/23,16.38
2013/12/24,16.36
2013/12/25,16.36
2013/12/26,16.45
2013/12/27,16.57
2013/12/30,16.53
2013/12/31,16.57
