Date,Adj Close
2004/1/1,3479.8
2004/1/2,3501.87
2004/1/5,3623.03
2004/1/6,3672.28
2004/1/7,3725.91
2004/1/8,3764.46
2004/1/9,3696.42
2004/1/12,3765.57
2004/1/13,3748.02
2004/1/14,3712.32
2004/1/15,3706.61
2004/1/16,3729.34
2004/1/19,3729.34
2004/1/20,3729.34
2004/1/21,3729.34
2004/1/22,3729.34
2004/1/23,3729.34
2004/1/26,3729.34
2004/1/27,3729.34
2004/1/28,3729.34
2004/1/29,3816.88
2004/1/30,3716.87
2004/2/2,3774.88
2004/2/3,3797.99
2004/2/4,3866.9
2004/2/5,3844.55
2004/2/6,3822.2
2004/2/9,3899.51
2004/2/10,3892.23
2004/2/11,3876.08
2004/2/12,3850.03
2004/2/13,3842.03
2004/2/16,3924.06
2004/2/17,3940.19
2004/2/18,3984.7
2004/2/19,3966.42
2004/2/20,3986.66
2004/2/23,3898.54
2004/2/24,3896.66
2004/2/25,3833.05
2004/2/26,3892.96
2004/2/27,3919.92
2004/3/1,3967.7
2004/3/2,3933.79
2004/3/3,3897.85
2004/3/4,3934.49
2004/3/5,3908.56
2004/3/8,3827.85
2004/3/9,3822.17
2004/3/10,3902.79
2004/3/11,3952.78
2004/3/12,3948.44
2004/3/15,4050.48
2004/3/16,4061.16
2004/3/17,4078.35
2004/3/18,3999.7
2004/3/19,4058.96
2004/3/22,4072.22
2004/3/23,4027.23
2004/3/24,4030.79
2004/3/25,4043.8
2004/3/26,4061.53
2004/3/29,4008.08
2004/3/30,4009.14
2004/3/31,4060.14
2004/4/1,4092.69
2004/4/2,4132.54
2004/4/5,4126.7
2004/4/6,4157.82
2004/4/7,4170.28
2004/4/8,4147.81
2004/4/9,4051.96
2004/4/12,4047.27
2004/4/13,3995.65
2004/4/14,3922.58
2004/4/15,3903.61
2004/4/16,3941.07
2004/4/19,3898.28
2004/4/20,3854.48
2004/4/21,3819.88
2004/4/22,3827.85
2004/4/23,3782.71
2004/4/26,3770.25
2004/4/27,3754.59
2004/4/28,3702.8
2004/4/29,3600.04
2004/4/30,3613.17
2004/5/3,3613.17
2004/5/4,3613.17
2004/5/5,3613.17
2004/5/6,3613.17
2004/5/7,3613.17
2004/5/10,3476.99
2004/5/11,3492.97
2004/5/12,3596.38
2004/5/13,3575.91
2004/5/14,3489.9
2004/5/17,3460.2
2004/5/18,3487.12
2004/5/19,3503.3
2004/5/20,3475.29
2004/5/21,3514.22
2004/5/24,3499.85
2004/5/25,3436.69
2004/5/26,3469.2
2004/5/27,3561.86
2004/5/28,3548.69
2004/5/31,3577.65
2004/6/1,3632.46
2004/6/2,3597.3
2004/6/3,3533.87
2004/6/4,3522.89
2004/6/7,3479.41
2004/6/8,3440.72
2004/6/9,3387.17
2004/6/10,3401.38
2004/6/11,3381.69
2004/6/14,3302.52
2004/6/15,3366.33
2004/6/16,3396.89
2004/6/17,3306.04
2004/6/18,3263.7
2004/6/21,3290.96
2004/6/22,3326.52
2004/6/23,3299.14
2004/6/24,3290.2
2004/6/25,3255.6
2004/6/28,3230.78
2004/6/29,3288.66
2004/6/30,3275.85
2004/7/1,3384.89
2004/7/2,3391.76
2004/7/5,3381.21
2004/7/6,3398.19
2004/7/7,3364.87
2004/7/8,3369.69
2004/7/9,3345.85
2004/7/12,3277.31
2004/7/13,3298.01
2004/7/14,3296.37
2004/7/15,3341.81
2004/7/16,3442.07
2004/7/19,3444.34
2004/7/20,3417.27
2004/7/21,3414.82
2004/7/22,3338.91
2004/7/23,3334.69
2004/7/26,3297.95
2004/7/27,3275.02
2004/7/28,3303.24
2004/7/29,3329.12
2004/7/30,3283.37
2004/8/2,3257.66
2004/8/3,3228
2004/8/4,3318.5
2004/8/5,3268.33
2004/8/6,3274.43
2004/8/9,3298.3
2004/8/10,3304.76
2004/8/11,3270.68
2004/8/12,3227.52
2004/8/13,3245.81
2004/8/16,3217.07
2004/8/17,3226.62
2004/8/18,3233.85
2004/8/19,3190.33
2004/8/20,3185.72
2004/8/23,3151.74
2004/8/24,3182.53
2004/8/25,3165.07
2004/8/26,3156.98
2004/8/27,3115.25
2004/8/30,3122.09
2004/8/31,3175.79
2004/9/1,3127.06
2004/9/2,3141.73
2004/9/3,3126.2
2004/9/6,3125.03
2004/9/7,3130.77
2004/9/8,3109.12
2004/9/9,3044.73
2004/9/10,3059.29
2004/9/13,2997.88
2004/9/14,3077.43
2004/9/15,3210.31
2004/9/16,3238.41
2004/9/17,3347.07
2004/9/20,3473
2004/9/21,3460.25
2004/9/22,3405.17
2004/9/23,3530.3
2004/9/24,3494.21
2004/9/27,3467.78
2004/9/28,3512.32
2004/9/29,3477.88
2004/9/30,3453.91
2004/10/1,3453.91
2004/10/4,3453.91
2004/10/5,3453.91
2004/10/6,3453.91
2004/10/7,3453.91
2004/10/8,3548.41
2004/10/11,3531.12
2004/10/12,3435.69
2004/10/13,3446.76
2004/10/14,3312.27
2004/10/15,3301.23
2004/10/18,3313.51
2004/10/19,3325.62
2004/10/20,3330.72
2004/10/21,3291.92
2004/10/22,3334.58
2004/10/25,3246.03
2004/10/26,3284.25
2004/10/27,3296.69
2004/10/28,3292.5
2004/10/29,3216.35
2004/11/1,3182.13
2004/11/2,3159
2004/11/3,3195.28
2004/11/4,3112.34
2004/11/5,3122.28
2004/11/8,3122.19
2004/11/9,3136.05
2004/11/10,3254.46
2004/11/11,3223.2
2004/11/12,3227.44
2004/11/15,3267.85
2004/11/16,3274.23
2004/11/17,3236.83
2004/11/18,3284.36
2004/11/19,3300.32
2004/11/22,3305.27
2004/11/23,3273.48
2004/11/24,3255.06
2004/11/25,3253.24
2004/11/26,3259.94
2004/11/29,3225.07
2004/11/30,3226
2004/12/1,3210.45
2004/12/2,3196.9
2004/12/3,3205.48
2004/12/6,3202.84
2004/12/7,3172.19
2004/12/8,3177.01
2004/12/9,3219.65
2004/12/10,3195.87
2004/12/13,3195.81
2004/12/14,3185.99
2004/12/15,3212.51
2004/12/16,3190.17
2004/12/17,3157.35
2004/12/20,3104.7
2004/12/21,3097.92
2004/12/22,3169.32
2004/12/23,3123.04
2004/12/24,3125.5
2004/12/27,3123.6
2004/12/28,3117.03
2004/12/29,3110.41
2004/12/30,3112.43
2004/12/31,3067.57
2005/1/3,3063.58
2005/1/4,3025.42
2005/1/5,3052.86
2005/1/6,3028.73
2005/1/7,3035.59
2005/1/10,3062.73
2005/1/11,3069.57
2005/1/12,3064.34
2005/1/13,3074.36
2005/1/14,3055.52
2005/1/17,2999.02
2005/1/18,3022.41
2005/1/19,3001.25
2005/1/20,2969.12
2005/1/21,3055.81
2005/1/24,3111.4
2005/1/25,3141.86
2005/1/26,3122.62
2005/1/27,3070.58
2005/1/28,3065.6
2005/1/31,3045.48
2005/2/1,3066.23
2005/2/2,3221.21
2005/2/3,3196.54
2005/2/4,3266.01
2005/2/7,3266.01
2005/2/8,3266.01
2005/2/9,3266.01
2005/2/10,3266.01
2005/2/11,3266.01
2005/2/14,3266.01
2005/2/15,3266.01
2005/2/16,3283.88
2005/2/17,3264.34
2005/2/18,3233.57
2005/2/21,3298.47
2005/2/22,3382.98
2005/2/23,3383.06
2005/2/24,3379.49
2005/2/25,3385.44
2005/2/28,3376.32
2005/3/1,3348.45
2005/3/2,3301.76
2005/3/3,3334.46
2005/3/4,3332.15
2005/3/7,3368.67
2005/3/8,3451.82
2005/3/9,3464.66
2005/3/10,3373.54
2005/3/11,3408.84
2005/3/14,3420.54
2005/3/15,3366.68
2005/3/16,3341.12
2005/3/17,3296.17
2005/3/18,3255.28
2005/3/21,3276.52
2005/3/22,3249.5
2005/3/23,3220.07
2005/3/24,3214.98
2005/3/25,3214.85
2005/3/28,3213.31
2005/3/29,3208.44
2005/3/30,3137.46
2005/3/31,3170.35
2005/4/1,3284.95
2005/4/4,3244.25
2005/4/5,3244.93
2005/4/6,3312.64
2005/4/7,3343.77
2005/4/8,3397.32
2005/4/11,3357.03
2005/4/12,3310.81
2005/4/13,3371.49
2005/4/14,3324.93
2005/4/15,3304.3
2005/4/18,3261.32
2005/4/19,3267.54
2005/4/20,3222.53
2005/4/21,3207.56
2005/4/22,3176.92
2005/4/25,3160.62
2005/4/26,3180.19
2005/4/27,3163.01
2005/4/28,3204.73
2005/4/29,3156.67
2005/5/2,3156.67
2005/5/3,3156.67
2005/5/4,3156.67
2005/5/5,3156.67
2005/5/6,3156.67
2005/5/9,3031.5
2005/5/10,3067.98
2005/5/11,3000.6
2005/5/12,2930.79
2005/5/13,2921.5
2005/5/16,2889.01
2005/5/17,2903.99
2005/5/18,2883.77
2005/5/19,2898.29
2005/5/20,2900.83
2005/5/23,2840.97
2005/5/24,2869.58
2005/5/25,2869.65
2005/5/26,2839.55
2005/5/27,2806.11
2005/5/30,2794.2
2005/5/31,2801.66
2005/6/1,2716.78
2005/6/2,2630.61
2005/6/3,2627.02
2005/6/6,2729.2
2005/6/7,2709.48
2005/6/8,2936.57
2005/6/9,2951.14
2005/6/10,2882.27
2005/6/13,2879.77
2005/6/14,2853.52
2005/6/15,2795.06
2005/6/16,2823.81
2005/6/17,2790.65
2005/6/20,2868.04
2005/6/21,2829.62
2005/6/22,2842.46
2005/6/23,2839.5
2005/6/24,2848.34
2005/6/27,2914.97
2005/6/28,2870.25
2005/6/29,2847.8
2005/6/30,2760.23
2005/7/1,2728.72
2005/7/4,2737.22
2005/7/5,2716.56
2005/7/6,2696.5
2005/7/7,2697.94
2005/7/8,2650.61
2005/7/11,2651.8
2005/7/12,2742.86
2005/7/13,2734.37
2005/7/14,2738
2005/7/15,2716.67
2005/7/18,2676.39
2005/7/19,2684.76
2005/7/20,2716.51
2005/7/21,2724.26
2005/7/22,2782.89
2005/7/25,2758.67
2005/7/26,2831.56
2005/7/27,2886.52
2005/7/28,2893.59
2005/7/29,2887.57
2005/8/1,2890.82
2005/8/2,2940.23
2005/8/3,2989.4
2005/8/4,2969.31
2005/8/5,3047.33
2005/8/8,3061.79
2005/8/9,3062.83
2005/8/10,3062.94
2005/8/11,3128.42
2005/8/12,3065.73
2005/8/15,3119.15
2005/8/16,3085.49
2005/8/17,3097.03
2005/8/18,3001.4
2005/8/19,3002.14
2005/8/22,3030.41
2005/8/23,2992.37
2005/8/24,2996.65
2005/8/25,2973.82
2005/8/26,2952.73
2005/8/29,2912.06
2005/8/30,2909.81
2005/8/31,2950.43
2005/9/1,3003.87
2005/9/2,3012.15
2005/9/5,3016.23
2005/9/6,2978.17
2005/9/7,3025.69
2005/9/8,3035.28
2005/9/9,3009.35
2005/9/12,2999.22
2005/9/13,3041.64
2005/9/14,3073.57
2005/9/15,3068.95
2005/9/16,3061.06
2005/9/19,3064.07
2005/9/20,3019.92
2005/9/21,2965.56
2005/9/22,2905.68
2005/9/23,2892.85
2005/9/26,2895.72
2005/9/27,2844.83
2005/9/28,2847.56
2005/9/29,2884.65
2005/9/30,2903.11
2005/10/3,2903.11
2005/10/4,2903.11
2005/10/5,2903.11
2005/10/6,2903.11
2005/10/7,2903.11
2005/10/10,2858.6
2005/10/11,2886.97
2005/10/12,2891.21
2005/10/13,2870.32
2005/10/14,2830.76
2005/10/17,2798.98
2005/10/18,2794.71
2005/10/19,2770.63
2005/10/20,2762.11
2005/10/21,2775.82
2005/10/24,2789.18
2005/10/25,2744.98
2005/10/26,2662.79
2005/10/27,2667.63
2005/10/28,2631.52
2005/10/31,2662.29
2005/11/1,2661.61
2005/11/2,2691.82
2005/11/3,2675.57
2005/11/4,2687.02
2005/11/7,2686.28
2005/11/8,2693.3
2005/11/9,2703.11
2005/11/10,2660.33
2005/11/11,2664.05
2005/11/14,2633.66
2005/11/15,2622.03
2005/11/16,2639.5
2005/11/17,2643.05
2005/11/18,2721.87
2005/11/21,2732.75
2005/11/22,2687.24
2005/11/23,2706.08
2005/11/24,2716.8
2005/11/25,2725.06
2005/11/28,2713.49
2005/11/29,2682.11
2005/11/30,2676.85
2005/12/1,2684.56
2005/12/2,2680.64
2005/12/5,2643.93
2005/12/6,2659.02
2005/12/7,2676.85
2005/12/8,2691.45
2005/12/9,2724.19
2005/12/12,2736.92
2005/12/13,2758.77
2005/12/14,2789.99
2005/12/15,2777.91
2005/12/16,2801.64
2005/12/19,2793.75
2005/12/20,2804.79
2005/12/21,2788.67
2005/12/22,2805.38
2005/12/23,2827.19
2005/12/26,2848.3
2005/12/27,2834.22
2005/12/28,2834.6
2005/12/29,2879.97
2005/12/30,2863.61
2006/1/2,2863.61
2006/1/3,2863.61
2006/1/4,2948.8
2006/1/5,3037.97
2006/1/6,3053.31
2006/1/9,3064.85
2006/1/10,3079.92
2006/1/11,3043.97
2006/1/12,3084.19
2006/1/13,3045.57
2006/1/16,2985.3
2006/1/17,3024.55
2006/1/18,3123.04
2006/1/19,3161.18
2006/1/20,3153.35
2006/1/23,3154.1
2006/1/24,3198.15
2006/1/25,3242.35
2006/1/26,3242.35
2006/1/27,3242.35
2006/1/30,3242.35
2006/1/31,3242.35
2006/2/1,3242.35
2006/2/2,3242.35
2006/2/3,3242.35
2006/2/6,3359.5
2006/2/7,3358.69
2006/2/8,3335.68
2006/2/9,3262.52
2006/2/10,3321.91
2006/2/13,3307.7
2006/2/14,3334.68
2006/2/15,3362.15
2006/2/16,3277.13
2006/2/17,3295.87
2006/2/20,3308.53
2006/2/21,3359.69
2006/2/22,3363.03
2006/2/23,3358.97
2006/2/24,3390.87
2006/2/27,3345.44
2006/2/28,3351.64
2006/3/1,3378.18
2006/3/2,3342.68
2006/3/3,3350.42
2006/3/6,3330.05
2006/3/7,3233.47
2006/3/8,3199.94
2006/3/9,3184.93
2006/3/10,3213.51
2006/3/13,3277.75
2006/3/14,3269.5
2006/3/15,3312.06
2006/3/16,3309.42
2006/3/17,3300.35
2006/3/20,3345.63
2006/3/21,3370.86
2006/3/22,3399.9
2006/3/23,3405.24
2006/3/24,3392.49
2006/3/27,3445.59
2006/3/28,3488.78
2006/3/29,3520.38
2006/3/30,3488.07
2006/3/31,3516.4
2006/4/3,3606.62
2006/4/4,3627.44
2006/4/5,3668.27
2006/4/6,3716.52
2006/4/7,3703.58
2006/4/10,3735.26
2006/4/11,3780.07
2006/4/12,3729.6
2006/4/13,3665.24
2006/4/14,3760.03
2006/4/17,3760.63
2006/4/18,3803.72
2006/4/19,3835.43
2006/4/20,3847.79
2006/4/21,3857.29
2006/4/24,3775.57
2006/4/25,3805.84
2006/4/26,3821.78
2006/4/27,3842.11
2006/4/28,3848.1
2006/5/1,3848.1
2006/5/2,3848.1
2006/5/3,3848.1
2006/5/4,3848.1
2006/5/5,3848.1
2006/5/8,4015.79
2006/5/9,4132.15
2006/5/10,4147.36
2006/5/11,4093.82
2006/5/12,4173.77
2006/5/15,4358.63
2006/5/16,4252.89
2006/5/17,4296.99
2006/5/18,4296.07
2006/5/19,4369.4
2006/5/22,4370.46
2006/5/23,4165.43
2006/5/24,4141.32
2006/5/25,4135.48
2006/5/26,4217.03
2006/5/29,4327.89
2006/5/30,4348.74
2006/5/31,4292.1
2006/6/1,4360.46
2006/6/2,4261.02
2006/6/5,4303.81
2006/6/6,4294.49
2006/6/7,4095.32
2006/6/8,4075.28
2006/6/9,4010.54
2006/6/12,4018.85
2006/6/13,4004.84
2006/6/14,3938.76
2006/6/15,3944.6
2006/6/16,4058.3
2006/6/19,4106.08
2006/6/20,4112.24
2006/6/21,4081.29
2006/6/22,4070.18
2006/6/23,4111.69
2006/6/26,4202.36
2006/6/27,4206.44
2006/6/28,4193.05
2006/6/29,4301.44
2006/6/30,4301.66
2006/7/3,4398.38
2006/7/4,4345.57
2006/7/5,4291.26
2006/7/6,4348.45
2006/7/7,4322.85
2006/7/10,4336.24
2006/7/11,4323.49
2006/7/12,4350.81
2006/7/13,4149.06
2006/7/14,4187.49
2006/7/17,4229.1
2006/7/18,4235.1
2006/7/19,4109.66
2006/7/20,4135.88
2006/7/21,4178.98
2006/7/24,4183.28
2006/7/25,4221.84
2006/7/26,4199.28
2006/7/27,4129.91
2006/7/28,4080.62
2006/7/31,3946.9
2006/8/1,3919.56
2006/8/2,3892.4
2006/8/3,3883.15
2006/8/4,3820.48
2006/8/7,3780.38
2006/8/8,3868.7
2006/8/9,3852.73
2006/8/10,3905.44
2006/8/11,3909.66
2006/8/14,3853.75
2006/8/15,3912.22
2006/8/16,3972.71
2006/8/17,3939.59
2006/8/18,3924.27
2006/8/21,3932.17
2006/8/22,3977.9
2006/8/23,3975.72
2006/8/24,3977.34
2006/8/25,3997.54
2006/8/28,4114.38
2006/8/29,4140.15
2006/8/30,4157.56
2006/8/31,4178.84
2006/9/1,4128.75
2006/9/4,4181.45
2006/9/5,4165.86
2006/9/6,4171.18
2006/9/7,4119.05
2006/9/8,4111.03
2006/9/11,4135.65
2006/9/12,4153.27
2006/9/13,4117.89
2006/9/14,4102.28
2006/9/15,4183.76
2006/9/18,4238.28
2006/9/19,4223.83
2006/9/20,4247.76
2006/9/21,4282.71
2006/9/22,4269.93
2006/9/25,4271.97
2006/9/26,4210.64
2006/9/27,4241.94
2006/9/28,4288.37
2006/9/29,4326.78
2006/10/2,4326.78
2006/10/3,4326.78
2006/10/4,4326.78
2006/10/5,4326.78
2006/10/6,4326.78
2006/10/9,4407.73
2006/10/10,4382.55
2006/10/11,4375.59
2006/10/12,4348.76
2006/10/13,4380.55
2006/10/16,4332.5
2006/10/17,4343.67
2006/10/18,4438.23
2006/10/19,4438.16
2006/10/20,4448.44
2006/10/23,4356.39
2006/10/24,4452.69
2006/10/25,4515.36
2006/10/26,4584.58
2006/10/27,4558.42
2006/10/30,4560.28
2006/10/31,4621.98
2006/11/1,4643.17
2006/11/2,4657.13
2006/11/3,4690.43
2006/11/6,4785.37
2006/11/7,4830.29
2006/11/8,4778.2
2006/11/9,4869.61
2006/11/10,4777.63
2006/11/13,4663.4
2006/11/14,4725.32
2006/11/15,4937.06
2006/11/16,4945.62
2006/11/17,5067.51
2006/11/20,5177.97
2006/11/21,5239.1
2006/11/22,5276.67
2006/11/23,5292.43
2006/11/24,5297.08
2006/11/27,5384.02
2006/11/28,5362
2006/11/29,5457.51
2006/11/30,5667
2006/12/1,5748.06
2006/12/4,5875.59
2006/12/5,5928.03
2006/12/6,5838.5
2006/12/7,5811.52
2006/12/8,5641.48
2006/12/11,5951.29
2006/12/12,5983.14
2006/12/13,5972.47
2006/12/14,6044.28
2006/12/15,6168.49
2006/12/18,6393.33
2006/12/19,6369.14
2006/12/20,6439.44
2006/12/21,6334.17
2006/12/22,6242.17
2006/12/25,6382.6
2006/12/26,6356.47
2006/12/27,6489.69
2006/12/28,6436.29
2006/12/29,6647.14
2007/1/4,6705.34
2007/1/5,6706.24
2007/1/8,6870.5
2007/1/9,7078.59
2007/1/10,7346.02
2007/1/11,7289.59
2007/1/12,7187.02
2007/1/15,7636.45
2007/1/16,8002.89
2007/1/17,7775.65
2007/1/18,7790.87
2007/1/19,8065.31
2007/1/22,8343.07
2007/1/23,8311.26
2007/1/24,8366.58
2007/1/25,8013.25
2007/1/26,8223.3
2007/1/29,8359.99
2007/1/30,8262.33
2007/1/31,7632.94
2007/2/1,7700.64
2007/2/2,7348.03
2007/2/5,7292.95
2007/2/6,7341.53
2007/2/7,7541.74
2007/2/8,7691.46
2007/2/9,7627.94
2007/2/12,7951.58
2007/2/13,8104.27
2007/2/14,8315.91
2007/2/15,8582.91
2007/2/16,8572.27
2007/2/26,8588.69
2007/2/27,7790.82
2007/2/28,8039.7
2007/3/1,7804.35
2007/3/2,7923.33
2007/3/5,7826.56
2007/3/6,7924.81
2007/3/7,8140.33
2007/3/8,8249.21
2007/3/9,8146.44
2007/3/12,8130.75
2007/3/13,8200.61
2007/3/14,8090.47
2007/3/15,8273.53
2007/3/16,8147.32
2007/3/19,8276.8
2007/3/20,8294.62
2007/3/21,8400.3
2007/3/22,8434.83
2007/3/23,8489.86
2007/3/26,8631.39
2007/3/27,8629.22
2007/3/28,8587.35
2007/3/29,8579.32
2007/3/30,8549.2
2007/4/2,8785.83
2007/4/3,8963.47
2007/4/4,9090.46
2007/4/5,9161.48
2007/4/6,9268.23
2007/4/9,9475.71
2007/4/10,9652.68
2007/4/11,9753.78
2007/4/12,9964.78
2007/4/13,10019.9
2007/4/16,10249.1
2007/4/17,10289
2007/4/18,10401.6
2007/4/19,9857.23
2007/4/20,10258.6
2007/4/23,10685.1
2007/4/24,10669
2007/4/25,10668.3
2007/4/26,10848.8
2007/4/27,10688.6
2007/4/30,10865.9
2007/5/8,11401.1
2007/5/9,11517.7
2007/5/10,11574.2
2007/5/11,11489.9
2007/5/14,11732.1
2007/5/15,11414.5
2007/5/16,11682.3
2007/5/17,12011.1
2007/5/18,12100.1
2007/5/21,12269.2
2007/5/22,12407.8
2007/5/23,12624.1
2007/5/24,12515.2
2007/5/25,12681.4
2007/5/28,13026.7
2007/5/29,13456.6
2007/5/30,12627.1
2007/5/31,12944.2
2007/6/1,12432.7
2007/6/4,11468.5
2007/6/5,12017.7
2007/6/6,12338.2
2007/6/7,12696
2007/6/8,12850.7
2007/6/11,13187.7
2007/6/12,13579.7
2007/6/13,13811.5
2007/6/14,13666.3
2007/6/15,13697.2
2007/6/18,14194.5
2007/6/19,14336.4
2007/6/20,14107.2
2007/6/21,14255.6
2007/6/22,13725.7
2007/6/25,13109.3
2007/6/26,13219.4
2007/6/27,13583.7
2007/6/28,12872.6
2007/6/29,12546.4
2007/7/2,12475.2
2007/7/3,12761.1
2007/7/4,12509.1
2007/7/5,11783.6
2007/7/6,12395.3
2007/7/9,12846.4
2007/7/10,12682
2007/7/11,12785.7
2007/7/12,12850.7
2007/7/13,12816.4
2007/7/16,12331.2
2007/7/17,12760
2007/7/18,12841.5
2007/7/19,12790.9
2007/7/20,13418
2007/7/23,14139.3
2007/7/24,14191
2007/7/25,14403.1
2007/7/26,14619.7
2007/7/27,14614.1
2007/7/30,15060.9
2007/7/31,15199.6
2007/8/1,14795.2
2007/8/2,15562.1
2007/8/3,16179.6
2007/8/6,16542.8
2007/8/7,16523.3
2007/8/8,16193.7
2007/8/9,16680.4
2007/8/10,16323.4
2007/8/13,16116.1
2007/8/14,16351.9
2007/8/15,16322.5
2007/8/16,16053.1
2007/8/17,15689
2007/8/20,16589.8
2007/8/21,16860
2007/8/22,17332
2007/8/23,17639.2
2007/8/24,17864.7
2007/8/27,17884.8
2007/8/28,17817.9
2007/8/29,17443.2
2007/8/30,17659.3
2007/8/31,17872.1
2007/9/3,18164
2007/9/4,18050.8
2007/9/5,18002
2007/9/6,18073.8
2007/9/7,17674.1
2007/9/10,17918.5
2007/9/11,17129.4
2007/9/12,17398.4
2007/9/13,17959.5
2007/9/14,18213.7
2007/9/17,18494.4
2007/9/18,18316.4
2007/9/19,18073.3
2007/9/20,18221.7
2007/9/21,18228.6
2007/9/24,18418.5
2007/9/25,18346.4
2007/9/26,17992.3
2007/9/27,18281.1
2007/9/28,18864.5
2007/10/8,19232.3
2007/10/9,19318.2
2007/10/10,19264
2007/10/11,19344.2
2007/10/12,19135.2
2007/10/15,19088.7
2007/10/16,19358.4
2007/10/17,19288.3
2007/10/18,18681.3
2007/10/19,18834.8
2007/10/22,18379.4
2007/10/23,18611.2
2007/10/24,18761.9
2007/10/25,18175.3
2007/10/26,18506.5
2007/10/29,18833.7
2007/10/30,19034.6
2007/10/31,19531.2
2007/11/1,19144.6
2007/11/2,18564.3
2007/11/5,18116.9
2007/11/6,18120.6
2007/11/7,18233
2007/11/8,17465.5
2007/11/9,17160.1
2007/11/12,17065.8
2007/11/13,16747.9
2007/11/14,17355.6
2007/11/15,17096.9
2007/11/16,16728.3
2007/11/19,16660.7
2007/11/20,16987.5
2007/11/21,16748.2
2007/11/22,15949.4
2007/11/23,16217.5
2007/11/26,16057.2
2007/11/27,15681
2007/11/28,15359.2
2007/11/29,15919.3
2007/11/30,15637.7
2007/12/3,15833
2007/12/4,16065.2
2007/12/5,16569.8
2007/12/6,16539.1
2007/12/7,16750.4
2007/12/10,17096.5
2007/12/11,17036.9
2007/12/12,16831.6
2007/12/13,16035.2
2007/12/14,16483.5
2007/12/17,16119
2007/12/18,16074.1
2007/12/19,16387
2007/12/20,16625.4
2007/12/21,16808.7
2007/12/24,17153.9
2007/12/25,17199
2007/12/26,17427.8
2007/12/27,17797.2
2007/12/28,17700.6
2007/12/31,17700.6
2008/1/2,17856.1
2008/1/3,17911.3
2008/1/4,18122.4
2008/1/7,18377
2008/1/8,18268.1
2008/1/9,18597.6
2008/1/10,18939.3
2008/1/11,19016.6
2008/1/14,19141.1
2008/1/15,19034
2008/1/16,18352
2008/1/17,17910.4
2008/1/18,18131.4
2008/1/21,17210.9
2008/1/22,15995.9
2008/1/23,16874.3
2008/1/24,17086.6
2008/1/25,17294
2008/1/28,16177.8
2008/1/29,16205.9
2008/1/30,16127.7
2008/1/31,15857.7
2008/2/1,15776.9
2008/2/4,17031.7
2008/2/5,16859.6
2008/2/13,16502.4
2008/2/14,16704.9
2008/2/15,16496.2
2008/2/18,16860.5
2008/2/19,17281.6
2008/2/20,16959.2
2008/2/21,16804.3
2008/2/22,16179.5
2008/2/25,15486.7
2008/2/26,15328.4
2008/2/27,15752.4
2008/2/28,15654.5
2008/2/29,15823.9
2008/3/3,16187.5
2008/3/4,15746.2
2008/3/5,15601.2
2008/3/6,15696.1
2008/3/7,15560.9
2008/3/10,14863.1
2008/3/11,14815.7
2008/3/12,14348.5
2008/3/13,13943.2
2008/3/14,13817.7
2008/3/17,13207.8
2008/3/18,12489
2008/3/19,13044.2
2008/3/20,13548.6
2008/3/21,13719
2008/3/24,13098.2
2008/3/25,13427.3
2008/3/26,13489.1
2008/3/27,13111.4
2008/3/28,13692.8
2008/3/31,13302.1
2008/4/1,12460.6
2008/4/2,12344.2
2008/4/3,12652.9
2008/4/7,13396.6
2008/4/8,13592.6
2008/4/9,13078.8
2008/4/10,13286.7
2008/4/11,13328.1
2008/4/14,12343.6
2008/4/15,12390.8
2008/4/16,12057.3
2008/4/17,11657.1
2008/4/18,11292
2008/4/21,11094.3
2008/4/22,11174.8
2008/4/23,11784.2
2008/4/24,12914.8
2008/4/25,13105
2008/4/28,12782.5
2008/4/29,12880.9
2008/4/30,13504.9
2008/5/5,13860.8
2008/5/6,13702.6
2008/5/7,12979.2
2008/5/8,13317.5
2008/5/9,13080.4
2008/5/12,13166.1
2008/5/13,13074.2
2008/5/14,13532.3
2008/5/15,13410.2
2008/5/16,13314.4
2008/5/19,13197.6
2008/5/20,12449.8
2008/5/21,12659.8
2008/5/22,12366.2
2008/5/23,12216.4
2008/5/26,11890.2
2008/5/27,11998.4
2008/5/28,12313.7
2008/5/29,11947.1
2008/5/30,12048.2
2008/6/2,12057.2
2008/6/3,11991.6
2008/6/4,11970.5
2008/6/5,11860.3
2008/6/6,11734
2008/6/10,10765.9
2008/6/11,10458.1
2008/6/12,10340.1
2008/6/13,9936.73
2008/6/16,9825.27
2008/6/17,9429.5
2008/6/18,9903.14
2008/6/19,9161.56
2008/6/20,9373.69
2008/6/23,9238.86
2008/6/24,9525.66
2008/6/25,9982.18
2008/6/26,9999.66
2008/6/27,9436.21
2008/6/30,9370.78
2008/7/1,9096.97
2008/7/2,9162.14
2008/7/3,9398.17
2008/7/4,9400.72
2008/7/7,9902.98
2008/7/8,9950.27
2008/7/9,10355.4
2008/7/10,10178.6
2008/7/11,10031.4
2008/7/14,10054.3
2008/7/15,9649.02
2008/7/16,9323.38
2008/7/17,9288.37
2008/7/18,9588.4
2008/7/21,9870.99
2008/7/22,9851.29
2008/7/23,9734.72
2008/7/24,10006
2008/7/25,9923.16
2008/7/28,9974.14
2008/7/29,9791.87
2008/7/30,9715.79
2008/7/31,9470.33
2008/8/1,9556.91
2008/8/4,9375.69
2008/8/5,9080.21
2008/8/6,9047.14
2008/8/7,9035.29
2008/8/8,8658.78
2008/8/11,8170.15
2008/8/12,8192.8
2008/8/13,8249.64
2008/8/14,8278.65
2008/8/15,8233.41
2008/8/18,7833.09
2008/8/19,7963.57
2008/8/20,8531.15
2008/8/21,8243.03
2008/8/22,8101.68
2008/8/25,8065.45
2008/8/26,7887.37
2008/8/27,7827.16
2008/8/28,7817.05
2008/8/29,8004.24
2008/9/1,7685.23
2008/9/2,7578.36
2008/9/3,7413.55
2008/9/4,7473.6
2008/9/5,7264.2
2008/9/8,7004
2008/9/9,7022.18
2008/9/10,7065.46
2008/9/11,6876.25
2008/9/12,6935.07
2008/9/16,6873.61
2008/9/17,6680.06
2008/9/18,6563.07
2008/9/19,7154
2008/9/22,7469.07
2008/9/23,7062.08
2008/9/24,7083.45
2008/9/25,7376.84
2008/9/26,7559.27
2008/10/6,7217.32
2008/10/7,7181.28
2008/10/8,6924.48
2008/10/9,6758.21
2008/10/10,6385.35
2008/10/13,6571.59
2008/10/14,6473.12
2008/10/15,6406.35
2008/10/16,6166.56
2008/10/17,6209.5
2008/10/20,6426.29
2008/10/21,6389.19
2008/10/22,6278.04
2008/10/23,6325.31
2008/10/24,6158.95
2008/10/27,5734.81
2008/10/28,5891.12
2008/10/29,5798.67
2008/10/30,5909.66
2008/10/31,5839.33
2008/11/3,5825
2008/11/4,5668.81
2008/11/5,5865.78
2008/11/6,5720.55
2008/11/7,5753.1
2008/11/10,6127.12
2008/11/11,6099.77
2008/11/12,6116.67
2008/11/13,6364.03
2008/11/14,6660.41
2008/11/17,6783.03
2008/11/18,6293.3
2008/11/19,6679.94
2008/11/20,6696.83
2008/11/21,6711.35
2008/11/24,6466.19
2008/11/25,6489
2008/11/26,6533.87
2008/11/27,6683.24
2008/11/28,6658.51
2008/12/1,6763.97
2008/12/2,6795.81
2008/12/3,7041.07
2008/12/4,7130.93
2008/12/5,7279.15
2008/12/8,7528.63
2008/12/9,7360.99
2008/12/10,7490.29
2008/12/11,7361.49
2008/12/12,7092.71
2008/12/15,7101.42
2008/12/16,7250.32
2008/12/17,7286.87
2008/12/18,7412.47
2008/12/19,7438.83
2008/12/22,7295.12
2008/12/23,6952.91
2008/12/24,6845.6
2008/12/25,6785.04
2008/12/26,6704.25
2008/12/29,6653.2
2008/12/30,6558.16
2008/12/31,6485.51
2009/1/5,6634.88
2009/1/6,6795.34
2009/1/7,6725.82
2009/1/8,6616.98
2009/1/9,6719.88
2009/1/12,6719.91
2009/1/13,6530.81
2009/1/14,6811.87
2009/1/15,6798.53
2009/1/16,6917.48
2009/1/19,6982.59
2009/1/20,7020.51
2009/1/21,6970.81
2009/1/22,7050.88
2009/1/23,7015.24
2009/1/26,7015.24
2009/1/27,7015.24
2009/1/28,7015.24
2009/1/29,7015.24
2009/1/30,7015.24
2009/2/2,7087.61
2009/2/3,7266.41
2009/2/4,7477.63
2009/2/5,7413.42
2009/2/6,7771.9
2009/2/9,8087.69
2009/2/10,8265.56
2009/2/11,8289.21
2009/2/12,8318.8
2009/2/13,8628.75
2009/2/16,8771.04
2009/2/17,8461.16
2009/2/18,8083.5
2009/2/19,8213.9
2009/2/20,8423.77
2009/2/23,8727.7
2009/2/24,8403.02
2009/2/25,8241.66
2009/2/26,7777.9
2009/2/27,7608.22
2009/3/2,7762.72
2009/3/3,7695.62
2009/3/4,8227.69
2009/3/5,8242.28
2009/3/6,8249.88
2009/3/9,7946.79
2009/3/10,8045.66
2009/3/11,7941.51
2009/3/12,7933.51
2009/3/13,7875.74
2009/3/16,8022.69
2009/3/17,8389.87
2009/3/18,8465.96
2009/3/19,8622.47
2009/3/20,8647.51
2009/3/23,8885.75
2009/3/24,8954.84
2009/3/25,8756.25
2009/3/26,8983.87
2009/3/27,8994.15
2009/3/30,8910.42
2009/3/31,8981.95
2009/4/1,9156.01
2009/4/2,9300.92
2009/4/3,9244.66
2009/4/6,9244.66
2009/4/7,9232.26
2009/4/8,8896.97
2009/4/9,9030.31
2009/4/10,9345.44
2009/4/13,9539.8
2009/4/14,9678.18
2009/4/15,9724.58
2009/4/16,9711.36
2009/4/17,9580.06
2009/4/20,9793.64
2009/4/21,9640.9
2009/4/22,9249.08
2009/4/23,9360.84
2009/4/24,9315.21
2009/4/27,9082.22
2009/4/28,9104.3
2009/4/29,9383.21
2009/4/30,9502.52
2009/5/1,9502.52
2009/5/4,9899.67
2009/5/5,9947.81
2009/5/6,10149.1
2009/5/7,10108.9
2009/5/8,10183.1
2009/5/11,9868.79
2009/5/12,10179.2
2009/5/13,10294.4
2009/5/14,10252.1
2009/5/15,10273.2
2009/5/18,10314
2009/5/19,10424.4
2009/5/20,10369.1
2009/5/21,10108.9
2009/5/22,10072.6
2009/5/25,10182.2
2009/5/26,10022.3
2009/5/27,10127.9
2009/5/28,10127.9
2009/5/29,10127.9
2009/6/1,10421.3
2009/6/2,10484.3
2009/6/3,10712.3
2009/6/4,10733.7
2009/6/5,10667.1
2009/6/8,10611.7
2009/6/9,10740.1
2009/6/10,10820.7
2009/6/11,10699.9
2009/6/12,10524.1
2009/6/15,10769
2009/6/16,10797.2
2009/6/17,11040.5
2009/6/18,11151.6
2009/6/19,11242.3
2009/6/22,11190.7
2009/6/23,11125.7
2009/6/24,11381.6
2009/6/25,11385.9
2009/6/26,11413.2
2009/6/29,11605.5
2009/6/30,11566.6
2009/7/1,11848.7
2009/7/2,11970.7
2009/7/3,12258.8
2009/7/6,12489.9
2009/7/7,12362.4
2009/7/8,12488.6
2009/7/9,12637.9
2009/7/10,12706
2009/7/13,12660.5
2009/7/14,12991.1
2009/7/15,13079.3
2009/7/16,13081.9
2009/7/17,13132
2009/7/20,13381.2
2009/7/21,13177.2
2009/7/22,13353.2
2009/7/23,13521.7
2009/7/24,13531.7
2009/7/27,13743.4
2009/7/28,13836.7
2009/7/29,13070.6
2009/7/30,13272.5
2009/7/31,13670.7
2009/8/3,13857
2009/8/4,13904.5
2009/8/5,13782.9
2009/8/6,13496
2009/8/7,12975.3
2009/8/10,12973.6
2009/8/11,13137.1
2009/8/12,12591.7
2009/8/13,12802.9
2009/8/14,12499.7
2009/8/17,11668.8
2009/8/18,11773.3
2009/8/19,11209.9
2009/8/20,11648.4
2009/8/21,11892
2009/8/24,12075.8
2009/8/25,11688.2
2009/8/26,11995
2009/8/27,11897.7
2009/8/28,11450.1
2009/8/31,10585.1
2009/9/1,10614.3
2009/9/2,10739
2009/9/3,11404.1
2009/9/4,11519.7
2009/9/7,11635.5
2009/9/8,11923.3
2009/9/9,12047.2
2009/9/10,11887
2009/9/11,12096.3
2009/9/14,12385.1
2009/9/15,12438.2
2009/9/16,12294.9
2009/9/17,12473.6
2009/9/18,11977.4
2009/9/21,12045.2
2009/9/22,11813.5
2009/9/23,11462.3
2009/9/24,11475.9
2009/9/25,11384.2
2009/9/28,11086.7
2009/9/29,11069.3
2009/9/30,11206.8
2009/10/1,11206.8
2009/10/2,11206.8
2009/10/5,11206.8
2009/10/6,11206.8
2009/10/7,11206.8
2009/10/8,11206.8
2009/10/9,11801.2
2009/10/12,11743.9
2009/10/13,11874.9
2009/10/14,11975.9
2009/10/15,12010.2
2009/10/16,12033.4
2009/10/19,12483.3
2009/10/20,12676.2
2009/10/21,12692.7
2009/10/22,12624.7
2009/10/23,12843.2
2009/10/26,12815.3
2009/10/27,12412.4
2009/10/28,12505.3
2009/10/29,12193.2
2009/10/30,12297.2
2009/11/2,12715.7
2009/11/3,12859.9
2009/11/4,12931.2
2009/11/5,12901.7
2009/11/6,12987.2
2009/11/9,13036.3
2009/11/10,13151.5
2009/11/11,13106.9
2009/11/12,13180.3
2009/11/13,13264.4
2009/11/16,13699.7
2009/11/17,13671.1
2009/11/18,13642.3
2009/11/19,13699.5
2009/11/20,13695.1
2009/11/23,13854.7
2009/11/24,13453.3
2009/11/25,13814.6
2009/11/26,13287.4
2009/11/27,12876.1
2009/11/30,13486.8
2009/12/1,13682.2
2009/12/2,13800.5
2009/12/3,13759.8
2009/12/4,13884.9
2009/12/7,14051.5
2009/12/8,13930.3
2009/12/9,13772.2
2009/12/10,13868.8
2009/12/11,13875.9
2009/12/14,13940.4
2009/12/15,13825.8
2009/12/16,13665
2009/12/17,13391.7
2009/12/18,12915
2009/12/21,13011.2
2009/12/22,12647.5
2009/12/23,12813.3
2009/12/24,13305.3
2009/12/25,13289.9
2009/12/28,13464
2009/12/29,13504
2009/12/30,13644.5
2009/12/31,13700
2010/1/4,13533.5
2010/1/5,13517.4
2010/1/6,13505.2
2010/1/7,13235.5
2010/1/8,13267.4
2010/1/11,13161.1
2010/1/12,13381.2
2010/1/13,13016.6
2010/1/14,13204.2
2010/1/15,13264.4
2010/1/18,13361.5
2010/1/19,13350.7
2010/1/20,12916.2
2010/1/21,12917.2
2010/1/22,12595.9
2010/1/25,12470.2
2010/1/26,12162.6
2010/1/27,12046.8
2010/1/28,12120.5
2010/1/29,12137.2
2010/2/1,11989.1
2010/2/2,11912.9
2010/2/3,12262.6
2010/2/4,12169.5
2010/2/5,11917.1
2010/2/8,11947.3
2010/2/9,11970.4
2010/2/10,12185.4
2010/2/11,12224.6
2010/2/12,12304.8
2010/2/15,12304.8
2010/2/16,12304.8
2010/2/17,12304.8
2010/2/18,12304.8
2010/2/22,12213.5
2010/2/23,12069.2
2010/2/24,12282.1
2010/2/25,12494.3
2010/2/26,12436.7
2010/3/1,12588.3
2010/3/2,12548.9
2010/3/3,12612.7
2010/3/4,12312.9
2010/3/5,12341.7
2010/3/8,12437.6
2010/3/9,12507.7
2010/3/10,12391.6
2010/3/11,12367.7
2010/3/12,12169.1
2010/3/15,11903.3
2010/3/16,11948.8
2010/3/17,12233.8
2010/3/18,12236.7
2010/3/19,12352.9
2010/3/22,12352.4
2010/3/23,12305
2010/3/24,12290
2010/3/25,12086.9
2010/3/26,12240.4
2010/3/29,12552.4
2010/3/30,12593
2010/3/31,12494.3
2010/4/1,12686.1
2010/4/2,12767.9
2010/4/6,12702.8
2010/4/7,12632
2010/4/8,12427
2010/4/9,12555.1
2010/4/12,12399.2
2010/4/13,12511.9
2010/4/14,12557.7
2010/4/15,12513.3
2010/4/16,12416.9
2010/4/19,11644.6
2010/4/20,11539
2010/4/21,11766.8
2010/4/22,11704
2010/4/23,11702.9
2010/4/26,11602.6
2010/4/27,11355.4
2010/4/28,11333.8
2010/4/29,11196.3
2010/4/30,11162.5
2010/5/4,10960.8
2010/5/5,11003.7
2010/5/6,10422.6
2010/5/7,10146.4
2010/5/10,10264
2010/5/11,10091.2
2010/5/12,10146.6
2010/5/13,10417.8
2010/5/14,10330.1
2010/5/17,9731.72
2010/5/18,10003.8
2010/5/19,9991.4
2010/5/20,9945.55
2010/5/21,10209.1
2010/5/24,10620.1
2010/5/25,10365.2
2010/5/26,10361.7
2010/5/27,10543.3
2010/5/28,10495.7
2010/5/31,10204.2
2010/6/1,10098.5
2010/6/2,10188.1
2010/6/3,10118
2010/6/4,10187.2
2010/6/7,9992.67
2010/6/8,10038.8
2010/6/9,10346.3
2010/6/10,10222.2
2010/6/11,10239.3
2010/6/17,10162.4
2010/6/18,9966.54
2010/6/21,10309.6
2010/6/22,10345.5
2010/6/23,10256.3
2010/6/24,10250.9
2010/6/25,10104.8
2010/6/28,10012.1
2010/6/29,9508.91
2010/6/30,9386.94
2010/7/1,9203.91
2010/7/2,9227.89
2010/7/5,9171.03
2010/7/6,9363.02
2010/7/7,9485.43
2010/7/8,9465.8
2010/7/9,9816.86
2010/7/12,9959.22
2010/7/13,9801.76
2010/7/14,9803.72
2010/7/15,9718.72
2010/7/16,9806.64
2010/7/19,10097.1
2010/7/20,10339.4
2010/7/21,10324.1
2010/7/22,10471.8
2010/7/23,10527.9
2010/7/26,10591.1
2010/7/27,10566.2
2010/7/28,10825.2
2010/7/29,10838.9
2010/7/30,10785.3
2010/8/2,11004.7
2010/8/3,10830.7
2010/8/4,10870.4
2010/8/5,10768.1
2010/8/6,10942.9
2010/8/9,11017.4
2010/8/10,10715.4
2010/8/11,10806.6
2010/8/12,10680
2010/8/13,10886.6
2010/8/16,11164.8
2010/8/17,11282
2010/8/18,11282.3
2010/8/19,11321.2
2010/8/20,11090.5
2010/8/23,11078.9
2010/8/24,11214.2
2010/8/25,10964
2010/8/26,11009.5
2010/8/27,11034.7
2010/8/30,11303.3
2010/8/31,11338.7
2010/9/1,11318.7
2010/9/2,11465.2
2010/9/3,11467.1
2010/9/6,11656.1
2010/9/7,11682.7
2010/9/8,11722.8
2010/9/9,11465.3
2010/9/10,11531
2010/9/13,11690.3
2010/9/14,11665.4
2010/9/15,11412.1
2010/9/16,11164
2010/9/17,11208.3
2010/9/20,11150.3
2010/9/21,11210.7
2010/9/27,11409.8
2010/9/28,11274.5
2010/9/29,11223.9
2010/9/30,11468.5
2010/10/8,11911.4
2010/10/11,12237.6
2010/10/12,12373.3
2010/10/13,12603
2010/10/14,12507.7
2010/10/15,12765.5
2010/10/18,12649.3
2010/10/19,12970.2
2010/10/20,13130
2010/10/21,13111.5
2010/10/22,13225
2010/10/25,13734.2
2010/10/26,13730
2010/10/27,13452.2
2010/10/28,13445
2010/10/29,13367.2
2010/11/1,13743.8
2010/11/2,13646.5
2010/11/3,13392.7
2010/11/4,13595.7
2010/11/5,13733.4
2010/11/8,13807.3
2010/11/9,13714.3
2010/11/10,13705.7
2010/11/11,13684.9
2010/11/12,12726.5
2010/11/15,12808.1
2010/11/16,12217.3
2010/11/17,11917.5
2010/11/18,12146.1
2010/11/19,12295.8
2010/11/22,12303.5
2010/11/23,12062.4
2010/11/24,12407.7
2010/11/25,12604.1
2010/11/26,12539
2010/11/29,12536.6
2010/11/30,12336.3
2010/12/1,12310.4
2010/12/2,12409
2010/12/3,12443
2010/12/6,12422.8
2010/12/7,12657
2010/12/8,12615.4
2010/12/9,12353.3
2010/12/10,12460.5
2010/12/13,12905
2010/12/14,12926.6
2010/12/15,12829.4
2010/12/16,12795.7
2010/12/17,12759.6
2010/12/20,12557.5
2010/12/21,12872.4
2010/12/22,12767
2010/12/23,12644.6
2010/12/24,12556.8
2010/12/27,12303.2
2010/12/28,12063.8
2010/12/29,12114.6
2010/12/30,12138.9
2010/12/31,12458.6
2011/1/4,12714.5
2011/1/5,12647.6
2011/1/6,12599.7
2011/1/7,12573.9
2011/1/10,12331.2
2011/1/11,12385.2
2011/1/12,12410
2011/1/13,12423.3
2011/1/14,12294.2
2011/1/17,11734.6
2011/1/18,11771.6
2011/1/19,12066.5
2011/1/20,11566.7
2011/1/21,11640
2011/1/24,11488.9
2011/1/25,11446.4
2011/1/26,11599.7
2011/1/27,11795.3
2011/1/28,11894.2
2011/1/31,11994.7
2011/2/1,11991.5
2011/2/9,11807.9
2011/2/10,12170.5
2011/2/11,12292.5
2011/2/14,12737.8
2011/2/15,12711.6
2011/2/16,12884.9
2011/2/17,12788.3
2011/2/18,12613.1
2011/2/21,12872.5
2011/2/22,12473.3
2011/2/23,12492.7
2011/2/24,12578.4
2011/2/25,12633.9
2011/2/28,12902.4
2011/3/1,12948.7
2011/3/2,12880.3
2011/3/3,12698.2
2011/3/4,12893.8
2011/3/7,13140.9
2011/3/8,13144.2
2011/3/9,13158.2
2011/3/10,13004.9
2011/3/11,12848
2011/3/14,12958.3
2011/3/15,12705.3
2011/3/16,12865.8
2011/3/17,12650.7
2011/3/18,12722
2011/3/21,12643.7
2011/3/22,12667.3
2011/3/23,12845.5
2011/3/24,12771.5
2011/3/25,12942.1
2011/3/28,12875.5
2011/3/29,12677.6
2011/3/30,12661.2
2011/3/31,12562.9
2011/4/1,12699.4
2011/4/6,12740.9
2011/4/7,12890.7
2011/4/8,13036.2
2011/4/11,12925
2011/4/12,12902.2
2011/4/13,13102.1
2011/4/14,12991.9
2011/4/15,12965.7
2011/4/18,13001.3
2011/4/19,12799.2
2011/4/20,12753.8
2011/4/21,12798.8
2011/4/22,12708.4
2011/4/25,12508
2011/4/26,12448.5
2011/4/27,12358.9
2011/4/28,12149.2
2011/4/29,12313
2011/5/3,12423.5
2011/5/4,12070.4
2011/5/5,12086
2011/5/6,12067.6
2011/5/9,12125
2011/5/10,12216.9
2011/5/11,12202.6
2011/5/12,12072.2
2011/5/13,12156.6
2011/5/16,12051.2
2011/5/17,12128.5
2011/5/18,12230.7
2011/5/19,12158.1
2011/5/20,12161
2011/5/23,11742.2
2011/5/24,11749.9
2011/5/25,11615.4
2011/5/26,11530.7
2011/5/27,11492.7
2011/5/30,11478.2
2011/5/31,11665.1
2011/6/1,11699.8
2011/6/2,11506.5
2011/6/3,11642.4
2011/6/7,11741.3
2011/6/8,11761.1
2011/6/9,11513.2
2011/6/10,11593.4
2011/6/13,11522
2011/6/14,11732
2011/6/15,11616
2011/6/16,11436
2011/6/17,11409.2
2011/6/20,11328.7
2011/6/21,11510
2011/6/22,11543.7
2011/6/23,11775.3
2011/6/24,11996.1
2011/6/27,12026.3
2011/6/28,12047.1
2011/6/29,11913.2
2011/6/30,12110.9
2011/7/1,12178.1
2011/7/4,12441.2
2011/7/5,12440.4
2011/7/6,12425.7
2011/7/7,12392.9
2011/7/8,12404.3
2011/7/11,12438.6
2011/7/12,12268.2
2011/7/13,12479.2
2011/7/14,12440.8
2011/7/15,12506.9
2011/7/18,12490.5
2011/7/19,12381.5
2011/7/20,12394
2011/7/21,12301.4
2011/7/22,12352.5
2011/7/25,11966.2
2011/7/26,12008.5
2011/7/27,12116.9
2011/7/28,12085.9
2011/7/29,11990.4
2011/8/1,12002.4
2011/8/2,11932
2011/8/3,11922.4
2011/8/4,11934.4
2011/8/5,11701.8
2011/8/8,11312.6
2011/8/9,11315.1
2011/8/10,11449.6
2011/8/11,11627.5
2011/8/12,11651.3
2011/8/15,11767.7
2011/8/16,11665.4
2011/8/17,11598.3
2011/8/18,11414.2
2011/8/19,11301.5
2011/8/22,11112.6
2011/8/23,11243.4
2011/8/24,11239
2011/8/25,11598.9
2011/8/26,11568.2
2011/8/29,11372.4
2011/8/30,11344.5
2011/8/31,11397.5
2011/9/1,11352.9
2011/9/2,11228.3
2011/9/5,10954.9
2011/9/6,10778.4
2011/9/7,11011.2
2011/9/8,10933.3
2011/9/9,10892.4
2011/9/13,10775.3
2011/9/14,10822.4
2011/9/15,10848
2011/9/16,10878.2
2011/9/19,10657.6
2011/9/20,10679.3
2011/9/21,10991.8
2011/9/22,10660.5
2011/9/23,10538.4
2011/9/26,10328.5
2011/9/27,10448.7
2011/9/28,10369.9
2011/9/29,10287.9
2011/9/30,10292.3
2011/10/10,10170.7
2011/10/11,10065.5
2011/10/12,10425.9
2011/10/13,10481.8
2011/10/14,10438.3
2011/10/17,10513.5
2011/10/18,10226.9
2011/10/19,10105.7
2011/10/20,9796.23
2011/10/21,9697.21
2011/10/24,9957.62
2011/10/25,10203.4
2011/10/26,10315.7
2011/10/27,10323.3
2011/10/28,10562
2011/10/31,10480.9
2011/11/1,10441.7
2011/11/2,10581.8
2011/11/3,10624.1
2011/11/4,10699.5
2011/11/7,10591.7
2011/11/8,10541.1
2011/11/9,10625.9
2011/11/10,10477.6
2011/11/11,10418.9
2011/11/14,10645.7
2011/11/15,10583
2011/11/16,10313.3
2011/11/17,10303.2
2011/11/18,10025.2
2011/11/21,10033.8
2011/11/22,10028.2
2011/11/23,9957.32
2011/11/24,9966.74
2011/11/25,9886.25
2011/11/28,9884.7
2011/11/29,10012.9
2011/11/30,9693.38
2011/12/1,9917.86
2011/12/2,9808.23
2011/12/5,9586.08
2011/12/6,9586.94
2011/12/7,9606.25
2011/12/8,9580.52
2011/12/9,9480.27
2011/12/12,9376.28
2011/12/13,9190.88
2011/12/14,9093.03
2011/12/15,8871.09
2011/12/16,9081.94
2011/12/19,9054.08
2011/12/20,9031.67
2011/12/21,8884.25
2011/12/22,8909.35
2011/12/23,8976.52
2011/12/26,8876.19
2011/12/27,8711.55
2011/12/28,8739.73
2011/12/29,8781.32
2011/12/30,8918.82
2012/1/4,8695.99
2012/1/5,8600.26
2012/1/6,8634.42
2012/1/9,8946.08
2012/1/10,9281.25
2012/1/11,9239.21
2012/1/12,9200.93
2012/1/13,9030.59
2012/1/16,8827.47
2012/1/17,9264.09
2012/1/18,9115.27
2012/1/19,9300.22
2012/1/20,9466.14
2012/1/30,9274.85
2012/1/31,9303.65
2012/2/1,9193.39
2012/2/2,9382.13
2012/2/3,9436.99
2012/2/6,9448.64
2012/2/7,9266.71
2012/2/8,9557.58
2012/2/9,9560.73
2012/2/10,9590.95
2012/2/13,9585.08
2012/2/14,9543.78
2012/2/15,9673.44
2012/2/16,9622.83
2012/2/17,9615.34
2012/2/20,9616.65
2012/2/21,9695.87
2012/2/22,9862.54
2012/2/23,9918.94
2012/2/24,10124.2
2012/2/27,10177.3
2012/2/28,10161.9
2012/2/29,10054.8
2012/3/1,10061
2012/3/2,10299.9
2012/3/5,10226.4
2012/3/6,10093.8
2012/3/7,10054.9
2012/3/8,10171.1
2012/3/9,10334.4
2012/3/12,10300.5
2012/3/13,10427.2
2012/3/14,10094.9
2012/3/15,10086.6
2012/3/16,10279.3
2012/3/19,10296.2
2012/3/20,10116.4
2012/3/21,10090.4
2012/3/22,10039
2012/3/23,9885.25
2012/3/26,9946.14
2012/3/27,9841.38
2012/3/28,9531.15
2012/3/29,9418.22
2012/3/30,9410.26
2012/4/5,9709.03
2012/4/6,9786.19
2012/4/9,9710.91
2012/4/10,9795.97
2012/4/11,9802.32
2012/4/12,10007.7
2012/4/13,10043.7
2012/4/16,10000.3
2012/4/17,9839.92
2012/4/18,10069.5
2012/4/19,10015.4
2012/4/20,10131
2012/4/23,10076.1
2012/4/24,10041.9
2012/4/25,10162
2012/4/26,10201.7
2012/4/27,10180.4
2012/5/2,10424.9
2012/5/3,10468.4
2012/5/4,10573.6
2012/5/7,10612.9
2012/5/8,10524.7
2012/5/9,10294.6
2012/5/10,10277.6
2012/5/11,10211.4
2012/5/14,10093.4
2012/5/15,10131.8
2012/5/16,9916.47
2012/5/17,10079.5
2012/5/18,9903.09
2012/5/21,9977.56
2012/5/22,10180.3
2012/5/23,10143.2
2012/5/24,9984.58
2012/5/25,9884.96
2012/5/28,10104.1
2012/5/29,10214.7
2012/5/30,10162.3
2012/5/31,10141.4
2012/6/1,10145.8
2012/6/4,9874.52
2012/6/5,9847.12
2012/6/6,9812.98
2012/6/7,9755.64
2012/6/8,9707.18
2012/6/11,9849.77
2012/6/12,9790.2
2012/6/13,9950.05
2012/6/14,9885.29
2012/6/15,9885.64
2012/6/18,9979.06
2012/6/19,9848.16
2012/6/20,9821.79
2012/6/21,9682.69
2012/6/25,9414.21
2012/6/26,9446.59
2012/6/27,9416.5
2012/6/28,9383.27
2012/6/29,9500.32
2012/7/2,9566.45
2012/7/3,9607.33
2012/7/4,9569.16
2012/7/5,9412.64
2012/7/6,9690.16
2012/7/9,9496.68
2012/7/10,9476.72
2012/7/11,9588.29
2012/7/12,9753.49
2012/7/13,9792.49
2012/7/16,9540.89
2012/7/17,9560.03
2012/7/18,9514.17
2012/7/19,9509.49
2012/7/20,9333.21
2012/7/23,9186.02
2012/7/24,9262.77
2012/7/25,9155.34
2012/7/26,9081.9
2012/7/27,9087.13
2012/7/30,9071.06
2012/7/31,9059.22
2012/8/1,9165.97
2012/8/2,8995.62
2012/8/3,9076.62
2012/8/6,9212.21
2012/8/7,9229.27
2012/8/8,9210.67
2012/8/9,9337.54
2012/8/10,9238.2
2012/8/13,9039.22
2012/8/14,9089.62
2012/8/15,9048.61
2012/8/16,8973.38
2012/8/17,8883.61
2012/8/20,8838.63
2012/8/21,8849.49
2012/8/22,8726.02
2012/8/23,8730.55
2012/8/24,8579.28
2012/8/27,8402.15
2012/8/28,8400.36
2012/8/29,8270.91
2012/8/30,8220.08
2012/8/31,8210.99
2012/9/3,8361.67
2012/9/4,8243.83
2012/9/5,8242.59
2012/9/6,8288.26
2012/9/7,8709.07
2012/9/10,8769.54
2012/9/11,8739.47
2012/9/12,8786.73
2012/9/13,8691
2012/9/14,8740.05
2012/9/17,8483.69
2012/9/18,8390.15
2012/9/19,8431.74
2012/9/20,8202.2
2012/9/21,8201.53
2012/9/24,8310.94
2012/9/25,8284.25
2012/9/26,8193.37
2012/9/27,8486.27
2012/9/28,8679.22
2012/10/8,8540.08
2012/10/9,8743.86
2012/10/10,8773.68
2012/10/11,8665.09
2012/10/12,8650.19
2012/10/15,8621.96
2012/10/16,8645.54
2012/10/17,8641.18
2012/10/18,8798.2
2012/10/19,8796.42
2012/10/22,8829.44
2012/10/23,8686.47
2012/10/24,8653.91
2012/10/25,8602.8
2012/10/26,8414.85
2012/10/29,8376.55
2012/10/30,8394.24
2012/10/31,8469.8
2012/11/1,8663.15
2012/11/2,8679.68
2012/11/5,8654.74
2012/11/6,8589.87
2012/11/7,8561.2
2012/11/8,8399.38
2012/11/9,8356.67
2012/11/12,8391.9
2012/11/13,8234.6
2012/11/14,8283.56
2012/11/15,8186.06
2012/11/16,8118.15
2012/11/19,8060.54
2012/11/20,8052.79
2012/11/21,8150.84
2012/11/22,8047.52
2012/11/23,8114.74
2012/11/26,8016.07
2012/11/27,7936.74
2012/11/28,7854.06
2012/11/29,7808.96
2012/11/30,7903.25
2012/12/3,7710.88
2012/12/4,7801.75
2012/12/5,8091.68
2012/12/6,8071.49
2012/12/7,8189.68
2012/12/10,8265.79
2012/12/11,8220.54
2012/12/12,8246.06
2012/12/13,8171.35
2012/12/14,8530.9
2012/12/17,8600.33
2012/12/18,8592.63
2012/12/19,8639.56
2012/12/20,8693.23
2012/12/21,8658.35
2012/12/24,8631.37
2012/12/25,8891.57
2012/12/26,8940.68
2012/12/27,8939.85
2012/12/28,9026.99
2012/12/31,9116.48
2013/1/4,9096.07
2013/1/7,9108.46
2013/1/8,9110.45
2013/1/9,9154.87
2013/1/10,9170.05
2013/1/11,9017.73
2013/1/14,9316.27
2013/1/15,9381.69
2013/1/16,9355.48
2013/1/17,9309.23
2013/1/18,9432.29
2013/1/21,9562.85
2013/1/22,9536.36
2013/1/23,9548.31
2013/1/24,9444.08
2013/1/25,9357.13
2013/1/28,9618.92
2013/1/29,9704.66
2013/1/30,9783.84
2013/1/31,9667.67
2013/2/1,9820.29
2013/2/4,9760.83
2013/2/5,9945.98
2013/2/6,9922.72
2013/2/7,9904.78
2013/2/8,9989.09
2013/2/18,9795.91
2013/2/19,9550.93
2013/2/20,9645.87
2013/2/21,9396.11
2013/2/22,9364.54
2013/2/25,9342.37
2013/2/26,9208.03
2013/2/27,9333.24
2013/2/28,9641.44
2013/3/1,9650.14
2013/3/4,9139.75
2013/3/5,9341.35
2013/3/6,9431.17
2013/3/7,9393.69
2013/3/8,9285.83
2013/3/11,9277.16
2013/3/12,9163.64
2013/3/13,9073.22
2013/3/14,9087.25
2013/3/15,9099.29
2013/3/18,8999.02
2013/3/19,9034.04
2013/3/20,9317.97
2013/3/21,9326.29
2013/3/22,9343.41
2013/3/25,9313.13
2013/3/26,9226.64
2013/3/27,9225.13
2013/3/28,8959.26
2013/3/29,8889.77
2013/4/1,8937.75
2013/4/2,8960.46
2013/4/3,8964.47
2013/4/8,8953.84
2013/4/9,8993.11
2013/4/10,8962.3
2013/4/11,8920.71
2013/4/12,8835.15
2013/4/15,8733.44
2013/4/16,8852.42
2013/4/17,8894.37
2013/4/18,8888.02
2013/4/19,9111.19
2013/4/22,9057.62
2013/4/23,8793.13
2013/4/24,8911.65
2013/4/25,8772.58
2013/4/26,8691.39
2013/5/2,8718.2
2013/5/3,8847.67
2013/5/6,8997.08
2013/5/7,9022.9
2013/5/8,9074.84
2013/5/9,9050.08
2013/5/10,9071.16
2013/5/13,9014.28
2013/5/14,8809.08
2013/5/15,8869.85
2013/5/16,9061.33
2013/5/17,9246.28
2013/5/20,9307.15
2013/5/21,9403.54
2013/5/22,9405.06
2013/5/23,9265.68
2013/5/24,9304.86
2013/5/27,9260.63
2013/5/28,9441.69
2013/5/29,9404.4
2013/5/30,9379.19
2013/5/31,9257.95
2013/6/3,9251.24
2013/6/4,9124.27
2013/6/5,9143.44
2013/6/6,9001.09
2013/6/7,8763.61
2013/6/13,8432.42
2013/6/14,8479.46
2013/6/17,8404.5
2013/6/18,8470.87
2013/6/19,8421.24
2013/6/20,8147.48
2013/6/21,8136.05
2013/6/24,7588.52
2013/6/25,7495.1
2013/6/26,7566.4
2013/6/27,7544.33
2013/6/28,7694.47
2013/7/1,7718.48
2013/7/2,7768.84
2013/7/3,7703.74
2013/7/4,7804.11
2013/7/5,7856.59
2013/7/8,7637.63
2013/7/9,7600.47
2013/7/10,7851.25
2013/7/11,8184.77
2013/7/12,8012.84
2013/7/15,8137.77
2013/7/16,8186.68
2013/7/17,8063.8
2013/7/18,7904.27
2013/7/19,7663.99
2013/7/22,7684.23
2013/7/23,7963.7
2013/7/24,7935.85
2013/7/25,7894.6
2013/7/26,7843.36
2013/7/29,7668.54
2013/7/30,7730.17
2013/7/31,7765.4
2013/8/1,7931.79
2013/8/2,7961.47
2013/8/5,8060.39
2013/8/6,8143.13
2013/8/7,8096.09
2013/8/8,8114.87
2013/8/9,8145.97
2013/8/12,8356.73
2013/8/13,8362.65
2013/8/14,8336.81
2013/8/15,8228.87
2013/8/16,8168.09
2013/8/19,8285.72
2013/8/20,8234.56
2013/8/21,8236.09
2013/8/22,8245.04
2013/8/23,8166.28
2013/8/26,8334.57
2013/8/27,8341.77
2013/8/28,8259.38
2013/8/29,8214.49
2013/8/30,8202.48
2013/9/2,8243.58
2013/9/3,8368.04
2013/9/4,8344.96
2013/9/5,8286.06
2013/9/6,8280.33
2013/9/9,8504.74
2013/9/10,8636.63
2013/9/11,8675.62
2013/9/12,8714.88
2013/9/13,8687.54
2013/9/16,8659
2013/9/17,8493.78
2013/9/18,8480.74
2013/9/23,8719.29
2013/9/24,8664.8
2013/9/25,8613.71
2013/9/26,8439.47
2013/9/27,8472.29
2013/9/30,8514.57
2013/10/8,8681.53
2013/10/9,8667.77
2013/10/10,8685.79
2013/10/11,8737.97
2013/10/14,8760.1
2013/10/15,8700.34
2013/10/16,8542.87
2013/10/17,8521.2
2013/10/18,8584.87
2013/10/21,8739.52
2013/10/22,8619.64
2013/10/23,8512.96
2013/10/24,8486.52
2013/10/25,8379.61
2013/10/28,8336.68
2013/10/29,8398.92
2013/10/30,8553.37
2013/10/31,8444.41
2013/11/1,8451.72
2013/11/4,8416.93
2013/11/5,8451.73
2013/11/6,8287.86
2013/11/7,8240.25
2013/11/8,8155.4
2013/11/11,8168.67
2013/11/12,8279.31
2013/11/13,8111
2013/11/14,8156.54
2013/11/15,8305.91
2013/11/18,8523.75
2013/11/19,8461.21
2013/11/20,8510.68
2013/11/21,8472.02
2013/11/22,8413.34
2013/11/25,8379.55
2013/11/26,8365.35
2013/11/27,8447.46
2013/11/28,8548.37
2013/11/29,8542.61
2013/12/2,8376.64
2013/12/3,8492.52
2013/12/4,8600.82
2013/12/5,8560.79
2013/12/6,8526.68
2013/12/9,8519.67
2013/12/10,8554.17
2013/12/11,8409.8
2013/12/12,8400.65
2013/12/13,8429.82
2013/12/16,8272.67
2013/12/17,8213.43
2013/12/18,8236.95
2013/12/19,8147.71
2013/12/20,7966.72
2013/12/23,7989.51
2013/12/24,8027.43
2013/12/25,8096.37
2013/12/26,7897.33
2013/12/27,8048.85
2013/12/30,7999.3
2013/12/31,8121.79
2014/1/2,8114.39
2014/1/3,8028.33
2014/1/6,7818.46
2014/1/7,7806.31
2014/1/8,7802.14
2014/1/9,7746.74
2014/1/10,7648.04
2014/1/13,7572.56
2014/1/14,7665.77
2014/1/15,7668.8
2014/1/16,7667.22
2014/1/17,7544.56
2014/1/20,7524.33
2014/1/21,7593.42
2014/1/22,7820.45
2014/1/23,7788.47
2014/1/24,7855.14
2014/1/27,7752.54
2014/1/28,7740.75
2014/1/29,7707.59
2014/1/30,7572.63
2014/2/7,7616.57
2014/2/10,7812.16
2014/2/11,7838.12
2014/2/12,7902.08
2014/2/13,7857.11
2014/2/14,7883.75
2014/2/17,7943.96
2014/2/18,7832.47
2014/2/19,7953.94
2014/2/20,7842.12
2014/2/21,7750.56
2014/2/24,7542.53
2014/2/25,7303.94
2014/2/26,7319.61
2014/2/27,7188.74
2014/2/28,7365.92
2014/3/3,7391.91
2014/3/4,7347.11
2014/3/5,7298.13
2014/3/6,7352.03
2014/3/7,7328.48
2014/3/10,7118.44
2014/3/11,7212.57
2014/3/12,7217.02
2014/3/13,7319.29
2014/3/14,7239.06
2014/3/17,7340.62
2014/3/18,7273.95
2014/3/19,7150.12
2014/3/20,6998.19
2014/3/21,7241.57
2014/3/24,7273.76
2014/3/25,7252.35
2014/3/26,7244.19
2014/3/27,7173.02
2014/3/28,7165.57
2014/3/31,7189.58
2014/4/1,7281.11
2014/4/2,7333.59
2014/4/3,7298
2014/4/4,7367.8
2014/4/8,7508.66
2014/4/9,7511.25
2014/4/10,7563.2
2014/4/11,7586.83
2014/4/14,7583.28
2014/4/15,7449.71
2014/4/16,7468.46
2014/4/17,7451.04
2014/4/18,7455.74
2014/4/21,7353.6
2014/4/22,7391.22
2014/4/23,7434.73
2014/4/24,7419.44
2014/4/25,7323.65
2014/4/28,7240.46
2014/4/29,7339.86
2014/4/30,7312.86
2014/5/5,7309.56
2014/5/6,7311.89
2014/5/7,7234.69
2014/5/8,7169.98
2014/5/9,7162.44
2014/5/12,7318.14
2014/5/13,7310.31
2014/5/14,7325.52
2014/5/15,7213.77
2014/5/16,7242.17
2014/5/19,7151.49
2014/5/20,7151.18
2014/5/21,7204.65
2014/5/22,7183.67
2014/5/23,7240.92
2014/5/26,7275.11
2014/5/27,7260.12
2014/5/28,7380.69
2014/5/29,7341.56
2014/5/30,7364.83
2014/6/3,7321.52
2014/6/4,7223.13
2014/6/5,7303.63
2014/6/6,7235.39
2014/6/9,7227.24
2014/6/10,7341.66
2014/6/11,7340.69
2014/6/12,7299.81
2014/6/13,7401.35
2014/6/16,7416.99
2014/6/17,7331.37
2014/6/18,7297.4
2014/6/19,7180.32
2014/6/20,7195.69
2014/6/23,7192.87
2014/6/24,7240.85
2014/6/25,7217.65
2014/6/26,7291.88
2014/6/27,7312.62
2014/6/30,7343.27
2014/7/1,7297.5
2014/7/2,7310.38
2014/7/3,7335.54
2014/7/4,7333.91
2014/7/7,7321.52
2014/7/8,7358.33
2014/7/9,7192.71
2014/7/10,7159.63
2014/7/11,7206.97
2014/7/14,7278.86
2014/7/15,7304.41
2014/7/16,7261.91
2014/7/17,7194.74
2014/7/18,7259.45
2014/7/21,7274.5
2014/7/22,7372.65
2014/7/23,7375.31
2014/7/24,7503.4
2014/7/25,7578.12
2014/7/28,7808.66
2014/7/29,7867.04
2014/7/30,7853.23
2014/7/31,7956.91
2014/8/1,7880.98
2014/8/4,8006.91
2014/8/5,8007.76
2014/8/6,7995.5
2014/8/7,7872.95
2014/8/8,7885.33
2014/8/11,8009.73
2014/8/12,7966.89
2014/8/13,7980.49
2014/8/14,7893.9
2014/8/15,7982.07
2014/8/18,8045.86
2014/8/19,8043.25
2014/8/20,8023.07
2014/8/21,8010.71
2014/8/22,8059.4
2014/8/25,7934.81
2014/8/26,7813.98
2014/8/27,7841.07
2014/8/28,7743.54
2014/8/29,7841.7
2014/9/1,7941.16
2014/9/2,8043.31
2014/9/3,8115.87
2014/9/4,8176.57
2014/9/5,8214.53
2014/9/9,8201.51
2014/9/10,8158.6
2014/9/11,8117.92
2014/9/12,8146.99
2014/9/15,8112.65
2014/9/16,7921.07
2014/9/17,7981.82
2014/9/18,8004.57
2014/9/19,8047.25
2014/9/22,7895.87
2014/9/23,7965.88
2014/9/24,8100.22
2014/9/25,8076.51
2014/9/26,8072.88
2014/9/29,8082.85
2014/9/30,8080.35
2014/10/8,8183.65
2014/10/9,8204.01
2014/10/10,8211.54
2014/10/13,8164.07
2014/10/14,8139.96
2014/10/15,8198.12
2014/10/16,8110.69
2014/10/17,8151.52
2014/10/20,8204.2
2014/10/21,8106.92
2014/10/22,8063.2
2014/10/23,7969.16
2014/10/24,7921.13
2014/10/27,7829.33
2014/10/28,7988.34
2014/10/29,8090.68
2014/10/30,8090.55
2014/10/31,8225.61
2014/11/3,8240.15
2014/11/4,8206.79
2014/11/5,8198.57
2014/11/6,8211.96
2014/11/7,8234.87
2014/11/10,8410.22
2014/11/11,8312.88
2014/11/12,8410.29
2014/11/13,8305.08
2014/11/14,8326.9
2014/11/17,8283.8
2014/11/18,8196.59
2014/11/19,8225.07
2014/11/20,8205.38
2014/11/21,8332.3
2014/11/24,8577.91
2014/11/25,8693.43
2014/11/26,8763.78
2014/11/27,8860.43
2014/11/28,9002.23
2014/12/1,9095.76
2014/12/2,9366.95
2014/12/3,9643.92
2014/12/4,10029.8
2014/12/5,10067.3
2014/12/8,10554.6
2014/12/9,10116.5
2014/12/10,10545.5
2014/12/11,10478.9
2014/12/12,10462.3
2014/12/15,10504.2
2014/12/16,10668.6
2014/12/17,10786.7
2014/12/18,10665.2
2014/12/19,10627.1
2014/12/22,10608.5
2014/12/23,10570.8
2014/12/24,10292.5
2014/12/25,10493.8
2014/12/26,10802.6
2014/12/29,10780.4
2014/12/30,10722.3
2014/12/31,11014.6
