Name,
1994/1/3,1020
1994/1/4,1040
1994/1/5,1050
1994/1/6,1050
1994/1/7,1050
1994/1/10,1050
1994/1/11,1040
1994/1/12,1050
1994/1/13,1040
1994/1/14,1020
1994/1/17,1000
1994/1/18,1020
1994/1/19,1030
1994/1/20,1020
1994/1/21,1020
1994/1/24,1020
1994/1/25,1000
1994/1/26,990
1994/1/27,1010
1994/1/28,1010
1994/1/31,1030
1994/2/1,1040
1994/2/2,1120
1994/2/3,1150
1994/2/4,1290
1994/2/7,1290
1994/2/8,1260
1994/2/9,1260
1994/2/10,1260
1994/2/11,1260
1994/2/14,1260
1994/2/15,1260
1994/2/16,1300
1994/2/17,1350
1994/2/18,1340
1994/2/21,1390
1994/2/22,1390
1994/2/23,1350
1994/2/24,1260
1994/2/25,1270
1994/2/28,1310
1994/3/1,1350
1994/3/2,1320
1994/3/3,1340
1994/3/4,1330
1994/3/7,1280
1994/3/8,1220
1994/3/9,1230
1994/3/10,1200
1994/3/11,1190
1994/3/14,1230
1994/3/15,1240
1994/3/16,1230
1994/3/17,1200
1994/3/18,1190
1994/3/21,1150
1994/3/22,1160
1994/3/23,1170
1994/3/24,1190
1994/3/25,1200
1994/3/28,1200
1994/3/29,1200
1994/3/30,1200
1994/3/31,1200
1994/4/1,1200
1994/4/4,1150
1994/4/5,1170
1994/4/6,1150
1994/4/7,1140
1994/4/8,1150
1994/4/11,1160
1994/4/12,1170
1994/4/13,1180
1994/4/14,1150
1994/4/15,1140
1994/4/18,1130
1994/4/19,1130
1994/4/20,1110
1994/4/21,1090
1994/4/22,1100
1994/4/25,1090
1994/4/26,1090
1994/4/27,1050
1994/4/28,1040
1994/4/29,1020
1994/5/2,1000
1994/5/3,1040
1994/5/4,1040
1994/5/5,1040
1994/5/6,1020
1994/5/9,1030
1994/5/10,1030
1994/5/11,1030
1994/5/12,1040
1994/5/13,1090
1994/5/16,1090
1994/5/17,1080
1994/5/18,1080
1994/5/19,1070
1994/5/20,1100
1994/5/23,1120
1994/5/24,1170
1994/5/25,1180
1994/5/26,1190
1994/5/27,1220
1994/5/30,1240
1994/5/31,1280
1994/6/1,1340
1994/6/2,1420
1994/6/3,1450
1994/6/6,1450
1994/6/7,1440
1994/6/8,1380
1994/6/9,1350
1994/6/10,1370
1994/6/13,1360
1994/6/14,1330
1994/6/15,1370
1994/6/16,1400
1994/6/17,1400
1994/6/20,1390
1994/6/21,1380
1994/6/22,1410
1994/6/23,1420
1994/6/24,1420
1994/6/27,1420
1994/6/28,1340
1994/6/29,1270
1994/6/30,1270
1994/7/1,1290
1994/7/4,1280
1994/7/5,1280
1994/7/6,1260
1994/7/7,1270
1994/7/8,1270
1994/7/11,1260
1994/7/12,1280
1994/7/13,1290
1994/7/14,1310
1994/7/15,1280
1994/7/18,1230
1994/7/19,1190
1994/7/20,1180
1994/7/21,1210
1994/7/22,1180
1994/7/25,1090
1994/7/26,1100
1994/7/27,1130
1994/7/28,1150
1994/7/29,1160
1994/8/1,1180
1994/8/2,1220
1994/8/3,1230
1994/8/4,1200
1994/8/5,1200
1994/8/8,1190
1994/8/9,1200
1994/8/10,1210
1994/8/11,1260
1994/8/12,1380
1994/8/15,1380
1994/8/16,1400
1994/8/17,1420
1994/8/18,1410
1994/8/19,1430
1994/8/22,1420
1994/8/23,1440
1994/8/24,1400
1994/8/25,1370
1994/8/26,1370
1994/8/29,1380
1994/8/30,1420
1994/8/31,1410
1994/9/1,1420
1994/9/2,1450
1994/9/5,1470
1994/9/6,1470
1994/9/7,1480
1994/9/8,1490
1994/9/9,1490
1994/9/12,1500
1994/9/13,1500
1994/9/14,1490
1994/9/15,1520
1994/9/16,1540
1994/9/19,1580
1994/9/20,1620
1994/9/21,1700
1994/9/22,1630
1994/9/23,1610
1994/9/26,1580
1994/9/27,1570
1994/9/28,1570
1994/9/29,1540
1994/9/30,1540
1994/10/3,1510
1994/10/4,1460
1994/10/5,1460
1994/10/6,1500
1994/10/7,1500
1994/10/10,1510
1994/10/11,1460
1994/10/12,1460
1994/10/13,1470
1994/10/14,1470
1994/10/17,1450
1994/10/18,1420
1994/10/19,1410
1994/10/20,1400
1994/10/21,1390
1994/10/24,1380
1994/10/25,1390
1994/10/26,1420
1994/10/27,1430
1994/10/28,1440
1994/10/31,1440
1994/11/1,1430
1994/11/2,1400
1994/11/3,1390
1994/11/4,1360
1994/11/7,1320
1994/11/8,1290
1994/11/9,1290
1994/11/10,1270
1994/11/11,1260
1994/11/14,1250
1994/11/15,1240
1994/11/16,1240
1994/11/17,1250
1994/11/18,1260
1994/11/21,1240
1994/11/22,1270
1994/11/23,1240
1994/11/24,1240
1994/11/25,1220
1994/11/28,1210
1994/11/29,1220
1994/11/30,1230
1994/12/1,1240
1994/12/2,1230
1994/12/5,1230
1994/12/6,1220
1994/12/7,1220
1994/12/8,1250
1994/12/9,1260
1994/12/12,1260
1994/12/13,1280
1994/12/14,1310
1994/12/15,1320
1994/12/16,1300
1994/12/19,1280
1994/12/20,1290
1994/12/21,1280
1994/12/22,1270
1994/12/23,1270
1994/12/26,1290
1994/12/27,1310
1994/12/28,1310
1994/12/29,1340
1994/12/30,1350
1995/1/2,1330
1995/1/3,1290
1995/1/4,1270
1995/1/5,1260
1995/1/6,1280
1995/1/9,1280
1995/1/10,1230
1995/1/11,1230
1995/1/12,1250
1995/1/13,1260
1995/1/16,1260
1995/1/17,1250
1995/1/18,1250
1995/1/19,1230
1995/1/20,1210
1995/1/23,1250
1995/1/24,1260
1995/1/25,1270
1995/1/26,1280
1995/1/27,1280
1995/1/30,1270
1995/1/31,1260
1995/2/1,1280
1995/2/2,1310
1995/2/3,1320
1995/2/6,1300
1995/2/7,1310
1995/2/8,1320
1995/2/9,1310
1995/2/10,1290
1995/2/13,1280
1995/2/14,1280
1995/2/15,1270
1995/2/16,1240
1995/2/17,1240
1995/2/20,1210
1995/2/21,1220
1995/2/22,1230
1995/2/23,1240
1995/2/24,1250
1995/2/27,1250
1995/2/28,1250
1995/3/1,1270
1995/3/2,1280
1995/3/3,1270
1995/3/6,1250
1995/3/7,1250
1995/3/8,1240
1995/3/9,1230
1995/3/10,1230
1995/3/13,1230
1995/3/14,1230
1995/3/15,1240
1995/3/16,1220
1995/3/17,1220
1995/3/20,1220
1995/3/21,1200
1995/3/22,1220
1995/3/23,1210
1995/3/24,1210
1995/3/27,1210
1995/3/28,1210
1995/3/29,1210
1995/3/30,1230
1995/3/31,1230
1995/4/3,1230
1995/4/4,1220
1995/4/5,1230
1995/4/6,1240
1995/4/7,1240
1995/4/10,1230
1995/4/11,1230
1995/4/12,1240
1995/4/13,1240
1995/4/14,1240
1995/4/17,1240
1995/4/18,1230
1995/4/19,1230
1995/4/20,1220
1995/4/21,1220
1995/4/24,1220
1995/4/25,1220
1995/4/26,1210
1995/4/27,1220
1995/4/28,1220
1995/5/1,1220
1995/5/2,1230
1995/5/3,1230
1995/5/4,1230
1995/5/5,1230
1995/5/8,1230
1995/5/9,1220
1995/5/10,1210
1995/5/11,1200
1995/5/12,1200
1995/5/15,1200
1995/5/16,1200
1995/5/17,1190
1995/5/18,1200
1995/5/19,1200
1995/5/22,1210
1995/5/23,1210
1995/5/24,1220
1995/5/25,1210
1995/5/26,1220
1995/5/29,1220
1995/5/30,1220
1995/5/31,1220
1995/6/1,1210
1995/6/2,1210
1995/6/5,1210
1995/6/6,1230
1995/6/7,1230
1995/6/8,1220
1995/6/9,1210
1995/6/12,1210
1995/6/13,1210
1995/6/14,1210
1995/6/15,1220
1995/6/16,1220
1995/6/19,1220
1995/6/20,1220
1995/6/21,1220
1995/6/22,1220
1995/6/23,1210
1995/6/26,1210
1995/6/27,1220
1995/6/28,1220
1995/6/29,1210
1995/6/30,1210
1995/7/3,1190
1995/7/4,1180
1995/7/5,1180
1995/7/6,1180
1995/7/7,1180
1995/7/10,1170
1995/7/11,1170
1995/7/12,1170
1995/7/13,1170
1995/7/14,1170
1995/7/17,1190
1995/7/18,1200
1995/7/19,1200
1995/7/20,1190
1995/7/21,1190
1995/7/24,1190
1995/7/25,1200
1995/7/26,1200
1995/7/27,1200
1995/7/28,1210
1995/7/31,1210
1995/8/1,1220
1995/8/2,1260
1995/8/3,1250
1995/8/4,1250
1995/8/7,1220
1995/8/8,1230
1995/8/9,1230
1995/8/10,1230
1995/8/11,1250
1995/8/14,1250
1995/8/15,1230
1995/8/16,1230
1995/8/17,1240
1995/8/18,1240
1995/8/21,1230
1995/8/22,1230
1995/8/23,1220
1995/8/24,1210
1995/8/25,1230
1995/8/28,1230
1995/8/29,1230
1995/8/30,1230
1995/8/31,1230
1995/9/1,1230
1995/9/4,1230
1995/9/5,1230
1995/9/6,1220
1995/9/7,1210
1995/9/8,1220
1995/9/11,1220
1995/9/12,1220
1995/9/13,1210
1995/9/14,1220
1995/9/15,1220
1995/9/18,1220
1995/9/19,1220
1995/9/20,1210
1995/9/21,1200
1995/9/22,1210
1995/9/25,1220
1995/9/26,1210
1995/9/27,1210
1995/9/28,1210
1995/9/29,1220
1995/10/2,1220
1995/10/3,1230
1995/10/4,1250
1995/10/5,1280
1995/10/6,1390
1995/10/9,1440
1995/10/10,1410
1995/10/11,1460
1995/10/12,1460
1995/10/13,1580
1995/10/16,1620
1995/10/17,1670
1995/10/18,1680
1995/10/19,1670
1995/10/20,1650
1995/10/23,1600
1995/10/24,1570
1995/10/25,1560
1995/10/26,1580
1995/10/27,1610
1995/10/30,1610
1995/10/31,1600
1995/11/1,1610
1995/11/2,1630
1995/11/3,1610
1995/11/6,1620
1995/11/7,1650
1995/11/8,1690
1995/11/9,1730
1995/11/10,1770
1995/11/13,1810
1995/11/14,1820
1995/11/15,1820
1995/11/16,1860
1995/11/17,1870
1995/11/20,1830
1995/11/21,1810
1995/11/22,1800
1995/11/23,1820
1995/11/24,1820
1995/11/27,1830
1995/11/28,1810
1995/11/29,1790
1995/11/30,1800
1995/12/1,1840
1995/12/4,1840
1995/12/5,1860
1995/12/6,1870
1995/12/7,1900
1995/12/8,1930
1995/12/11,1930
1995/12/12,1980
1995/12/13,1960
1995/12/14,1970
1995/12/15,1980
1995/12/18,1970
1995/12/19,1940
1995/12/20,1930
1995/12/21,1930
1995/12/22,1970
1995/12/25,1970
1995/12/26,1990
1995/12/27,2020
1995/12/28,2020
1995/12/29,2020
1996/1/1,2020
1996/1/2,2020
1996/1/3,2050
1996/1/4,2030
1996/1/5,2040
1996/1/8,2020
1996/1/9,2020
1996/1/10,2000
1996/1/11,1980
1996/1/12,1950
1996/1/15,1940
1996/1/16,1950
1996/1/17,1970
1996/1/18,1980
1996/1/19,1990
1996/1/22,2000
1996/1/23,2060
1996/1/24,2030
1996/1/25,2020
1996/1/26,2040
1996/1/29,2050
1996/1/30,2060
1996/1/31,2050
1996/2/1,2080
1996/2/2,2120
1996/2/5,2210
1996/2/6,2320
1996/2/7,2410
1996/2/8,2580
1996/2/9,2750
1996/2/12,3000
1996/2/13,2910
1996/2/14,2980
1996/2/15,2930
1996/2/16,2970
1996/2/19,2970
1996/2/20,2970
1996/2/21,2960
1996/2/22,2820
1996/2/23,2880
1996/2/26,2830
1996/2/27,2780
1996/2/28,2790
1996/2/29,2720
1996/3/1,2720
1996/3/4,2680
1996/3/5,2710
1996/3/6,2670
1996/3/7,2680
1996/3/8,2830
1996/3/11,2910
1996/3/12,2910
1996/3/13,2920
1996/3/14,2980
1996/3/15,3070
1996/3/18,3070
1996/3/19,3070
1996/3/20,3140
1996/3/21,3220
1996/3/22,3300
1996/3/25,3280
1996/3/26,3110
1996/3/27,3130
1996/3/28,3190
1996/3/29,3360
1996/4/1,3340
1996/4/2,3390
1996/4/3,3450
1996/4/4,3450
1996/4/5,3450
1996/4/8,3400
1996/4/9,3440
1996/4/10,3630
1996/4/11,3760
1996/4/12,3720
1996/4/15,3810
1996/4/16,3750
1996/4/17,3740
1996/4/18,3780
1996/4/19,3780
1996/4/22,3910
1996/4/23,3860
1996/4/24,3830
1996/4/25,3880
1996/4/26,3840
1996/4/29,3830
1996/4/30,3790
1996/5/1,3790
1996/5/2,3680
1996/5/3,3630
1996/5/6,3670
1996/5/7,3700
1996/5/8,3760
1996/5/9,3850
1996/5/10,3930
1996/5/13,3930
1996/5/14,3960
1996/5/15,4090
1996/5/16,4110
1996/5/17,4120
1996/5/20,4120
1996/5/21,4180
1996/5/22,4200
1996/5/23,4310
1996/5/24,4420
1996/5/27,4550
1996/5/28,4540
1996/5/29,4470
1996/5/30,4480
1996/5/31,4450
1996/6/3,4380
1996/6/4,4360
1996/6/5,4320
1996/6/6,4360
1996/6/7,4290
1996/6/10,4290
1996/6/11,4220
1996/6/12,4240
1996/6/13,4260
1996/6/14,4350
1996/6/17,4300
1996/6/18,4230
1996/6/19,4260
1996/6/20,4290
1996/6/21,4340
1996/6/24,4340
1996/6/25,4360
1996/6/26,4380
1996/6/27,4330
1996/6/28,4360
1996/7/1,4330
1996/7/2,4390
1996/7/3,4400
1996/7/4,4410
1996/7/5,4410
1996/7/8,4370
1996/7/9,4340
1996/7/10,4360
1996/7/11,4370
1996/7/12,4370
1996/7/15,4330
1996/7/16,4280
1996/7/17,4280
1996/7/18,4280
1996/7/19,4270
1996/7/22,4260
1996/7/23,4210
1996/7/24,4210
1996/7/25,4200
1996/7/26,4210
1996/7/29,4230
1996/7/30,4220
1996/7/31,4190
1996/8/1,4260
1996/8/2,4350
1996/8/5,4340
1996/8/6,4400
1996/8/7,4440
1996/8/8,4340
1996/8/9,4370
1996/8/12,4420
1996/8/13,4400
1996/8/14,4380
1996/8/15,4380
1996/8/16,4500
1996/8/19,4500
1996/8/20,4580
1996/8/21,4610
1996/8/22,4580
1996/8/23,4570
1996/8/26,4620
1996/8/27,4710
1996/8/28,4740
1996/8/29,4660
1996/8/30,4600
1996/9/2,4590
1996/9/3,4580
1996/9/4,4580
1996/9/5,4560
1996/9/6,4590
1996/9/9,4610
1996/9/10,4590
1996/9/11,4630
1996/9/12,4660
1996/9/13,4780
1996/9/16,4800
1996/9/17,4860
1996/9/18,4850
1996/9/19,4860
1996/9/20,4950
1996/9/23,5020
1996/9/24,5050
1996/9/25,5060
1996/9/26,5180
1996/9/27,5450
1996/9/30,5480
1996/10/1,5550
1996/10/2,5920
1996/10/3,6130
1996/10/4,6390
1996/10/7,6340
1996/10/8,6090
1996/10/9,6150
1996/10/10,6020
1996/10/11,5960
1996/10/14,5960
1996/10/15,5960
1996/10/16,5830
1996/10/17,5850
1996/10/18,5760
1996/10/21,5650
1996/10/22,5870
1996/10/23,5960
1996/10/24,6000
1996/10/25,5970
1996/10/28,6000
1996/10/29,6010
1996/10/30,6010
1996/10/31,5890
1996/11/1,5910
1996/11/4,5910
1996/11/5,5790
1996/11/6,5840
1996/11/7,5820
1996/11/8,5840
1996/11/11,5960
1996/11/12,6000
1996/11/13,5940
1996/11/14,5920
1996/11/15,5970
1996/11/18,6010
1996/11/19,6050
1996/11/20,6050
1996/11/21,6160
1996/11/22,6210
1996/11/25,6110
1996/11/26,6000
1996/11/27,6010
1996/11/28,6130
1996/11/29,6190
1996/12/2,6160
1996/12/3,6110
1996/12/4,6130
1996/12/5,6200
1996/12/6,6100
1996/12/9,6010
1996/12/10,5990
1996/12/11,5960
1996/12/12,6150
1996/12/13,6210
1996/12/16,6250
1996/12/17,6170
1996/12/18,6230
1996/12/19,6250
1996/12/20,6350
1996/12/23,6410
1996/12/24,6440
1996/12/25,6440
1996/12/26,6480
1996/12/27,6610
1996/12/30,6620
1996/12/31,6690
1997/1/1,6690
1997/1/2,6840
1997/1/3,6880
1997/1/6,6880
1997/1/7,6840
1997/1/8,6740
1997/1/9,6600
1997/1/10,6600
1997/1/13,6520
1997/1/14,6480
1997/1/15,6390
1997/1/16,6400
1997/1/17,6470
1997/1/20,6450
1997/1/21,6370
1997/1/22,6330
1997/1/23,6300
1997/1/24,6250
1997/1/27,6200
1997/1/28,6260
1997/1/29,6320
1997/1/30,6370
1997/1/31,6420
1997/2/3,6400
1997/2/4,6370
1997/2/5,6430
1997/2/6,6390
1997/2/7,6410
1997/2/10,6410
1997/2/11,6410
1997/2/12,6390
1997/2/13,6520
1997/2/14,6640
1997/2/17,6610
1997/2/18,6680
1997/2/19,6680
1997/2/20,6650
1997/2/21,6700
1997/2/24,6640
1997/2/25,6610
1997/2/26,6680
1997/2/27,6720
1997/2/28,6710
1997/3/3,6620
1997/3/4,6590
1997/3/5,6510
1997/3/6,6340
1997/3/7,6240
1997/3/10,6260
1997/3/11,6210
1997/3/12,6060
1997/3/13,6100
1997/3/14,6390
1997/3/17,6380
1997/3/18,6280
1997/3/19,6280
1997/3/20,6230
1997/3/21,6280
1997/3/24,6250
1997/3/25,6310
1997/3/26,6340
1997/3/27,6340
1997/3/28,6340
1997/3/31,6330
1997/4/1,6320
1997/4/2,6250
1997/4/3,6150
1997/4/4,6130
1997/4/7,6180
1997/4/8,6200
1997/4/9,6220
1997/4/10,6250
1997/4/11,6240
1997/4/14,6170
1997/4/15,6230
1997/4/16,6240
1997/4/17,6300
1997/4/18,6310
1997/4/21,6330
1997/4/22,6340
1997/4/23,6320
1997/4/24,6300
1997/4/25,6320
1997/4/28,6270
1997/4/29,6240
1997/4/30,6240
1997/5/1,6240
1997/5/2,6370
1997/5/5,6450
1997/5/6,6530
1997/5/7,6500
1997/5/8,6500
1997/5/9,6590
1997/5/12,6590
1997/5/13,6610
1997/5/14,6630
1997/5/15,6680
1997/5/16,6630
1997/5/19,6550
1997/5/20,6560
1997/5/21,6650
1997/5/22,6690
1997/5/23,6750
1997/5/26,6830
1997/5/27,6860
1997/5/28,6890
1997/5/29,6850
1997/5/30,6860
1997/6/2,6860
1997/6/3,7040
1997/6/4,7150
1997/6/5,7250
1997/6/6,7240
1997/6/9,7300
1997/6/10,7250
1997/6/11,7260
1997/6/12,7350
1997/6/13,7540
1997/6/16,7640
1997/6/17,7630
1997/6/18,7740
1997/6/19,7840
1997/6/20,8010
1997/6/23,8190
1997/6/24,8190
1997/6/25,8390
1997/6/26,8570
1997/6/27,8800
1997/6/30,9270
1997/7/1,9040
1997/7/2,9130
1997/7/3,9370
1997/7/4,9470
1997/7/7,9520
1997/7/8,9360
1997/7/9,9260
1997/7/10,9350
1997/7/11,9450
1997/7/14,9520
1997/7/15,9260
1997/7/16,9220
1997/7/17,9170
1997/7/18,9100
1997/7/21,9120
1997/7/22,9260
1997/7/23,9490
1997/7/24,9490
1997/7/25,9720
1997/7/28,9690
1997/7/29,9480
1997/7/30,9410
1997/7/31,9470
1997/8/1,9440
1997/8/4,9240
1997/8/5,9280
1997/8/6,9450
1997/8/7,9510
1997/8/8,9340
1997/8/11,9290
1997/8/12,9310
1997/8/13,9270
1997/8/14,9290
1997/8/15,9260
1997/8/18,9260
1997/8/19,9220
1997/8/20,9330
1997/8/21,9390
1997/8/22,9440
1997/8/25,9650
1997/8/26,9700
1997/8/27,9740
1997/8/28,9820
1997/8/29,9660
1997/9/1,9600
1997/9/2,9570
1997/9/3,9760
1997/9/4,9940
1997/9/5,10270
1997/9/8,10550
1997/9/9,10430
1997/9/10,10460
1997/9/11,10440
1997/9/12,10570
1997/9/15,10560
1997/9/16,10510
1997/9/17,10530
1997/9/18,10650
1997/9/19,10770
1997/9/22,10780
1997/9/23,10820
1997/9/24,10670
1997/9/25,10560
1997/9/26,10500
1997/9/29,10460
1997/9/30,10490
1997/10/1,10520
1997/10/2,10520
1997/10/3,10580
1997/10/6,10520
1997/10/7,10480
1997/10/8,10370
1997/10/9,10430
1997/10/10,10480
1997/10/13,10430
1997/10/14,10470
1997/10/15,10570
1997/10/16,10620
1997/10/17,10610
1997/10/20,10620
1997/10/21,10620
1997/10/22,10730
1997/10/23,10510
1997/10/24,10310
1997/10/27,9450
1997/10/28,9470
1997/10/29,9380
1997/10/30,9210
1997/10/31,9290
1997/11/3,9410
1997/11/4,9550
1997/11/5,9780
1997/11/6,9530
1997/11/7,9220
1997/11/10,9150
1997/11/11,9070
1997/11/12,8690
1997/11/13,8300
1997/11/14,8360
1997/11/17,8630
1997/11/18,8740
1997/11/19,8850
1997/11/20,8860
1997/11/21,9010
1997/11/24,8610
1997/11/25,8490
1997/11/26,8580
1997/11/27,8670
1997/11/28,8710
1997/12/1,8690
1997/12/2,8590
1997/12/3,8450
1997/12/4,8630
1997/12/5,8800
1997/12/8,8800
1997/12/9,8790
1997/12/10,8520
1997/12/11,8320
1997/12/12,8350
1997/12/15,8380
1997/12/16,8420
1997/12/17,8320
1997/12/18,8490
1997/12/19,8340
1997/12/22,8260
1997/12/23,8240
1997/12/24,8210
1997/12/25,8210
1997/12/26,8230
1997/12/29,8350
1997/12/30,8510
1997/12/31,8660
1998/1/1,8660
1998/1/2,8630
1998/1/5,8630
1998/1/6,8540
1998/1/7,8270
1998/1/8,7930
1998/1/9,7580
1998/1/12,7200
1998/1/13,7330
1998/1/14,7420
1998/1/15,7290
1998/1/16,7340
1998/1/19,7340
1998/1/20,7170
1998/1/21,7030
1998/1/22,6690
1998/1/23,6610
1998/1/26,6310
1998/1/27,6570
1998/1/28,6940
1998/1/29,7120
1998/1/30,7330
1998/2/2,7710
1998/2/3,7510
1998/2/4,7530
1998/2/5,7610
1998/2/6,7590
1998/2/9,7450
1998/2/10,7370
1998/2/11,7200
1998/2/12,6860
1998/2/13,7140
1998/2/16,7150
1998/2/17,7240
1998/2/18,7100
1998/2/19,7230
1998/2/20,7300
1998/2/23,7300
1998/2/24,7300
1998/2/25,7130
1998/2/26,7130
1998/2/27,7180
1998/3/2,7310
1998/3/3,7340
1998/3/4,7350
1998/3/5,7270
1998/3/6,7260
1998/3/9,7200
1998/3/10,7220
1998/3/11,7270
1998/3/12,7260
1998/3/13,7460
1998/3/16,7400
1998/3/17,7220
1998/3/18,7350
1998/3/19,7350
1998/3/20,7570
1998/3/23,7860
1998/3/24,7730
1998/3/25,7720
1998/3/26,7780
1998/3/27,7850
1998/3/30,7770
1998/3/31,7690
1998/4/1,7540
1998/4/2,7480
1998/4/3,7440
1998/4/6,7380
1998/4/7,7340
1998/4/8,7280
1998/4/9,7280
1998/4/10,7280
1998/4/13,7340
1998/4/14,7300
1998/4/15,7130
1998/4/16,7030
1998/4/17,6830
1998/4/20,6980
1998/4/21,6990
1998/4/22,6890
1998/4/23,6770
1998/4/24,6640
1998/4/27,6300
1998/4/28,6350
1998/4/29,6250
1998/4/30,6100
1998/5/1,6100
1998/5/4,6000
1998/5/5,6040
1998/5/6,6220
1998/5/7,6260
1998/5/8,6240
1998/5/11,6260
1998/5/12,6350
1998/5/13,6460
1998/5/14,6800
1998/5/15,6920
1998/5/18,6680
1998/5/19,6680
1998/5/20,6520
1998/5/21,6500
1998/5/22,6490
1998/5/25,6490
1998/5/26,6220
1998/5/27,6130
1998/5/28,6160
1998/5/29,6180
1998/6/1,6040
1998/6/2,6000
1998/6/3,5980
1998/6/4,6020
1998/6/5,6060
1998/6/8,6030
1998/6/9,5980
1998/6/10,5880
1998/6/11,5670
1998/6/12,5440
1998/6/15,5440
1998/6/16,5070
1998/6/17,5150
1998/6/18,4920
1998/6/19,5060
1998/6/22,5140
1998/6/23,5240
1998/6/24,5240
1998/6/25,5100
1998/6/26,4950
1998/6/29,4950
1998/6/30,4800
1998/7/1,4820
1998/7/2,4890
1998/7/3,4860
1998/7/6,4770
1998/7/7,4730
1998/7/8,4730
1998/7/9,4640
1998/7/10,4690
1998/7/13,4680
1998/7/14,4780
1998/7/15,4840
1998/7/16,5140
1998/7/17,5140
1998/7/20,5120
1998/7/21,5120
1998/7/22,5050
1998/7/23,4940
1998/7/24,4940
1998/7/27,4820
1998/7/28,4800
1998/7/29,4790
1998/7/30,4870
1998/7/31,4850
1998/8/3,4740
1998/8/4,4660
1998/8/5,4550
1998/8/6,4520
1998/8/7,4390
1998/8/10,4180
1998/8/11,3990
1998/8/12,4000
1998/8/13,4020
1998/8/14,4060
1998/8/17,3970
1998/8/18,3850
1998/8/19,3820
1998/8/20,3460
1998/8/21,3170
1998/8/24,3180
1998/8/25,3270
1998/8/26,3230
1998/8/27,3040
1998/8/28,2900
1998/8/31,2900
1998/9/1,2840
1998/9/2,2950
1998/9/3,2730
1998/9/4,2740
1998/9/7,2770
1998/9/8,2860
1998/9/9,2820
1998/9/10,2690
1998/9/11,2710
1998/9/14,2750
1998/9/15,2860
1998/9/16,2940
1998/9/17,2920
1998/9/18,3010
1998/9/21,2980
1998/9/22,3130
1998/9/23,3370
1998/9/24,3440
1998/9/25,3480
1998/9/28,3730
1998/9/29,3770
1998/9/30,3890
1998/10/1,3600
1998/10/2,3680
1998/10/5,3520
1998/10/6,3540
1998/10/7,3510
1998/10/8,3490
1998/10/9,3620
1998/10/12,3620
1998/10/13,3620
1998/10/14,3620
1998/10/15,3560
1998/10/16,3550
1998/10/19,3520
1998/10/20,3430
1998/10/21,3310
1998/10/22,3380
1998/10/23,3540
1998/10/26,3630
1998/10/27,3650
1998/10/28,3530
1998/10/29,3510
1998/10/30,3630
1998/11/2,3720
1998/11/3,3940
1998/11/4,4010
1998/11/5,3870
1998/11/6,3940
1998/11/9,3810
1998/11/10,3690
1998/11/11,3680
1998/11/12,3600
1998/11/13,3610
1998/11/16,3610
1998/11/17,3700
1998/11/18,3810
1998/11/19,3900
1998/11/20,3950
1998/11/23,3860
1998/11/24,3680
1998/11/25,3730
1998/11/26,3920
1998/11/27,4120
1998/11/30,3940
1998/12/1,3960
1998/12/2,4100
1998/12/3,4090
1998/12/4,3920
1998/12/7,3920
1998/12/8,4790
1998/12/9,5720
1998/12/10,5140
1998/12/11,4610
1998/12/14,4400
1998/12/15,4460
1998/12/16,4500
1998/12/17,4440
1998/12/18,4460
1998/12/21,4560
1998/12/22,4550
1998/12/23,4660
1998/12/24,4700
1998/12/25,4700
1998/12/28,4750
1998/12/29,4730
1998/12/30,4760
1998/12/31,4790
1999/1/1,4790
1999/1/4,4720
1999/1/5,4630
1999/1/6,4620
1999/1/7,4550
1999/1/8,4660
1999/1/11,4660
1999/1/12,4350
1999/1/13,4220
1999/1/14,4120
1999/1/15,4180
1999/1/18,4190
1999/1/19,4050
1999/1/20,4060
1999/1/21,4000
1999/1/22,3920
1999/1/25,3920
1999/1/26,3990
1999/1/27,4100
1999/1/28,4080
1999/1/29,4190
1999/2/1,4350
1999/2/2,4220
1999/2/3,4200
1999/2/4,4200
1999/2/5,4130
1999/2/8,4170
1999/2/9,4170
1999/2/10,4180
1999/2/11,4150
1999/2/12,4100
1999/2/15,4100
1999/2/16,4100
1999/2/17,3940
1999/2/18,3850
1999/2/19,3820
1999/2/22,3900
1999/2/23,3890
1999/2/24,3850
1999/2/25,3790
1999/2/26,3810
1999/3/1,3820
1999/3/2,3790
1999/3/3,3740
1999/3/4,3730
1999/3/5,3710
1999/3/8,3750
1999/3/9,3790
1999/3/10,3840
1999/3/11,3970
1999/3/12,4020
1999/3/15,3960
1999/3/16,3990
1999/3/17,3980
1999/3/18,3970
1999/3/19,3970
1999/3/22,3950
1999/3/23,3860
1999/3/24,3820
1999/3/25,3820
1999/3/26,3830
1999/3/29,3890
1999/3/30,4070
1999/3/31,4130
1999/4/1,4130
1999/4/2,4130
1999/4/5,4290
1999/4/6,4470
1999/4/7,4350
1999/4/8,4250
1999/4/9,4210
1999/4/12,4220
1999/4/13,4170
1999/4/14,4200
1999/4/15,4580
1999/4/16,4950
1999/4/19,4950
1999/4/20,5030
1999/4/21,4990
1999/4/22,5100
1999/4/23,5280
1999/4/26,5460
1999/4/27,5460
1999/4/28,5550
1999/4/29,5460
1999/4/30,5520
1999/5/3,5470
1999/5/4,5610
1999/5/5,5660
1999/5/6,5900
1999/5/7,5900
1999/5/10,6250
1999/5/11,6390
1999/5/12,6310
1999/5/13,6530
1999/5/14,6360
1999/5/17,6360
1999/5/18,6210
1999/5/19,5960
1999/5/20,5800
1999/5/21,5690
1999/5/24,5610
1999/5/25,5390
1999/5/26,5550
1999/5/27,5590
1999/5/28,5580
1999/5/31,5530
1999/6/1,5470
1999/6/2,5470
1999/6/3,5690
1999/6/4,5690
1999/6/7,5690
1999/6/8,5850
1999/6/9,5800
1999/6/10,5750
1999/6/11,5690
1999/6/14,5650
1999/6/15,5690
1999/6/16,5650
1999/6/17,5590
1999/6/18,5550
1999/6/21,5560
1999/6/22,5520
1999/6/23,5460
1999/6/24,5460
1999/6/25,5450
1999/6/28,5450
1999/6/29,5370
1999/6/30,5370
1999/7/1,5200
1999/7/2,5170
1999/7/5,5170
1999/7/6,5100
1999/7/7,5160
1999/7/8,5200
1999/7/9,5210
1999/7/12,5150
1999/7/13,5130
1999/7/14,5200
1999/7/15,5210
1999/7/16,5230
1999/7/19,5240
1999/7/20,5190
1999/7/21,5160
1999/7/22,5140
1999/7/23,5090
1999/7/26,4950
1999/7/27,4730
1999/7/28,4810
1999/7/29,4860
1999/7/30,4950
1999/8/2,4820
1999/8/3,4680
1999/8/4,4690
1999/8/5,4610
1999/8/6,4650
1999/8/9,4620
1999/8/10,4540
1999/8/11,4500
1999/8/12,4540
1999/8/13,4550
1999/8/16,4610
1999/8/17,4580
1999/8/18,4680
1999/8/19,4760
1999/8/20,4740
1999/8/23,4650
1999/8/24,4660
1999/8/25,4620
1999/8/26,4610
1999/8/27,4520
1999/8/30,4400
1999/8/31,4290
1999/9/1,4370
1999/9/2,4410
1999/9/3,4480
1999/9/6,4470
1999/9/7,4430
1999/9/8,4430
1999/9/9,4620
1999/9/10,4890
1999/9/13,5010
1999/9/14,4890
1999/9/15,4940
1999/9/16,4930
1999/9/17,5060
1999/9/20,5380
1999/9/21,5290
1999/9/22,5330
1999/9/23,5690
1999/9/24,5790
1999/9/27,5900
1999/9/28,5750
1999/9/29,5830
1999/9/30,5800
1999/10/1,5640
1999/10/4,5580
1999/10/5,5480
1999/10/6,5600
1999/10/7,5630
1999/10/8,5590
1999/10/11,5570
1999/10/12,5570
1999/10/13,5480
1999/10/14,5450
1999/10/15,5320
1999/10/18,5220
1999/10/19,5260
1999/10/20,5150
1999/10/21,5190
1999/10/22,5330
1999/10/25,5470
1999/10/26,5610
1999/10/27,5570
1999/10/28,5550
1999/10/29,5630
1999/11/1,5630
1999/11/2,5770
1999/11/3,5810
1999/11/4,5860
1999/11/5,5820
1999/11/8,5600
1999/11/9,5570
1999/11/10,5600
1999/11/11,5650
1999/11/12,5600
1999/11/15,5490
1999/11/16,5550
1999/11/17,5600
1999/11/18,5550
1999/11/19,5550
1999/11/22,5480
1999/11/23,5460
1999/11/24,5400
1999/11/25,5350
1999/11/26,5250
1999/11/29,5150
1999/11/30,5160
1999/12/1,5120
1999/12/2,5150
1999/12/3,5290
1999/12/6,5290
1999/12/7,5240
1999/12/8,5190
1999/12/9,5170
1999/12/10,5180
1999/12/13,5160
1999/12/14,5350
1999/12/15,5350
1999/12/16,5350
1999/12/17,5350
1999/12/20,4860
1999/12/21,4910
1999/12/22,5010
1999/12/23,5160
1999/12/24,5170
1999/12/27,5200
1999/12/28,5130
1999/12/29,5190
1999/12/30,5420
